identifier_id,actor_id,identifier_type,identifier_value,source_id,first_seen,last_seen,confidence,status,observation_id
IDENT_000001,ACT_0001,handle,SilentTrace,SRC_002111,2024-02-10T20:28:06Z,2024-12-16T20:28:06Z,0.45,superseded,OBS_010516
IDENT_000002,ACT_0001,handle,SilentTrace,SRC_000177,2024-02-08T20:28:06Z,2024-12-14T20:28:06Z,0.68,superseded,
IDENT_000003,ACT_0001,handle,SilentTrace,SRC_000941,2024-02-08T20:28:06Z,2024-12-17T20:28:06Z,0.77,retired,OBS_004423
IDENT_000004,ACT_0002,handle,ShadowDrift,SRC_002549,2025-01-17T10:13:48Z,2025-02-24T10:13:48Z,0.42,active,
IDENT_000005,ACT_0003,handle,GreyRoot,SRC_005120,2024-08-09T18:21:03Z,2025-10-31T18:21:03Z,0.95,retired,OBS_014146
IDENT_000006,ACT_0003,handle,IronLedger,SRC_002225,2025-11-10T18:21:03Z,2026-09-01T00:00:00Z,0.89,active,OBS_009327
IDENT_000007,ACT_0004,handle,OnyxNode,SRC_003510,2026-05-02T04:44:17Z,2026-09-01T00:00:00Z,0.9,retired,
IDENT_000008,ACT_0004,handle,OnyxNode,SRC_001170,2026-04-27T04:44:17Z,2026-09-01T00:00:00Z,0.86,superseded,OBS_010815
IDENT_000009,ACT_0004,handle,OnyxNode,SRC_001411,2026-05-02T04:44:17Z,2026-09-01T00:00:00Z,0.48,retired,OBS_011955
IDENT_000010,ACT_0005,handle,SilentVector,SRC_002622,2026-07-08T07:09:23Z,2026-09-01T00:00:00Z,0.52,superseded,OBS_005942
IDENT_000011,ACT_0005,handle,CipherHollow,SRC_000736,2026-09-12T00:00:00Z,2026-09-01T00:00:00Z,0.46,active,OBS_014283
IDENT_000012,ACT_0005,handle,CipherHollow,SRC_002597,2026-09-12T00:00:00Z,2026-09-01T00:00:00Z,0.38,active,OBS_002532
IDENT_000013,ACT_0006,handle,ShadowForge,SRC_004860,2024-02-22T08:56:39Z,2024-07-08T08:56:39Z,0.94,superseded,OBS_005719
IDENT_000014,ACT_0006,handle,ForgeVector,SRC_004037,2024-08-20T08:56:39Z,2025-08-12T08:56:39Z,0.73,active,OBS_012269
IDENT_000015,ACT_0006,handle,RogueRoot,SRC_002879,2025-09-07T08:56:39Z,2025-12-08T08:56:39Z,0.95,active,
IDENT_000016,ACT_0006,handle,RogueRoot,SRC_000139,2025-09-06T08:56:39Z,2025-12-15T08:56:39Z,0.83,active,OBS_010892
IDENT_000017,ACT_0006,handle,RogueRoot,SRC_005829,2025-09-06T08:56:39Z,2025-12-12T08:56:39Z,0.72,active,OBS_008073
IDENT_000018,ACT_0007,handle,GhostForge71,SRC_001720,2024-05-29T13:12:42Z,2024-10-25T13:12:42Z,0.87,superseded,
IDENT_000019,ACT_0007,handle,GhostForge71,SRC_001176,2024-05-28T13:12:42Z,2024-10-25T13:12:42Z,0.89,superseded,
IDENT_000020,ACT_0007,handle,IronWolf81,SRC_004542,2024-11-30T13:12:42Z,2025-02-01T13:12:42Z,0.66,active,
IDENT_000021,ACT_0008,handle,RuneLedger,SRC_000507,2024-12-27T10:13:36Z,2025-03-11T10:13:36Z,0.79,superseded,OBS_001504
IDENT_000022,ACT_0008,handle,RuneLedger,SRC_005114,2024-12-31T10:13:36Z,2025-03-12T10:13:36Z,0.89,retired,OBS_007407
IDENT_000023,ACT_0008,handle,RuneLedger,SRC_002608,2024-12-31T10:13:36Z,2025-03-13T10:13:36Z,0.8,superseded,OBS_002717
IDENT_000024,ACT_0008,handle,IronCrow,SRC_000083,2025-04-07T10:13:36Z,2025-08-24T10:13:36Z,0.63,retired,
IDENT_000025,ACT_0008,handle,SilentPulse,SRC_003287,2025-09-30T10:13:36Z,2026-08-18T10:13:36Z,0.7,retired,
IDENT_000026,ACT_0008,handle,FrostMoth,SRC_005113,2026-09-20T10:13:36Z,2026-09-01T00:00:00Z,0.89,active,
IDENT_000027,ACT_0008,handle,FrostMoth,SRC_005074,2026-09-24T10:13:36Z,2026-09-01T00:00:00Z,0.75,active,
IDENT_000028,ACT_0009,handle,BlackHarbor,SRC_001643,2026-07-26T04:53:06Z,2026-09-01T00:00:00Z,0.5,superseded,
IDENT_000029,ACT_0009,handle,BlackHarbor,SRC_005284,2026-07-26T04:53:06Z,2026-09-01T00:00:00Z,0.91,retired,OBS_010226
IDENT_000030,ACT_0009,handle,CrimsonReaper,SRC_004046,2026-10-04T00:00:00Z,2026-09-01T00:00:00Z,0.66,retired,
IDENT_000031,ACT_0009,handle,AshSignal52,SRC_004896,2026-10-15T00:00:00Z,2026-09-01T00:00:00Z,0.47,retired,
IDENT_000032,ACT_0009,handle,AshSignal52,SRC_001433,2026-10-17T00:00:00Z,2026-09-01T00:00:00Z,0.92,retired,
IDENT_000033,ACT_0009,handle,WraithHex25,SRC_000751,2026-09-27T00:00:00Z,2026-09-01T00:00:00Z,0.92,retired,
IDENT_000034,ACT_0010,handle,SilentFox,SRC_004939,2026-05-21T20:43:57Z,2026-09-01T00:00:00Z,0.61,superseded,
IDENT_000035,ACT_0010,handle,SilentFox,SRC_003186,2026-05-22T20:43:57Z,2026-09-01T00:00:00Z,0.7,superseded,OBS_007980
IDENT_000036,ACT_0010,handle,HavocSpire71,SRC_003131,2026-09-22T00:00:00Z,2026-09-01T00:00:00Z,0.79,active,
IDENT_000037,ACT_0010,handle,HavocSpire71,SRC_001335,2026-09-20T00:00:00Z,2026-09-01T00:00:00Z,0.51,active,OBS_003060
IDENT_000038,ACT_0010,handle,HavocSpire71,SRC_000247,2026-09-22T00:00:00Z,2026-09-01T00:00:00Z,0.66,active,
IDENT_000039,ACT_0011,handle,StormMarrow12,SRC_001918,2026-04-26T12:53:27Z,2026-09-01T00:00:00Z,0.58,superseded,
IDENT_000040,ACT_0011,handle,IronSpecter,SRC_003588,2026-10-28T00:00:00Z,2026-09-01T00:00:00Z,0.76,active,OBS_010122
IDENT_000041,ACT_0011,handle,IronSpecter,SRC_003210,2026-10-30T00:00:00Z,2026-09-01T00:00:00Z,0.66,active,
IDENT_000042,ACT_0012,handle,ObsidianRoot49,SRC_005581,2024-12-12T10:37:19Z,2025-01-16T10:37:19Z,0.82,retired,
IDENT_000043,ACT_0012,handle,CipherSpire,SRC_000274,2025-02-05T10:37:19Z,2025-10-31T10:37:19Z,0.58,active,
IDENT_000044,ACT_0012,handle,CipherSpire,SRC_005339,2025-02-07T10:37:19Z,2025-10-29T10:37:19Z,0.71,active,
IDENT_000045,ACT_0013,handle,VectorPulse,SRC_001909,2026-07-08T09:25:01Z,2026-09-01T00:00:00Z,0.95,retired,
IDENT_000046,ACT_0013,handle,VectorPulse,SRC_000507,2026-07-08T09:25:01Z,2026-09-01T00:00:00Z,0.47,retired,
IDENT_000047,ACT_0013,handle,VectorPulse,SRC_004671,2026-07-04T09:25:01Z,2026-09-01T00:00:00Z,0.63,superseded,
IDENT_000048,ACT_0013,handle,VectorNode,SRC_003688,2026-10-19T00:00:00Z,2026-09-01T00:00:00Z,0.74,superseded,
IDENT_000049,ACT_0013,handle,VectorNode,SRC_003313,2026-10-18T00:00:00Z,2026-09-01T00:00:00Z,0.72,retired,OBS_007473
IDENT_000050,ACT_0013,handle,NightWarden,SRC_004635,2026-09-20T00:00:00Z,2026-09-01T00:00:00Z,0.72,superseded,
IDENT_000051,ACT_0014,handle,NightLedger,SRC_003125,2024-01-11T02:17:28Z,2024-10-30T02:17:28Z,0.6,retired,OBS_008090
IDENT_000052,ACT_0014,handle,HavocHollow,SRC_002971,2024-12-22T02:17:28Z,2025-10-09T02:17:28Z,0.78,active,
IDENT_000053,ACT_0015,handle,NullCipher,SRC_004537,2025-10-23T12:12:24Z,2026-09-01T00:00:00Z,0.34,retired,
IDENT_000054,ACT_0015,handle,NullCipher,SRC_001804,2025-10-19T12:12:24Z,2026-09-01T00:00:00Z,0.59,superseded,OBS_008181
IDENT_000055,ACT_0015,handle,IronFalcon73,SRC_001096,2026-10-27T00:00:00Z,2026-09-01T00:00:00Z,0.69,superseded,OBS_010139
IDENT_000056,ACT_0015,handle,IronFalcon73,SRC_004981,2026-11-01T00:00:00Z,2026-09-01T00:00:00Z,0.8,superseded,
IDENT_000057,ACT_0015,handle,SilverLedger,SRC_005131,2026-10-13T00:00:00Z,2026-09-01T00:00:00Z,0.85,retired,OBS_013577
IDENT_000058,ACT_0016,handle,PhantomHollow,SRC_001079,2025-03-08T15:47:40Z,2025-08-18T15:47:40Z,0.5,retired,OBS_011149
IDENT_000059,ACT_0016,handle,PhantomHollow,SRC_005271,2025-03-12T15:47:40Z,2025-08-21T15:47:40Z,0.82,superseded,
IDENT_000060,ACT_0016,handle,ChromeGrid,SRC_005137,2025-09-05T15:47:40Z,2026-02-20T15:47:40Z,0.75,active,OBS_012525
IDENT_000061,ACT_0017,handle,ChromeSignal,SRC_003273,2024-12-01T11:28:43Z,2025-06-18T11:28:43Z,0.83,superseded,OBS_010399
IDENT_000062,ACT_0017,handle,ChromeSignal,SRC_001847,2024-12-04T11:28:43Z,2025-06-13T11:28:43Z,0.4,superseded,OBS_013947
IDENT_000063,ACT_0017,handle,UmbraSpire59,SRC_000792,2025-08-08T11:28:43Z,2026-07-25T11:28:43Z,0.3,retired,
IDENT_000064,ACT_0017,handle,UmbraSpire59,SRC_000400,2025-08-12T11:28:43Z,2026-07-22T11:28:43Z,0.96,superseded,
IDENT_000065,ACT_0017,handle,UmbraSpire59,SRC_002705,2025-08-12T11:28:43Z,2026-07-28T11:28:43Z,0.66,superseded,
IDENT_000066,ACT_0017,handle,BlackCipher,SRC_004119,2026-08-31T11:28:43Z,2026-09-01T00:00:00Z,0.77,active,
IDENT_000067,ACT_0018,handle,DriftTrace,SRC_000097,2024-06-09T18:40:31Z,2025-10-04T18:40:31Z,0.56,superseded,OBS_012074
IDENT_000068,ACT_0018,handle,GreyRunner,SRC_003964,2025-10-19T18:40:31Z,2026-09-01T00:00:00Z,0.69,retired,
IDENT_000069,ACT_0019,handle,VoidDrift,SRC_000792,2025-08-17T04:42:59Z,2026-09-01T00:00:00Z,0.5,retired,OBS_006845
IDENT_000070,ACT_0019,handle,EmberWolf,SRC_004969,2026-10-14T00:00:00Z,2026-09-01T00:00:00Z,0.7,active,
IDENT_000071,ACT_0020,handle,ChromeHarbor,SRC_000881,2025-07-14T15:43:16Z,2025-10-25T15:43:16Z,0.79,superseded,OBS_005234
IDENT_000072,ACT_0020,handle,ChromeHarbor,SRC_002850,2025-07-11T15:43:16Z,2025-10-26T15:43:16Z,0.86,superseded,OBS_000230
IDENT_000073,ACT_0020,handle,BlackRoot71,SRC_001156,2025-11-04T15:43:16Z,2026-02-28T15:43:16Z,0.82,superseded,
IDENT_000074,ACT_0020,handle,ZeroOrbit,SRC_005194,2026-03-13T15:43:16Z,2026-09-01T00:00:00Z,0.68,superseded,OBS_007204
IDENT_000075,ACT_0020,handle,ZeroOrbit,SRC_003232,2026-03-11T15:43:16Z,2026-09-01T00:00:00Z,0.68,retired,
IDENT_000076,ACT_0020,handle,EmberNode,SRC_002901,2026-09-19T00:00:00Z,2026-09-01T00:00:00Z,0.51,retired,
IDENT_000077,ACT_0020,handle,EmberNode,SRC_004863,2026-09-18T00:00:00Z,2026-09-01T00:00:00Z,0.82,retired,OBS_005025
IDENT_000078,ACT_0020,handle,EmberNode,SRC_004295,2026-09-23T00:00:00Z,2026-09-01T00:00:00Z,0.88,superseded,
IDENT_000079,ACT_0020,handle,NightCipher,SRC_002844,2026-10-31T00:00:00Z,2026-09-01T00:00:00Z,0.63,active,
IDENT_000080,ACT_0021,handle,ShadowForge,SRC_002804,2026-07-27T20:32:16Z,2026-09-01T00:00:00Z,0.56,retired,OBS_007448
IDENT_000081,ACT_0021,handle,ShadowForge,SRC_001300,2026-07-31T20:32:16Z,2026-09-01T00:00:00Z,0.83,retired,OBS_000412
IDENT_000082,ACT_0021,handle,ShadowForge,SRC_002337,2026-07-30T20:32:16Z,2026-09-01T00:00:00Z,0.72,retired,
IDENT_000083,ACT_0021,handle,NullPulse,SRC_002766,2026-09-21T00:00:00Z,2026-09-01T00:00:00Z,0.4,retired,
IDENT_000084,ACT_0021,handle,StormWolf89,SRC_003458,2026-10-03T00:00:00Z,2026-09-01T00:00:00Z,0.87,superseded,OBS_012758
IDENT_000085,ACT_0021,handle,StormWolf89,SRC_000875,2026-09-29T00:00:00Z,2026-09-01T00:00:00Z,0.61,retired,
IDENT_000086,ACT_0021,handle,StormWolf89,SRC_002282,2026-10-04T00:00:00Z,2026-09-01T00:00:00Z,0.76,superseded,
IDENT_000087,ACT_0021,handle,StormLedger,SRC_003415,2026-09-13T00:00:00Z,2026-09-01T00:00:00Z,0.99,retired,OBS_011723
IDENT_000088,ACT_0021,handle,StormLedger,SRC_005715,2026-09-13T00:00:00Z,2026-09-01T00:00:00Z,0.63,superseded,OBS_005321
IDENT_000089,ACT_0021,handle,StormLedger,SRC_001177,2026-09-14T00:00:00Z,2026-09-01T00:00:00Z,0.71,superseded,OBS_011994
IDENT_000090,ACT_0022,handle,CrimsonVector47,SRC_002287,2024-03-11T11:56:59Z,2025-07-12T11:56:59Z,0.93,active,
IDENT_000091,ACT_0023,handle,GreyOrbit,SRC_002437,2026-04-13T00:01:56Z,2026-09-01T00:00:00Z,0.7,retired,OBS_007775
IDENT_000092,ACT_0023,handle,GreySentinel,SRC_000182,2026-09-10T00:00:00Z,2026-09-01T00:00:00Z,0.82,retired,OBS_011122
IDENT_000093,ACT_0023,handle,SilverPulse,SRC_000159,2026-10-02T00:00:00Z,2026-09-01T00:00:00Z,0.46,superseded,OBS_011358
IDENT_000094,ACT_0023,handle,NullEcho,SRC_005638,2026-10-27T00:00:00Z,2026-09-01T00:00:00Z,0.69,active,OBS_002467
IDENT_000095,ACT_0024,handle,WraithSpire,SRC_001955,2025-08-16T00:47:04Z,2026-08-18T00:47:04Z,0.67,superseded,OBS_003984
IDENT_000096,ACT_0024,handle,OnyxEcho,SRC_001534,2026-10-16T00:47:04Z,2026-09-01T00:00:00Z,0.59,superseded,
IDENT_000097,ACT_0024,handle,VectorHarbor,SRC_005032,2026-10-26T00:00:00Z,2026-09-01T00:00:00Z,0.7,active,OBS_006569
IDENT_000098,ACT_0025,handle,DarkMarrow,SRC_005267,2026-05-09T13:33:59Z,2026-09-01T00:00:00Z,0.71,superseded,
IDENT_000099,ACT_0025,handle,TalonEcho,SRC_001540,2026-09-26T00:00:00Z,2026-09-01T00:00:00Z,0.75,superseded,OBS_000585
IDENT_000100,ACT_0025,handle,TalonEcho,SRC_004371,2026-09-24T00:00:00Z,2026-09-01T00:00:00Z,0.73,superseded,OBS_000496
IDENT_000101,ACT_0025,handle,ChromeOrbit,SRC_003814,2026-09-03T00:00:00Z,2026-09-01T00:00:00Z,0.63,retired,
IDENT_000102,ACT_0025,handle,GhostSentinel,SRC_001591,2026-10-29T00:00:00Z,2026-09-01T00:00:00Z,0.91,superseded,
IDENT_000103,ACT_0026,handle,ChromeMarrow,SRC_002314,2025-07-17T18:43:51Z,2025-09-03T18:43:51Z,0.94,retired,OBS_007329
IDENT_000104,ACT_0026,handle,RuneCrow,SRC_000019,2025-09-06T18:43:51Z,2026-02-19T18:43:51Z,0.8,retired,OBS_007966
IDENT_000105,ACT_0026,handle,BlackDrift,SRC_003876,2026-02-21T18:43:51Z,2026-09-01T00:00:00Z,0.84,superseded,
IDENT_000106,ACT_0026,handle,ZeroFox,SRC_005022,2026-10-27T00:00:00Z,2026-09-01T00:00:00Z,0.76,active,
IDENT_000107,ACT_0026,handle,ZeroFox,SRC_000875,2026-10-24T00:00:00Z,2026-09-01T00:00:00Z,0.8,active,
IDENT_000108,ACT_0027,handle,RuneWarden,SRC_003051,2024-04-18T01:12:14Z,2024-06-17T01:12:14Z,0.48,retired,OBS_005170
IDENT_000109,ACT_0027,handle,RuneWarden,SRC_002107,2024-04-20T01:12:14Z,2024-06-19T01:12:14Z,0.67,superseded,OBS_009134
IDENT_000110,ACT_0027,handle,CrimsonWolf,SRC_004610,2024-07-26T01:12:14Z,2025-10-12T01:12:14Z,0.73,superseded,
IDENT_000111,ACT_0028,handle,OnyxPulse,SRC_003515,2024-12-21T00:39:48Z,2025-05-08T00:39:48Z,0.8,active,
IDENT_000112,ACT_0029,handle,GhostShade,SRC_002553,2024-05-07T22:51:37Z,2025-04-20T22:51:37Z,0.81,retired,OBS_012235
IDENT_000113,ACT_0029,handle,ChromeHex39,SRC_002437,2025-05-10T22:51:37Z,2026-03-03T22:51:37Z,0.51,active,
IDENT_000114,ACT_0030,handle,CrimsonForge,SRC_005487,2024-06-07T21:36:22Z,2024-12-03T21:36:22Z,0.59,superseded,OBS_014425
IDENT_000115,ACT_0030,handle,CrimsonForge,SRC_005537,2024-06-09T21:36:22Z,2024-12-03T21:36:22Z,0.75,retired,
IDENT_000116,ACT_0030,handle,SilentOrbit,SRC_002798,2025-01-11T21:36:22Z,2025-08-28T21:36:22Z,0.53,retired,OBS_011865
IDENT_000117,ACT_0030,handle,SilentOrbit,SRC_004186,2025-01-09T21:36:22Z,2025-08-30T21:36:22Z,0.89,superseded,
IDENT_000118,ACT_0030,handle,OnyxRoot,SRC_001858,2025-10-05T21:36:22Z,2026-08-21T21:36:22Z,0.8,active,
IDENT_000119,ACT_0030,handle,OnyxRoot,SRC_005763,2025-10-06T21:36:22Z,2026-08-23T21:36:22Z,0.47,active,OBS_011524
IDENT_000120,ACT_0031,handle,StormMarrow37,SRC_005617,2025-03-11T19:36:25Z,2025-07-29T19:36:25Z,0.9,retired,
IDENT_000121,ACT_0031,handle,WraithWarden,SRC_001826,2025-08-21T19:36:25Z,2026-03-09T19:36:25Z,0.94,retired,
IDENT_000122,ACT_0031,handle,WraithWarden,SRC_004665,2025-08-23T19:36:25Z,2026-03-11T19:36:25Z,0.97,retired,OBS_010081
IDENT_000123,ACT_0031,handle,RogueReaper,SRC_005201,2026-04-01T19:36:25Z,2026-09-01T00:00:00Z,0.89,active,OBS_002194
IDENT_000124,ACT_0032,handle,RuneEcho,SRC_004990,2025-07-21T17:55:46Z,2026-07-25T17:55:46Z,0.49,superseded,OBS_011080
IDENT_000125,ACT_0032,handle,RuneEcho,SRC_003093,2025-07-23T17:55:46Z,2026-07-29T17:55:46Z,0.74,superseded,OBS_009754
IDENT_000126,ACT_0032,handle,RuneEcho,SRC_003541,2025-07-22T17:55:46Z,2026-07-30T17:55:46Z,0.9,superseded,OBS_001054
IDENT_000127,ACT_0032,handle,VoidHollow,SRC_002148,2026-07-29T17:55:46Z,2026-09-01T00:00:00Z,0.92,active,
IDENT_000128,ACT_0032,handle,VoidHollow,SRC_004457,2026-07-28T17:55:46Z,2026-09-01T00:00:00Z,0.87,active,OBS_001548
IDENT_000129,ACT_0033,handle,TalonSentinel,SRC_005213,2025-08-02T01:20:48Z,2026-02-09T01:20:48Z,0.62,active,
IDENT_000130,ACT_0033,handle,TalonSentinel,SRC_001992,2025-07-29T01:20:48Z,2026-02-09T01:20:48Z,0.83,active,OBS_004621
IDENT_000131,ACT_0034,handle,DarkVector32,SRC_003438,2024-11-23T10:59:17Z,2025-08-31T10:59:17Z,0.42,superseded,OBS_014014
IDENT_000132,ACT_0034,handle,HavocSentinel54,SRC_003535,2025-10-05T10:59:17Z,2026-09-01T00:00:00Z,0.68,superseded,OBS_002592
IDENT_000133,ACT_0034,handle,PhantomOrbit,SRC_003410,2026-10-14T00:00:00Z,2026-09-01T00:00:00Z,0.79,retired,
IDENT_000134,ACT_0034,handle,ObsidianMoth89,SRC_000842,2026-10-04T00:00:00Z,2026-09-01T00:00:00Z,0.75,active,
IDENT_000135,ACT_0035,handle,CrimsonMoth,SRC_002053,2024-04-24T22:04:42Z,2025-05-11T22:04:42Z,0.78,retired,OBS_013051
IDENT_000136,ACT_0035,handle,RogueLedger,SRC_002885,2025-06-19T22:04:42Z,2026-09-01T00:00:00Z,0.52,superseded,
IDENT_000137,ACT_0035,handle,BlackReaper60,SRC_002326,2026-10-31T00:00:00Z,2026-09-01T00:00:00Z,0.7,retired,OBS_013197
IDENT_000138,ACT_0035,handle,StormDrift,SRC_002258,2026-10-09T00:00:00Z,2026-09-01T00:00:00Z,0.61,superseded,
IDENT_000139,ACT_0035,handle,RogueDrift,SRC_001838,2026-10-30T00:00:00Z,2026-09-01T00:00:00Z,0.71,superseded,
IDENT_000140,ACT_0035,handle,RogueDrift,SRC_002657,2026-10-29T00:00:00Z,2026-09-01T00:00:00Z,0.79,superseded,OBS_011701
IDENT_000141,ACT_0036,handle,TalonSpire,SRC_003776,2026-04-09T18:10:40Z,2026-09-01T00:00:00Z,0.66,retired,OBS_011766
IDENT_000142,ACT_0036,handle,TalonSpire,SRC_004854,2026-04-11T18:10:40Z,2026-09-01T00:00:00Z,0.61,retired,OBS_009861
IDENT_000143,ACT_0036,handle,TalonSpire,SRC_000819,2026-04-14T18:10:40Z,2026-09-01T00:00:00Z,0.84,superseded,OBS_006416
IDENT_000144,ACT_0036,handle,OnyxHex,SRC_000034,2026-09-14T00:00:00Z,2026-09-01T00:00:00Z,0.67,retired,OBS_011868
IDENT_000145,ACT_0036,handle,IronMarrow,SRC_000551,2026-10-25T00:00:00Z,2026-09-01T00:00:00Z,0.73,retired,OBS_010925
IDENT_000146,ACT_0037,handle,AshMoth,SRC_002848,2024-09-11T20:05:11Z,2024-11-18T20:05:11Z,0.91,superseded,
IDENT_000147,ACT_0037,handle,AshMoth,SRC_004491,2024-09-11T20:05:11Z,2024-11-20T20:05:11Z,0.69,superseded,OBS_000802
IDENT_000148,ACT_0037,handle,VoidMoth,SRC_004964,2025-01-03T20:05:11Z,2025-07-24T20:05:11Z,0.83,retired,OBS_000802
IDENT_000149,ACT_0038,handle,VectorVector,SRC_001440,2025-08-17T11:07:27Z,2025-10-19T11:07:27Z,0.79,retired,OBS_008897
IDENT_000150,ACT_0038,handle,CrimsonLedger,SRC_002675,2025-11-14T11:07:27Z,2026-07-19T11:07:27Z,0.51,active,OBS_004574
IDENT_000151,ACT_0038,handle,CrimsonLedger,SRC_003842,2025-11-13T11:07:27Z,2026-07-17T11:07:27Z,0.89,active,OBS_014044
IDENT_000152,ACT_0039,handle,UmbraWarden,SRC_002768,2026-05-18T04:35:29Z,2026-07-03T04:35:29Z,0.77,retired,OBS_001687
IDENT_000153,ACT_0039,handle,UmbraWarden,SRC_005204,2026-05-16T04:35:29Z,2026-07-02T04:35:29Z,0.83,superseded,OBS_000516
IDENT_000154,ACT_0040,handle,FrostWolf,SRC_004077,2025-05-18T18:08:11Z,2025-11-18T18:08:11Z,0.57,retired,OBS_013722
IDENT_000155,ACT_0040,handle,ObsidianHex,SRC_004271,2026-01-08T18:08:11Z,2026-09-01T00:00:00Z,0.85,retired,OBS_001679
IDENT_000156,ACT_0040,handle,StormPulse,SRC_001892,2026-10-02T00:00:00Z,2026-09-01T00:00:00Z,0.43,superseded,
IDENT_000157,ACT_0040,handle,StormPulse,SRC_000111,2026-10-02T00:00:00Z,2026-09-01T00:00:00Z,0.55,retired,
IDENT_000158,ACT_0040,handle,RuneMoth,SRC_003699,2026-10-15T00:00:00Z,2026-09-01T00:00:00Z,0.83,retired,
IDENT_000159,ACT_0040,handle,ChromeShade,SRC_000991,2026-10-01T00:00:00Z,2026-09-01T00:00:00Z,0.4,active,OBS_000653
IDENT_000160,ACT_0040,handle,ChromeShade,SRC_002658,2026-10-01T00:00:00Z,2026-09-01T00:00:00Z,0.53,active,
IDENT_000161,ACT_0041,handle,RogueSpire80,SRC_002896,2024-12-23T19:31:51Z,2025-10-30T19:31:51Z,0.78,active,
IDENT_000162,ACT_0042,handle,ObsidianWarden,SRC_004890,2025-05-09T00:56:31Z,2025-06-25T00:56:31Z,0.88,superseded,OBS_014180
IDENT_000163,ACT_0042,handle,AshFox60,SRC_003911,2025-06-26T00:56:31Z,2025-10-27T00:56:31Z,0.81,retired,OBS_003186
IDENT_000164,ACT_0042,handle,CipherFalcon,SRC_001756,2025-10-28T00:56:31Z,2026-07-26T00:56:31Z,0.7,active,OBS_005496
IDENT_000165,ACT_0043,handle,UmbraRoot,SRC_005844,2025-02-21T22:06:12Z,2026-04-10T22:06:12Z,0.33,retired,OBS_002791
IDENT_000166,ACT_0043,handle,UmbraRoot,SRC_004997,2025-02-20T22:06:12Z,2026-04-19T22:06:12Z,0.61,superseded,
IDENT_000167,ACT_0043,handle,CrimsonCrow,SRC_001231,2026-06-08T22:06:12Z,2026-09-01T00:00:00Z,0.77,active,OBS_013101
IDENT_000168,ACT_0043,handle,CrimsonCrow,SRC_001029,2026-06-07T22:06:12Z,2026-09-01T00:00:00Z,0.92,active,OBS_006763
IDENT_000169,ACT_0044,handle,GreyMoth,SRC_005482,2024-11-28T18:00:37Z,2026-01-31T18:00:37Z,0.87,superseded,
IDENT_000170,ACT_0044,handle,GreyMoth,SRC_005643,2024-11-28T18:00:37Z,2026-01-27T18:00:37Z,0.3,retired,OBS_014068
IDENT_000171,ACT_0044,handle,GreyMoth,SRC_002645,2024-11-24T18:00:37Z,2026-02-05T18:00:37Z,0.82,superseded,OBS_011178
IDENT_000172,ACT_0044,handle,NightSentinel32,SRC_004362,2026-03-13T18:00:37Z,2026-07-20T18:00:37Z,0.84,retired,
IDENT_000173,ACT_0044,handle,SilentNode,SRC_003889,2026-09-16T18:00:37Z,2026-09-01T00:00:00Z,0.97,active,OBS_000736
IDENT_000174,ACT_0045,handle,VectorCrow,SRC_003793,2024-12-01T07:17:31Z,2025-03-24T07:17:31Z,0.81,retired,
IDENT_000175,ACT_0045,handle,UmbraMarrow,SRC_001583,2025-04-30T07:17:31Z,2025-11-12T07:17:31Z,0.72,retired,
IDENT_000176,ACT_0045,handle,PhantomWolf,SRC_005198,2025-11-15T07:17:31Z,2026-09-01T00:00:00Z,0.76,superseded,
IDENT_000177,ACT_0045,handle,PhantomWolf,SRC_005608,2025-11-15T07:17:31Z,2026-09-01T00:00:00Z,0.96,superseded,OBS_009195
IDENT_000178,ACT_0046,handle,ObsidianFalcon,SRC_004393,2025-09-07T14:13:34Z,2026-01-19T14:13:34Z,0.76,superseded,
IDENT_000179,ACT_0046,handle,PhantomGrid,SRC_003652,2026-01-21T14:13:34Z,2026-06-30T14:13:34Z,0.86,superseded,
IDENT_000180,ACT_0046,handle,PhantomGrid,SRC_002002,2026-01-23T14:13:34Z,2026-06-25T14:13:34Z,0.87,superseded,OBS_010214
IDENT_000181,ACT_0046,handle,PhantomGrid,SRC_001142,2026-01-22T14:13:34Z,2026-06-27T14:13:34Z,0.89,superseded,
IDENT_000182,ACT_0046,handle,VectorSentinel,SRC_003593,2026-06-30T14:13:34Z,2026-09-01T00:00:00Z,0.76,retired,
IDENT_000183,ACT_0046,handle,WraithHarbor,SRC_004943,2026-10-10T00:00:00Z,2026-09-01T00:00:00Z,0.86,active,
IDENT_000184,ACT_0047,handle,StormFox,SRC_002004,2024-08-09T22:38:20Z,2024-10-14T22:38:20Z,0.56,retired,
IDENT_000185,ACT_0047,handle,StormFox,SRC_003797,2024-08-09T22:38:20Z,2024-10-13T22:38:20Z,0.48,retired,OBS_010818
IDENT_000186,ACT_0047,handle,StormFox,SRC_004805,2024-08-13T22:38:20Z,2024-10-22T22:38:20Z,0.54,retired,
IDENT_000187,ACT_0047,handle,AshForge54,SRC_001866,2024-11-19T22:38:20Z,2026-02-12T22:38:20Z,0.89,active,
IDENT_000188,ACT_0048,handle,CrimsonTrace,SRC_002405,2024-08-04T21:47:44Z,2025-11-06T21:47:44Z,0.63,active,
IDENT_000189,ACT_0048,handle,CrimsonTrace,SRC_002244,2024-08-04T21:47:44Z,2025-11-04T21:47:44Z,0.33,active,OBS_005827
IDENT_000190,ACT_0049,handle,EmberSignal,SRC_001645,2026-05-25T01:19:15Z,2026-09-01T00:00:00Z,0.98,retired,
IDENT_000191,ACT_0050,handle,FrostReaper,SRC_000010,2026-07-01T02:56:43Z,2026-09-01T00:00:00Z,0.85,superseded,
IDENT_000192,ACT_0050,handle,CipherForge,SRC_002142,2026-10-13T00:00:00Z,2026-09-01T00:00:00Z,0.81,retired,OBS_013971
IDENT_000193,ACT_0050,handle,GhostCrow,SRC_004658,2026-11-03T00:00:00Z,2026-09-01T00:00:00Z,0.87,superseded,OBS_011591
IDENT_000194,ACT_0050,handle,RogueWarden,SRC_000342,2026-10-20T00:00:00Z,2026-09-01T00:00:00Z,0.62,retired,
IDENT_000195,ACT_0050,handle,ShadowNode,SRC_001654,2026-09-25T00:00:00Z,2026-09-01T00:00:00Z,0.94,active,OBS_000789
IDENT_000196,ACT_0051,handle,GreyEcho,SRC_000784,2026-06-25T11:41:03Z,2026-09-01T00:00:00Z,0.71,superseded,OBS_001498
IDENT_000197,ACT_0051,handle,GreyEcho,SRC_000321,2026-06-27T11:41:03Z,2026-09-01T00:00:00Z,0.65,retired,
IDENT_000198,ACT_0051,handle,GreyEcho,SRC_001971,2026-06-26T11:41:03Z,2026-09-01T00:00:00Z,0.74,superseded,
IDENT_000199,ACT_0051,handle,SilverGrid,SRC_005400,2026-11-02T00:00:00Z,2026-09-01T00:00:00Z,0.76,superseded,OBS_000345
IDENT_000200,ACT_0051,handle,EmberOrbit93,SRC_004349,2026-09-04T00:00:00Z,2026-09-01T00:00:00Z,0.7,superseded,
IDENT_000201,ACT_0051,handle,FrostSignal,SRC_003403,2026-10-06T00:00:00Z,2026-09-01T00:00:00Z,0.93,active,
IDENT_000202,ACT_0051,handle,FrostSignal,SRC_000728,2026-10-08T00:00:00Z,2026-09-01T00:00:00Z,0.3,active,
IDENT_000203,ACT_0051,handle,FrostSignal,SRC_004837,2026-10-04T00:00:00Z,2026-09-01T00:00:00Z,0.85,active,OBS_013071
IDENT_000204,ACT_0052,handle,IronRunner,SRC_000538,2025-07-17T08:12:20Z,2026-02-25T08:12:20Z,0.89,retired,
IDENT_000205,ACT_0052,handle,StormHollow,SRC_004675,2026-03-24T08:12:20Z,2026-09-01T00:00:00Z,0.88,retired,
IDENT_000206,ACT_0052,handle,StormHollow,SRC_002471,2026-03-24T08:12:20Z,2026-09-01T00:00:00Z,0.84,retired,
IDENT_000207,ACT_0052,handle,StormHollow,SRC_000545,2026-03-24T08:12:20Z,2026-09-01T00:00:00Z,0.81,retired,
IDENT_000208,ACT_0052,handle,ZeroTrace,SRC_000447,2026-10-11T00:00:00Z,2026-09-01T00:00:00Z,0.56,active,OBS_009324
IDENT_000209,ACT_0053,handle,IronHarbor,SRC_001255,2024-08-02T21:22:52Z,2025-02-13T21:22:52Z,0.51,superseded,OBS_013848
IDENT_000210,ACT_0053,handle,IronHarbor,SRC_001304,2024-08-02T21:22:52Z,2025-02-11T21:22:52Z,0.89,retired,
IDENT_000211,ACT_0053,handle,OnyxFang,SRC_000443,2025-02-17T21:22:52Z,2026-03-15T21:22:52Z,0.49,superseded,OBS_005249
IDENT_000212,ACT_0053,handle,DarkOrbit,SRC_000682,2026-03-20T21:22:52Z,2026-09-01T00:00:00Z,0.9,retired,OBS_004143
IDENT_000213,ACT_0054,handle,UmbraHollow,SRC_002571,2026-02-06T15:36:14Z,2026-04-30T15:36:14Z,0.72,superseded,OBS_004862
IDENT_000214,ACT_0054,handle,UmbraHollow,SRC_002182,2026-02-06T15:36:14Z,2026-05-03T15:36:14Z,0.4,retired,OBS_001836
IDENT_000215,ACT_0054,handle,DarkRunner,SRC_005472,2026-06-20T15:36:14Z,2026-09-01T00:00:00Z,0.89,retired,
IDENT_000216,ACT_0054,handle,DarkRunner,SRC_003375,2026-06-21T15:36:14Z,2026-09-01T00:00:00Z,0.93,superseded,OBS_008881
IDENT_000217,ACT_0054,handle,DarkRunner,SRC_004268,2026-06-24T15:36:14Z,2026-09-01T00:00:00Z,0.6,retired,OBS_008357
IDENT_000218,ACT_0054,handle,ShadowGrid,SRC_002767,2026-09-21T00:00:00Z,2026-09-01T00:00:00Z,0.76,active,OBS_002688
IDENT_000219,ACT_0054,handle,ShadowGrid,SRC_005677,2026-09-22T00:00:00Z,2026-09-01T00:00:00Z,0.82,active,
IDENT_000220,ACT_0055,handle,StormRunner,SRC_002529,2024-03-18T04:37:32Z,2024-06-19T04:37:32Z,0.42,superseded,OBS_003467
IDENT_000221,ACT_0055,handle,HavocSentinel,SRC_003271,2024-07-29T04:37:32Z,2025-11-15T04:37:32Z,0.75,active,
IDENT_000222,ACT_0055,handle,HavocSentinel,SRC_003055,2024-08-01T04:37:32Z,2025-11-18T04:37:32Z,0.87,active,OBS_006615
IDENT_000223,ACT_0056,handle,VoidNode,SRC_000895,2024-08-30T10:20:14Z,2025-03-20T10:20:14Z,0.59,superseded,
IDENT_000224,ACT_0056,handle,NightCrow,SRC_000133,2025-03-29T10:20:14Z,2025-12-30T10:20:14Z,0.91,superseded,
IDENT_000225,ACT_0056,handle,TalonCipher,SRC_004181,2026-01-08T10:20:14Z,2026-03-21T10:20:14Z,0.65,superseded,OBS_000063
IDENT_000226,ACT_0056,handle,AshShade20,SRC_002545,2026-04-19T10:20:14Z,2026-09-01T00:00:00Z,0.59,superseded,
IDENT_000227,ACT_0056,handle,AshShade20,SRC_000978,2026-04-20T10:20:14Z,2026-09-01T00:00:00Z,0.76,superseded,OBS_008292
IDENT_000228,ACT_0056,handle,VoidCipher,SRC_004457,2026-10-09T00:00:00Z,2026-09-01T00:00:00Z,0.48,retired,
IDENT_000229,ACT_0057,handle,CrimsonDrift,SRC_003835,2025-10-21T19:15:51Z,2026-09-01T00:00:00Z,0.85,retired,OBS_000960
IDENT_000230,ACT_0057,handle,DriftReaper,SRC_003870,2026-09-16T00:00:00Z,2026-09-01T00:00:00Z,0.72,active,OBS_013642
IDENT_000231,ACT_0057,handle,DriftReaper,SRC_002169,2026-09-17T00:00:00Z,2026-09-01T00:00:00Z,0.48,active,OBS_000188
IDENT_000232,ACT_0058,handle,PhantomDrift95,SRC_000549,2025-08-23T17:09:54Z,2025-11-11T17:09:54Z,0.94,retired,
IDENT_000233,ACT_0058,handle,DarkSignal,SRC_003651,2025-12-28T17:09:54Z,2026-09-01T00:00:00Z,0.6,active,
IDENT_000234,ACT_0059,handle,NullWolf,SRC_004374,2026-07-14T16:19:50Z,2026-09-01T00:00:00Z,0.53,retired,OBS_003573
IDENT_000235,ACT_0059,handle,NullWolf,SRC_003591,2026-07-16T16:19:50Z,2026-09-01T00:00:00Z,0.82,superseded,
IDENT_000236,ACT_0059,handle,FrostRunner37,SRC_004157,2026-10-12T00:00:00Z,2026-09-01T00:00:00Z,0.89,retired,
IDENT_000237,ACT_0059,handle,FrostRunner37,SRC_005213,2026-10-10T00:00:00Z,2026-09-01T00:00:00Z,0.6,superseded,OBS_011743
IDENT_000238,ACT_0059,handle,VectorHex,SRC_000445,2026-09-20T00:00:00Z,2026-09-01T00:00:00Z,0.32,active,
IDENT_000239,ACT_0059,handle,VectorHex,SRC_001509,2026-09-24T00:00:00Z,2026-09-01T00:00:00Z,0.7,active,
IDENT_000240,ACT_0060,handle,CipherEcho,SRC_000608,2026-04-05T22:48:45Z,2026-09-01T00:00:00Z,0.63,superseded,OBS_007843
IDENT_000241,ACT_0001,pgp,PGP_SYN_0094,SRC_003648,2024-04-06T20:28:06Z,2024-10-21T20:28:06Z,0.82,revoked,OBS_004101
IDENT_000242,ACT_0017,pgp,PGP_SYN_0094,SRC_003044,2024-12-14T11:28:43Z,2025-12-31T11:28:43Z,0.94,active,
IDENT_000243,ACT_0025,pgp,PGP_SYN_0054,SRC_001417,2026-07-04T13:33:59Z,2026-09-01T00:00:00Z,0.77,revoked,OBS_005455
IDENT_000244,ACT_0047,pgp,PGP_SYN_0054,SRC_004929,2024-09-09T22:38:20Z,2025-10-06T22:38:20Z,0.77,active,OBS_003570
IDENT_000245,ACT_0002,pgp,PGP_SYN_0091,SRC_002471,2025-02-23T10:13:48Z,2025-11-25T10:13:48Z,0.47,revoked,OBS_004694
IDENT_000246,ACT_0057,pgp,PGP_SYN_0091,SRC_002932,2025-10-24T19:15:51Z,2026-09-01T00:00:00Z,0.95,revoked,
IDENT_000247,ACT_0003,pgp,PGP_SYN_0048,SRC_002060,2024-09-12T18:21:03Z,2024-12-01T18:21:03Z,0.71,active,OBS_008722
IDENT_000248,ACT_0004,pgp,PGP_SYN_0087,SRC_003087,2026-06-20T04:44:17Z,2026-09-01T00:00:00Z,0.64,active,OBS_013245
IDENT_000249,ACT_0006,pgp,PGP_SYN_0024,SRC_001602,2024-04-17T08:56:39Z,2026-03-07T08:56:39Z,0.72,active,
IDENT_000250,ACT_0007,pgp,PGP_SYN_0081,SRC_002315,2024-07-12T13:12:42Z,2025-05-12T13:12:42Z,0.53,active,OBS_001009
IDENT_000251,ACT_0008,pgp,PGP_SYN_0078,SRC_004143,2025-01-08T10:13:36Z,2026-05-02T10:13:36Z,0.84,active,
IDENT_000252,ACT_0009,pgp,PGP_SYN_0062,SRC_005698,2026-09-20T04:53:06Z,2026-09-01T00:00:00Z,0.75,revoked,
IDENT_000253,ACT_0010,pgp,PGP_SYN_0005,SRC_000358,2026-06-03T20:43:57Z,2026-09-01T00:00:00Z,0.56,active,
IDENT_000254,ACT_0011,pgp,PGP_SYN_0075,SRC_003053,2026-05-27T12:53:27Z,2026-09-01T00:00:00Z,0.72,revoked,
IDENT_000255,ACT_0012,pgp,PGP_SYN_0053,SRC_003696,2024-12-30T10:37:19Z,2025-10-07T10:37:19Z,0.9,revoked,OBS_005001
IDENT_000256,ACT_0013,pgp,PGP_SYN_0088,SRC_004911,2026-07-13T09:25:01Z,2026-09-01T00:00:00Z,0.89,active,OBS_004303
IDENT_000257,ACT_0014,pgp,PGP_SYN_0090,SRC_003921,2024-01-29T02:17:28Z,2025-06-04T02:17:28Z,0.93,revoked,OBS_001092
IDENT_000258,ACT_0015,pgp,PGP_SYN_0059,SRC_002326,2025-11-25T12:12:24Z,2026-06-05T12:12:24Z,0.82,active,
IDENT_000259,ACT_0016,pgp,PGP_SYN_0095,SRC_003726,2025-04-26T15:47:40Z,2026-06-25T15:47:40Z,0.75,active,
IDENT_000260,ACT_0016,pgp,PGP_SYN_0099,SRC_005486,2025-03-07T15:47:40Z,2026-08-27T15:47:40Z,0.9,revoked,
IDENT_000261,ACT_0018,pgp,PGP_SYN_0085,SRC_003408,2024-06-19T18:40:31Z,2026-02-19T18:40:31Z,0.82,active,
IDENT_000262,ACT_0019,pgp,PGP_SYN_0044,SRC_000553,2025-09-24T04:42:59Z,2026-09-01T00:00:00Z,0.84,active,OBS_005417
IDENT_000263,ACT_0021,pgp,PGP_SYN_0002,SRC_001848,2026-09-12T20:32:16Z,2026-09-01T00:00:00Z,0.68,revoked,OBS_013836
IDENT_000264,ACT_0022,pgp,PGP_SYN_0014,SRC_005077,2024-03-19T11:56:59Z,2025-04-29T11:56:59Z,0.98,active,
IDENT_000265,ACT_0024,pgp,PGP_SYN_0098,SRC_001304,2025-09-14T00:47:04Z,2025-12-19T00:47:04Z,0.89,revoked,OBS_010017
IDENT_000266,ACT_0026,pgp,PGP_SYN_0072,SRC_000450,2025-08-24T18:43:51Z,2026-09-01T00:00:00Z,0.99,active,OBS_003268
IDENT_000267,ACT_0027,pgp,PGP_SYN_0080,SRC_001198,2024-06-06T01:12:14Z,2025-11-13T01:12:14Z,0.59,active,OBS_000540
IDENT_000268,ACT_0028,pgp,PGP_SYN_0001,SRC_003357,2025-01-12T00:39:48Z,2025-05-23T00:39:48Z,0.8,revoked,
IDENT_000269,ACT_0031,pgp,PGP_SYN_0017,SRC_005765,2025-04-14T19:36:25Z,2026-02-06T19:36:25Z,0.6,active,
IDENT_000270,ACT_0032,pgp,PGP_SYN_0013,SRC_003737,2025-07-20T17:55:46Z,2026-09-01T00:00:00Z,0.78,active,OBS_012249
IDENT_000271,ACT_0033,pgp,PGP_SYN_0025,SRC_005251,2025-09-11T01:20:48Z,2026-09-01T00:00:00Z,0.85,active,OBS_005205
IDENT_000272,ACT_0034,pgp,PGP_SYN_0069,SRC_004080,2025-01-17T10:59:17Z,2026-09-01T00:00:00Z,0.86,revoked,OBS_002225
IDENT_000273,ACT_0035,pgp,PGP_SYN_0058,SRC_003976,2024-05-07T22:04:42Z,2024-08-13T22:04:42Z,0.67,active,OBS_012714
IDENT_000274,ACT_0036,pgp,PGP_SYN_0009,SRC_005746,2026-05-16T18:10:40Z,2026-09-01T00:00:00Z,0.7,active,OBS_009688
IDENT_000275,ACT_0036,pgp,PGP_SYN_0045,SRC_005245,2026-05-12T18:10:40Z,2026-09-01T00:00:00Z,0.61,active,OBS_014121
IDENT_000276,ACT_0037,pgp,PGP_SYN_0050,SRC_000591,2024-09-20T20:05:11Z,2026-03-31T20:05:11Z,0.93,revoked,OBS_006129
IDENT_000277,ACT_0038,pgp,PGP_SYN_0067,SRC_002172,2025-08-23T11:07:27Z,2025-11-07T11:07:27Z,0.83,revoked,
IDENT_000278,ACT_0039,pgp,PGP_SYN_0066,SRC_004562,2026-06-17T04:35:29Z,2026-09-01T00:00:00Z,0.87,active,OBS_006171
IDENT_000279,ACT_0040,pgp,PGP_SYN_0036,SRC_000082,2025-05-27T18:08:11Z,2026-01-20T18:08:11Z,0.69,active,
IDENT_000280,ACT_0041,pgp,PGP_SYN_0100,SRC_005673,2024-12-31T19:31:51Z,2025-09-13T19:31:51Z,0.51,active,
IDENT_000281,ACT_0043,pgp,PGP_SYN_0092,SRC_000864,2025-04-20T22:06:12Z,2025-08-24T22:06:12Z,0.86,active,OBS_008543
IDENT_000282,ACT_0043,pgp,PGP_SYN_0051,SRC_001859,2025-04-06T22:06:12Z,2026-09-01T00:00:00Z,0.79,revoked,OBS_008543
IDENT_000283,ACT_0045,pgp,PGP_SYN_0047,SRC_005490,2024-12-07T07:17:31Z,2025-08-03T07:17:31Z,0.69,active,OBS_005246
IDENT_000284,ACT_0045,pgp,PGP_SYN_0046,SRC_002763,2024-12-22T07:17:31Z,2026-07-24T07:17:31Z,0.68,active,
IDENT_000285,ACT_0046,pgp,PGP_SYN_0074,SRC_003899,2025-09-28T14:13:34Z,2026-05-19T14:13:34Z,0.7,active,OBS_006922
IDENT_000286,ACT_0048,pgp,PGP_SYN_0007,SRC_001747,2024-09-30T21:47:44Z,2025-09-04T21:47:44Z,0.81,active,OBS_012928
IDENT_000287,ACT_0049,pgp,PGP_SYN_0043,SRC_001307,2026-05-31T01:19:15Z,2026-09-01T00:00:00Z,0.97,revoked,
IDENT_000288,ACT_0050,pgp,PGP_SYN_0021,SRC_000558,2026-07-01T02:56:43Z,2026-09-01T00:00:00Z,0.53,revoked,
IDENT_000289,ACT_0050,pgp,PGP_SYN_0089,SRC_000508,2026-08-20T02:56:43Z,2026-09-01T00:00:00Z,0.47,revoked,
IDENT_000290,ACT_0051,pgp,PGP_SYN_0027,SRC_000462,2026-08-24T11:41:03Z,2026-09-01T00:00:00Z,0.67,revoked,OBS_003760
IDENT_000291,ACT_0052,pgp,PGP_SYN_0023,SRC_000666,2025-08-06T08:12:20Z,2026-05-05T08:12:20Z,0.84,revoked,
IDENT_000292,ACT_0052,pgp,PGP_SYN_0082,SRC_002950,2025-08-08T08:12:20Z,2026-04-23T08:12:20Z,0.55,active,OBS_003784
IDENT_000293,ACT_0053,pgp,PGP_SYN_0076,SRC_000208,2024-09-03T21:22:52Z,2026-07-14T21:22:52Z,0.42,revoked,
IDENT_000294,ACT_0054,pgp,PGP_SYN_0032,SRC_004349,2026-03-13T15:36:14Z,2026-07-20T15:36:14Z,0.94,active,
IDENT_000295,ACT_0055,pgp,PGP_SYN_0041,SRC_003620,2024-04-21T04:37:32Z,2024-10-01T04:37:32Z,0.95,active,
IDENT_000296,ACT_0055,pgp,PGP_SYN_0028,SRC_005588,2024-03-28T04:37:32Z,2025-12-12T04:37:32Z,0.78,active,
IDENT_000297,ACT_0056,pgp,PGP_SYN_0038,SRC_002275,2024-10-10T10:20:14Z,2026-01-20T10:20:14Z,0.49,revoked,OBS_008818
IDENT_000298,ACT_0058,pgp,PGP_SYN_0061,SRC_002267,2025-08-23T17:09:54Z,2025-12-29T17:09:54Z,0.85,revoked,OBS_005556
IDENT_000299,ACT_0059,pgp,PGP_SYN_0018,SRC_005794,2026-07-22T16:19:50Z,2026-09-01T00:00:00Z,0.74,active,OBS_002729
IDENT_000300,ACT_0060,pgp,PGP_SYN_0096,SRC_004296,2026-04-15T22:48:45Z,2026-09-01T00:00:00Z,0.71,active,
IDENT_000301,ACT_0060,pgp,PGP_SYN_0071,SRC_003076,2026-05-20T22:48:45Z,2026-09-01T00:00:00Z,0.79,active,OBS_005565
IDENT_000302,ACT_0001,wallet,WALLET_SYN_0044,SRC_002769,2024-03-30T20:28:06Z,2026-01-13T20:28:06Z,0.66,active,OBS_009675
IDENT_000303,ACT_0001,wallet,WALLET_SYN_0189,SRC_001713,2024-04-03T20:28:06Z,2025-01-05T20:28:06Z,0.3,dormant,OBS_006674
IDENT_000304,ACT_0001,wallet,WALLET_SYN_0163,SRC_005125,2024-04-28T20:28:06Z,2025-02-22T20:28:06Z,0.93,active,
IDENT_000305,ACT_0017,wallet,WALLET_SYN_0103,SRC_000711,2025-01-02T11:28:43Z,2026-09-01T00:00:00Z,0.57,active,OBS_009239
IDENT_000306,ACT_0015,wallet,WALLET_SYN_0050,SRC_002376,2026-01-06T12:12:24Z,2026-09-01T00:00:00Z,0.68,dormant,OBS_000948
IDENT_000307,ACT_0015,wallet,WALLET_SYN_0067,SRC_004416,2025-10-19T12:12:24Z,2026-09-01T00:00:00Z,0.67,active,OBS_009709
IDENT_000308,ACT_0015,wallet,WALLET_SYN_0159,SRC_000891,2025-12-07T12:12:24Z,2026-07-29T12:12:24Z,0.69,active,OBS_008480
IDENT_000309,ACT_0037,wallet,WALLET_SYN_0165,SRC_003588,2024-11-22T20:05:11Z,2026-08-06T20:05:11Z,0.79,dormant,
IDENT_000310,ACT_0037,wallet,WALLET_SYN_0144,SRC_003755,2024-11-27T20:05:11Z,2026-09-01T00:00:00Z,0.84,active,OBS_001976
IDENT_000311,ACT_0037,wallet,WALLET_SYN_0002,SRC_003753,2024-12-08T20:05:11Z,2026-09-01T00:00:00Z,0.84,dormant,
IDENT_000312,ACT_0025,wallet,WALLET_SYN_0034,SRC_005777,2026-06-30T13:33:59Z,2026-09-01T00:00:00Z,0.57,dormant,
IDENT_000313,ACT_0047,wallet,WALLET_SYN_0146,SRC_003474,2024-08-28T22:38:20Z,2026-04-30T22:38:20Z,0.81,active,OBS_000775
IDENT_000314,ACT_0047,wallet,WALLET_SYN_0053,SRC_005620,2024-09-06T22:38:20Z,2025-07-26T22:38:20Z,0.65,dormant,
IDENT_000315,ACT_0002,wallet,WALLET_SYN_0139,SRC_002197,2025-03-02T10:13:48Z,2025-05-06T10:13:48Z,0.55,active,OBS_004202
IDENT_000316,ACT_0057,wallet,WALLET_SYN_0212,SRC_005204,2025-12-22T19:15:51Z,2026-05-18T19:15:51Z,0.84,active,OBS_011255
IDENT_000317,ACT_0049,wallet,WALLET_SYN_0047,SRC_005688,2026-06-17T01:19:15Z,2026-09-01T00:00:00Z,0.9,dormant,
IDENT_000318,ACT_0049,wallet,WALLET_SYN_0019,SRC_002375,2026-07-07T01:19:15Z,2026-09-01T00:00:00Z,0.87,active,OBS_008392
IDENT_000319,ACT_0049,wallet,WALLET_SYN_0143,SRC_004008,2026-05-25T01:19:15Z,2026-09-01T00:00:00Z,0.39,dormant,
IDENT_000320,ACT_0042,wallet,WALLET_SYN_0090,SRC_002475,2025-06-08T00:56:31Z,2026-09-01T00:00:00Z,0.9,active,
IDENT_000321,ACT_0042,wallet,WALLET_SYN_0152,SRC_003974,2025-07-25T00:56:31Z,2025-10-14T00:56:31Z,0.58,active,OBS_013468
IDENT_000322,ACT_0052,wallet,WALLET_SYN_0174,SRC_000201,2025-10-08T08:12:20Z,2026-09-01T00:00:00Z,0.57,active,OBS_012377
IDENT_000323,ACT_0052,wallet,WALLET_SYN_0042,SRC_002906,2025-09-23T08:12:20Z,2026-07-02T08:12:20Z,0.72,active,
IDENT_000324,ACT_0019,wallet,WALLET_SYN_0065,SRC_002213,2025-10-15T04:42:59Z,2026-04-22T04:42:59Z,0.77,active,OBS_002858
IDENT_000325,ACT_0003,wallet,WALLET_SYN_0104,SRC_002437,2024-09-07T18:21:03Z,2026-03-03T18:21:03Z,0.36,dormant,OBS_014146
IDENT_000326,ACT_0003,wallet,WALLET_SYN_0168,SRC_000649,2024-10-09T18:21:03Z,2026-09-01T00:00:00Z,0.63,active,
IDENT_000327,ACT_0004,wallet,WALLET_SYN_0014,SRC_005407,2026-06-26T04:44:17Z,2026-09-01T00:00:00Z,0.79,dormant,
IDENT_000328,ACT_0004,wallet,WALLET_SYN_0092,SRC_003900,2026-06-27T04:44:17Z,2026-09-01T00:00:00Z,0.8,active,OBS_003631
IDENT_000329,ACT_0004,wallet,WALLET_SYN_0027,SRC_000304,2026-06-19T04:44:17Z,2026-09-01T00:00:00Z,0.4,active,OBS_005871
IDENT_000330,ACT_0005,wallet,WALLET_SYN_0003,SRC_005250,2026-10-01T07:09:23Z,2026-09-01T00:00:00Z,0.83,dormant,
IDENT_000331,ACT_0006,wallet,WALLET_SYN_0005,SRC_003197,2024-04-23T08:56:39Z,2024-06-16T08:56:39Z,0.8,active,
IDENT_000332,ACT_0006,wallet,WALLET_SYN_0156,SRC_002722,2024-04-27T08:56:39Z,2024-06-05T08:56:39Z,0.66,active,
IDENT_000333,ACT_0007,wallet,WALLET_SYN_0219,SRC_005735,2024-06-04T13:12:42Z,2026-01-07T13:12:42Z,0.81,active,
IDENT_000334,ACT_0007,wallet,WALLET_SYN_0028,SRC_003504,2024-08-17T13:12:42Z,2025-04-10T13:12:42Z,0.69,active,OBS_005955
IDENT_000335,ACT_0007,wallet,WALLET_SYN_0036,SRC_001928,2024-07-28T13:12:42Z,2025-02-01T13:12:42Z,0.79,active,OBS_002547
IDENT_000336,ACT_0008,wallet,WALLET_SYN_0100,SRC_004861,2025-01-20T10:13:36Z,2025-07-17T10:13:36Z,0.95,dormant,
IDENT_000337,ACT_0009,wallet,WALLET_SYN_0072,SRC_004818,2026-08-10T04:53:06Z,2026-09-01T00:00:00Z,0.69,dormant,OBS_014340
IDENT_000338,ACT_0009,wallet,WALLET_SYN_0191,SRC_001861,2026-09-03T04:53:06Z,2026-09-01T00:00:00Z,0.95,dormant,OBS_000139
IDENT_000339,ACT_0010,wallet,WALLET_SYN_0132,SRC_001950,2026-07-28T20:43:57Z,2026-09-01T00:00:00Z,0.87,active,OBS_001246
IDENT_000340,ACT_0011,wallet,WALLET_SYN_0187,SRC_004666,2026-06-07T12:53:27Z,2026-09-01T00:00:00Z,0.77,dormant,
IDENT_000341,ACT_0011,wallet,WALLET_SYN_0029,SRC_004192,2026-05-07T12:53:27Z,2026-09-01T00:00:00Z,0.79,active,
IDENT_000342,ACT_0011,wallet,WALLET_SYN_0183,SRC_000014,2026-07-12T12:53:27Z,2026-09-01T00:00:00Z,0.73,dormant,OBS_000390
IDENT_000343,ACT_0012,wallet,WALLET_SYN_0176,SRC_001017,2024-12-26T10:37:19Z,2026-09-01T00:00:00Z,0.75,active,
IDENT_000344,ACT_0012,wallet,WALLET_SYN_0017,SRC_001353,2025-01-11T10:37:19Z,2025-08-20T10:37:19Z,0.9,dormant,
IDENT_000345,ACT_0012,wallet,WALLET_SYN_0061,SRC_000495,2025-03-04T10:37:19Z,2025-05-07T10:37:19Z,0.86,dormant,
IDENT_000346,ACT_0013,wallet,WALLET_SYN_0101,SRC_004933,2026-09-11T09:25:01Z,2026-09-01T00:00:00Z,0.74,dormant,
IDENT_000347,ACT_0013,wallet,WALLET_SYN_0094,SRC_002899,2026-07-31T09:25:01Z,2026-09-01T00:00:00Z,0.85,active,
IDENT_000348,ACT_0013,wallet,WALLET_SYN_0015,SRC_001938,2026-08-29T09:25:01Z,2026-09-01T00:00:00Z,0.53,active,OBS_004308
IDENT_000349,ACT_0014,wallet,WALLET_SYN_0170,SRC_002716,2024-04-09T02:17:28Z,2024-06-02T02:17:28Z,0.62,dormant,OBS_007930
IDENT_000350,ACT_0014,wallet,WALLET_SYN_0210,SRC_002244,2024-03-29T02:17:28Z,2024-08-09T02:17:28Z,0.55,dormant,
IDENT_000351,ACT_0016,wallet,WALLET_SYN_0052,SRC_005062,2025-03-20T15:47:40Z,2025-05-12T15:47:40Z,0.47,active,OBS_005212
IDENT_000352,ACT_0016,wallet,WALLET_SYN_0220,SRC_001691,2025-04-02T15:47:40Z,2025-06-11T15:47:40Z,0.61,active,OBS_002620
IDENT_000353,ACT_0016,wallet,WALLET_SYN_0188,SRC_000565,2025-05-28T15:47:40Z,2025-11-02T15:47:40Z,0.87,dormant,OBS_009026
IDENT_000354,ACT_0018,wallet,WALLET_SYN_0145,SRC_002742,2024-08-10T18:40:31Z,2024-10-28T18:40:31Z,0.62,active,OBS_012822
IDENT_000355,ACT_0018,wallet,WALLET_SYN_0043,SRC_003743,2024-07-11T18:40:31Z,2024-11-27T18:40:31Z,0.83,active,
IDENT_000356,ACT_0018,wallet,WALLET_SYN_0114,SRC_003180,2024-07-19T18:40:31Z,2025-05-04T18:40:31Z,0.46,dormant,
IDENT_000357,ACT_0020,wallet,WALLET_SYN_0051,SRC_002834,2025-09-16T15:43:16Z,2026-09-01T00:00:00Z,0.32,active,
IDENT_000358,ACT_0020,wallet,WALLET_SYN_0095,SRC_004313,2025-08-10T15:43:16Z,2026-09-01T00:00:00Z,0.58,active,
IDENT_000359,ACT_0021,wallet,WALLET_SYN_0172,SRC_003807,2026-09-30T20:32:16Z,2026-09-01T00:00:00Z,0.67,active,OBS_002481
IDENT_000360,ACT_0022,wallet,WALLET_SYN_0054,SRC_004047,2024-04-13T11:56:59Z,2024-12-22T11:56:59Z,0.9,active,OBS_000735
IDENT_000361,ACT_0023,wallet,WALLET_SYN_0108,SRC_002559,2026-04-24T00:01:56Z,2026-07-14T00:01:56Z,0.77,active,OBS_008206
IDENT_000362,ACT_0024,wallet,WALLET_SYN_0093,SRC_002543,2025-11-01T00:47:04Z,2026-01-24T00:47:04Z,0.87,active,OBS_008104
IDENT_000363,ACT_0024,wallet,WALLET_SYN_0074,SRC_002610,2025-09-24T00:47:04Z,2025-12-19T00:47:04Z,0.49,dormant,OBS_002794
IDENT_000364,ACT_0026,wallet,WALLET_SYN_0016,SRC_004202,2025-07-17T18:43:51Z,2026-09-01T00:00:00Z,0.84,active,OBS_003963
IDENT_000365,ACT_0026,wallet,WALLET_SYN_0007,SRC_004113,2025-08-30T18:43:51Z,2025-10-10T18:43:51Z,0.76,active,OBS_003260
IDENT_000366,ACT_0027,wallet,WALLET_SYN_0084,SRC_003937,2024-05-18T01:12:14Z,2026-05-27T01:12:14Z,0.58,active,
IDENT_000367,ACT_0028,wallet,WALLET_SYN_0197,SRC_005281,2025-01-31T00:39:48Z,2025-04-17T00:39:48Z,0.62,active,OBS_005175
IDENT_000368,ACT_0029,wallet,WALLET_SYN_0025,SRC_004257,2024-06-10T22:51:37Z,2024-10-27T22:51:37Z,0.75,dormant,OBS_006935
IDENT_000369,ACT_0029,wallet,WALLET_SYN_0111,SRC_000455,2024-05-17T22:51:37Z,2024-09-11T22:51:37Z,0.85,dormant,OBS_008642
IDENT_000370,ACT_0030,wallet,WALLET_SYN_0173,SRC_001585,2024-06-21T21:36:22Z,2025-10-16T21:36:22Z,0.53,active,
IDENT_000371,ACT_0030,wallet,WALLET_SYN_0066,SRC_004554,2024-08-24T21:36:22Z,2026-06-02T21:36:22Z,0.89,active,OBS_004715
IDENT_000372,ACT_0031,wallet,WALLET_SYN_0180,SRC_004191,2025-04-18T19:36:25Z,2026-06-03T19:36:25Z,0.66,active,OBS_006660
IDENT_000373,ACT_0032,wallet,WALLET_SYN_0076,SRC_005411,2025-07-25T17:55:46Z,2025-08-30T17:55:46Z,0.82,active,OBS_013862
IDENT_000374,ACT_0032,wallet,WALLET_SYN_0055,SRC_004738,2025-09-13T17:55:46Z,2025-11-19T17:55:46Z,0.56,active,OBS_003427
IDENT_000375,ACT_0033,wallet,WALLET_SYN_0186,SRC_005790,2025-08-09T01:20:48Z,2026-09-01T00:00:00Z,0.81,dormant,OBS_011964
IDENT_000376,ACT_0033,wallet,WALLET_SYN_0045,SRC_002775,2025-08-09T01:20:48Z,2025-10-05T01:20:48Z,0.47,active,
IDENT_000377,ACT_0033,wallet,WALLET_SYN_0110,SRC_001235,2025-10-07T01:20:48Z,2025-12-26T01:20:48Z,0.66,active,OBS_003206
IDENT_000378,ACT_0034,wallet,WALLET_SYN_0206,SRC_003573,2025-01-26T10:59:17Z,2026-07-07T10:59:17Z,0.53,active,OBS_001997
IDENT_000379,ACT_0034,wallet,WALLET_SYN_0133,SRC_001055,2025-01-03T10:59:17Z,2026-02-15T10:59:17Z,0.66,dormant,
IDENT_000380,ACT_0035,wallet,WALLET_SYN_0201,SRC_001315,2024-05-11T22:04:42Z,2026-02-28T22:04:42Z,0.75,active,OBS_011586
IDENT_000381,ACT_0036,wallet,WALLET_SYN_0137,SRC_000620,2026-04-10T18:10:40Z,2026-09-01T00:00:00Z,0.7,dormant,
IDENT_000382,ACT_0038,wallet,WALLET_SYN_0078,SRC_003618,2025-08-29T11:07:27Z,2026-04-12T11:07:27Z,0.81,active,OBS_003559
IDENT_000383,ACT_0039,wallet,WALLET_SYN_0059,SRC_004870,2026-06-07T04:35:29Z,2026-09-01T00:00:00Z,0.8,active,
IDENT_000384,ACT_0039,wallet,WALLET_SYN_0150,SRC_002002,2026-08-04T04:35:29Z,2026-09-01T00:00:00Z,0.71,active,OBS_004156
IDENT_000385,ACT_0039,wallet,WALLET_SYN_0160,SRC_000552,2026-06-18T04:35:29Z,2026-09-01T00:00:00Z,0.82,dormant,OBS_005399
IDENT_000386,ACT_0040,wallet,WALLET_SYN_0120,SRC_002184,2025-05-30T18:08:11Z,2026-08-02T18:08:11Z,0.65,active,OBS_008854
IDENT_000387,ACT_0040,wallet,WALLET_SYN_0167,SRC_004946,2025-06-03T18:08:11Z,2026-08-02T18:08:11Z,0.93,active,OBS_009762
IDENT_000388,ACT_0041,wallet,WALLET_SYN_0204,SRC_004207,2025-01-19T19:31:51Z,2025-09-20T19:31:51Z,0.87,dormant,OBS_005905
IDENT_000389,ACT_0041,wallet,WALLET_SYN_0064,SRC_003684,2025-02-05T19:31:51Z,2026-08-28T19:31:51Z,0.73,active,
IDENT_000390,ACT_0041,wallet,WALLET_SYN_0178,SRC_000318,2025-02-08T19:31:51Z,2025-05-08T19:31:51Z,0.64,active,
IDENT_000391,ACT_0043,wallet,WALLET_SYN_0164,SRC_004381,2025-03-03T22:06:12Z,2025-06-01T22:06:12Z,0.56,dormant,OBS_010170
IDENT_000392,ACT_0043,wallet,WALLET_SYN_0079,SRC_005700,2025-03-04T22:06:12Z,2025-11-03T22:06:12Z,0.87,active,
IDENT_000393,ACT_0043,wallet,WALLET_SYN_0011,SRC_000763,2025-04-21T22:06:12Z,2026-09-01T00:00:00Z,0.75,dormant,
IDENT_000394,ACT_0044,wallet,WALLET_SYN_0023,SRC_001208,2025-02-13T18:00:37Z,2025-08-09T18:00:37Z,0.73,active,
IDENT_000395,ACT_0045,wallet,WALLET_SYN_0109,SRC_003230,2025-01-11T07:17:31Z,2025-12-02T07:17:31Z,0.6,dormant,OBS_008404
IDENT_000396,ACT_0045,wallet,WALLET_SYN_0213,SRC_000808,2025-02-11T07:17:31Z,2026-09-01T00:00:00Z,0.67,dormant,OBS_011923
IDENT_000397,ACT_0046,wallet,WALLET_SYN_0123,SRC_001485,2025-11-10T14:13:34Z,2026-09-01T00:00:00Z,0.56,dormant,
IDENT_000398,ACT_0046,wallet,WALLET_SYN_0202,SRC_004966,2025-11-22T14:13:34Z,2026-09-01T00:00:00Z,0.75,active,
IDENT_000399,ACT_0048,wallet,WALLET_SYN_0136,SRC_003499,2024-10-05T21:47:44Z,2025-08-22T21:47:44Z,0.58,active,
IDENT_000400,ACT_0048,wallet,WALLET_SYN_0032,SRC_001959,2024-09-19T21:47:44Z,2026-02-28T21:47:44Z,0.34,dormant,OBS_002512
IDENT_000401,ACT_0050,wallet,WALLET_SYN_0048,SRC_001164,2026-08-20T02:56:43Z,2026-09-01T00:00:00Z,0.73,active,
IDENT_000402,ACT_0050,wallet,WALLET_SYN_0046,SRC_000300,2026-09-10T02:56:43Z,2026-09-01T00:00:00Z,0.62,active,OBS_005713
IDENT_000403,ACT_0050,wallet,WALLET_SYN_0194,SRC_001394,2026-08-03T02:56:43Z,2026-09-01T00:00:00Z,0.57,active,
IDENT_000404,ACT_0051,wallet,WALLET_SYN_0008,SRC_002706,2026-09-15T11:41:03Z,2026-09-01T00:00:00Z,0.56,active,OBS_003121
IDENT_000405,ACT_0051,wallet,WALLET_SYN_0134,SRC_003306,2026-09-03T11:41:03Z,2026-09-01T00:00:00Z,0.75,active,
IDENT_000406,ACT_0053,wallet,WALLET_SYN_0006,SRC_000244,2024-09-07T21:22:52Z,2026-01-31T21:22:52Z,0.62,active,
IDENT_000407,ACT_0053,wallet,WALLET_SYN_0177,SRC_000916,2024-08-04T21:22:52Z,2025-08-25T21:22:52Z,0.3,dormant,
IDENT_000408,ACT_0054,wallet,WALLET_SYN_0153,SRC_002404,2026-04-14T15:36:14Z,2026-09-01T00:00:00Z,0.85,dormant,OBS_004866
IDENT_000409,ACT_0054,wallet,WALLET_SYN_0171,SRC_005743,2026-04-11T15:36:14Z,2026-09-01T00:00:00Z,0.68,active,OBS_004037
IDENT_000410,ACT_0055,wallet,WALLET_SYN_0022,SRC_003848,2024-04-29T04:37:32Z,2024-12-10T04:37:32Z,0.79,dormant,OBS_006681
IDENT_000411,ACT_0056,wallet,WALLET_SYN_0057,SRC_002140,2024-10-10T10:20:14Z,2025-08-10T10:20:14Z,0.72,active,
IDENT_000412,ACT_0058,wallet,WALLET_SYN_0116,SRC_004038,2025-11-14T17:09:54Z,2026-09-01T00:00:00Z,0.8,active,OBS_002079
IDENT_000413,ACT_0059,wallet,WALLET_SYN_0112,SRC_001162,2026-07-22T16:19:50Z,2026-09-01T00:00:00Z,0.84,dormant,
IDENT_000414,ACT_0060,wallet,WALLET_SYN_0091,SRC_002035,2026-05-30T22:48:45Z,2026-09-01T00:00:00Z,0.66,active,OBS_006889
IDENT_000415,ACT_0001,profile_id,profile_300509,SRC_005136,2024-03-24T20:28:06Z,2024-08-17T20:28:06Z,0.84,confirmed,OBS_012869
IDENT_000416,ACT_0002,username_alias,user_47785,SRC_000106,2025-02-20T10:13:48Z,2026-08-03T10:13:48Z,0.67,confirmed,OBS_000537
IDENT_000417,ACT_0003,email_alias,alias4221@example.invalid,SRC_005409,2024-09-28T18:21:03Z,2026-03-27T18:21:03Z,0.74,confirmed,
IDENT_000418,ACT_0003,username_alias,user_75843,SRC_004714,2024-08-11T18:21:03Z,2024-11-12T18:21:03Z,0.58,confirmed,OBS_013747
IDENT_000419,ACT_0003,profile_id,profile_375342,SRC_005236,2024-10-08T18:21:03Z,2025-01-21T18:21:03Z,0.71,confirmed,
IDENT_000420,ACT_0006,email_alias,alias5484@example.invalid,SRC_003225,2024-02-22T08:56:39Z,2024-05-10T08:56:39Z,0.74,confirmed,
IDENT_000421,ACT_0007,email_alias,alias3400@example.invalid,SRC_000049,2024-08-28T13:12:42Z,2025-03-20T13:12:42Z,0.93,confirmed,OBS_003949
IDENT_000422,ACT_0007,profile_id,profile_119856,SRC_001943,2024-08-17T13:12:42Z,2025-04-16T13:12:42Z,0.82,confirmed,OBS_009602
IDENT_000423,ACT_0008,username_alias,user_77289,SRC_005470,2025-03-02T10:13:36Z,2026-02-07T10:13:36Z,0.67,confirmed,
IDENT_000424,ACT_0008,profile_id,profile_273727,SRC_005324,2025-04-01T10:13:36Z,2025-08-13T10:13:36Z,0.62,confirmed,
IDENT_000425,ACT_0009,email_alias,alias5291@example.invalid,SRC_004329,2026-09-13T04:53:06Z,2026-09-01T00:00:00Z,0.57,confirmed,OBS_010522
IDENT_000426,ACT_0009,username_alias,user_35601,SRC_001347,2026-09-23T04:53:06Z,2026-09-01T00:00:00Z,0.5,confirmed,OBS_006016
IDENT_000427,ACT_0009,profile_id,profile_161847,SRC_003826,2026-08-19T04:53:06Z,2026-09-01T00:00:00Z,0.74,confirmed,OBS_012628
IDENT_000428,ACT_0010,username_alias,user_25378,SRC_002623,2026-07-17T20:43:57Z,2026-09-01T00:00:00Z,0.49,confirmed,OBS_007080
IDENT_000429,ACT_0011,email_alias,alias4541@example.invalid,SRC_004204,2026-07-18T12:53:27Z,2026-09-01T00:00:00Z,0.86,confirmed,
IDENT_000430,ACT_0011,profile_id,profile_166557,SRC_001198,2026-07-20T12:53:27Z,2026-09-01T00:00:00Z,0.91,confirmed,OBS_007209
IDENT_000431,ACT_0012,email_alias,alias2049@example.invalid,SRC_001289,2024-12-16T10:37:19Z,2025-07-02T10:37:19Z,0.82,confirmed,OBS_011950
IDENT_000432,ACT_0012,username_alias,user_29000,SRC_002675,2025-02-09T10:37:19Z,2025-11-06T10:37:19Z,0.96,confirmed,
IDENT_000433,ACT_0012,profile_id,profile_948349,SRC_002132,2025-02-20T10:37:19Z,2026-01-25T10:37:19Z,0.77,confirmed,OBS_000096
IDENT_000434,ACT_0013,email_alias,alias6713@example.invalid,SRC_005700,2026-07-27T09:25:01Z,2026-09-01T00:00:00Z,0.69,confirmed,OBS_007801
IDENT_000435,ACT_0013,profile_id,profile_129648,SRC_003053,2026-09-07T09:25:01Z,2026-09-01T00:00:00Z,0.67,confirmed,
IDENT_000436,ACT_0014,email_alias,alias3839@example.invalid,SRC_000543,2024-03-26T02:17:28Z,2025-07-16T02:17:28Z,0.86,confirmed,OBS_007918
IDENT_000437,ACT_0014,username_alias,user_47469,SRC_004656,2024-02-21T02:17:28Z,2025-06-05T02:17:28Z,0.76,confirmed,OBS_002942
IDENT_000438,ACT_0015,username_alias,user_96443,SRC_001857,2025-11-13T12:12:24Z,2026-09-01T00:00:00Z,0.77,confirmed,OBS_008180
IDENT_000439,ACT_0016,email_alias,alias5645@example.invalid,SRC_005207,2025-03-10T15:47:40Z,2025-10-28T15:47:40Z,0.87,confirmed,OBS_012638
IDENT_000440,ACT_0018,email_alias,alias8373@example.invalid,SRC_002461,2024-06-15T18:40:31Z,2025-07-22T18:40:31Z,0.6,confirmed,OBS_010531
IDENT_000441,ACT_0018,username_alias,user_89730,SRC_005169,2024-08-03T18:40:31Z,2025-03-14T18:40:31Z,0.77,confirmed,
IDENT_000442,ACT_0019,email_alias,alias4787@example.invalid,SRC_005195,2025-11-04T04:42:59Z,2026-02-15T04:42:59Z,0.64,confirmed,
IDENT_000443,ACT_0020,profile_id,profile_378838,SRC_004864,2025-08-02T15:43:16Z,2026-09-01T00:00:00Z,0.56,confirmed,
IDENT_000444,ACT_0022,email_alias,alias7348@example.invalid,SRC_001143,2024-04-15T11:56:59Z,2025-01-06T11:56:59Z,0.66,confirmed,
IDENT_000445,ACT_0022,username_alias,user_79320,SRC_002020,2024-03-09T11:56:59Z,2025-06-19T11:56:59Z,0.78,confirmed,OBS_001536
IDENT_000446,ACT_0023,username_alias,user_46541,SRC_003964,2026-06-13T00:01:56Z,2026-09-01T00:00:00Z,0.57,confirmed,OBS_004859
IDENT_000447,ACT_0025,profile_id,profile_981505,SRC_000405,2026-05-23T13:33:59Z,2026-09-01T00:00:00Z,0.95,confirmed,OBS_005929
IDENT_000448,ACT_0026,email_alias,alias6053@example.invalid,SRC_003280,2025-08-08T18:43:51Z,2026-05-22T18:43:51Z,0.86,confirmed,OBS_005867
IDENT_000449,ACT_0026,profile_id,profile_256560,SRC_004909,2025-09-29T18:43:51Z,2026-06-18T18:43:51Z,0.81,confirmed,
IDENT_000450,ACT_0027,email_alias,alias8270@example.invalid,SRC_005009,2024-06-11T01:12:14Z,2025-10-28T01:12:14Z,0.78,confirmed,
IDENT_000451,ACT_0027,username_alias,user_36864,SRC_000023,2024-04-28T01:12:14Z,2024-08-16T01:12:14Z,0.8,confirmed,OBS_014152
IDENT_000452,ACT_0027,profile_id,profile_966693,SRC_001827,2024-06-09T01:12:14Z,2025-03-04T01:12:14Z,0.89,confirmed,
IDENT_000453,ACT_0028,email_alias,alias4472@example.invalid,SRC_002176,2025-03-27T00:39:48Z,2025-06-25T00:39:48Z,0.92,confirmed,OBS_005445
IDENT_000454,ACT_0028,username_alias,user_84885,SRC_000442,2025-03-23T00:39:48Z,2026-05-18T00:39:48Z,0.57,confirmed,
IDENT_000455,ACT_0029,profile_id,profile_167430,SRC_005170,2024-07-05T22:51:37Z,2024-11-30T22:51:37Z,0.74,confirmed,OBS_005433
IDENT_000456,ACT_0030,email_alias,alias1580@example.invalid,SRC_003306,2024-08-23T21:36:22Z,2025-09-09T21:36:22Z,0.62,confirmed,OBS_009064
IDENT_000457,ACT_0030,username_alias,user_43237,SRC_000012,2024-09-04T21:36:22Z,2026-04-14T21:36:22Z,0.52,confirmed,
IDENT_000458,ACT_0030,profile_id,profile_216088,SRC_002333,2024-08-10T21:36:22Z,2025-12-25T21:36:22Z,0.94,confirmed,OBS_008670
IDENT_000459,ACT_0031,email_alias,alias4609@example.invalid,SRC_004711,2025-06-02T19:36:25Z,2025-11-19T19:36:25Z,0.68,confirmed,
IDENT_000460,ACT_0031,profile_id,profile_637057,SRC_002711,2025-05-16T19:36:25Z,2025-12-24T19:36:25Z,0.95,confirmed,
IDENT_000461,ACT_0032,email_alias,alias9298@example.invalid,SRC_002031,2025-08-16T17:55:46Z,2025-12-25T17:55:46Z,0.84,confirmed,OBS_010599
IDENT_000462,ACT_0033,username_alias,user_55507,SRC_001574,2025-08-19T01:20:48Z,2026-09-01T00:00:00Z,0.68,confirmed,OBS_003877
IDENT_000463,ACT_0034,email_alias,alias8403@example.invalid,SRC_005124,2025-01-27T10:59:17Z,2026-07-06T10:59:17Z,0.87,confirmed,OBS_005346
IDENT_000464,ACT_0034,username_alias,user_32923,SRC_000334,2025-02-22T10:59:17Z,2025-11-19T10:59:17Z,0.68,confirmed,OBS_001550
IDENT_000465,ACT_0035,username_alias,user_46356,SRC_000771,2024-07-08T22:04:42Z,2025-02-13T22:04:42Z,0.92,confirmed,
IDENT_000466,ACT_0036,email_alias,alias8585@example.invalid,SRC_000858,2026-05-22T18:10:40Z,2026-09-01T00:00:00Z,0.69,confirmed,
IDENT_000467,ACT_0038,email_alias,alias1420@example.invalid,SRC_001988,2025-08-12T11:07:27Z,2026-09-01T00:00:00Z,0.86,confirmed,OBS_008669
IDENT_000468,ACT_0039,email_alias,alias3165@example.invalid,SRC_004527,2026-08-18T04:35:29Z,2026-09-01T00:00:00Z,0.77,confirmed,
IDENT_000469,ACT_0039,username_alias,user_72230,SRC_000752,2026-07-11T04:35:29Z,2026-09-01T00:00:00Z,0.85,confirmed,OBS_000360
IDENT_000470,ACT_0040,username_alias,user_48128,SRC_005088,2025-06-14T18:08:11Z,2026-06-20T18:08:11Z,0.33,confirmed,OBS_013096
IDENT_000471,ACT_0041,username_alias,user_57181,SRC_002539,2024-12-27T19:31:51Z,2025-12-06T19:31:51Z,0.83,confirmed,OBS_001454
IDENT_000472,ACT_0042,username_alias,user_63323,SRC_001079,2025-06-20T00:56:31Z,2025-08-20T00:56:31Z,0.56,confirmed,
IDENT_000473,ACT_0044,profile_id,profile_764948,SRC_001597,2025-02-26T18:00:37Z,2026-03-17T18:00:37Z,0.53,confirmed,OBS_004436
IDENT_000474,ACT_0045,email_alias,alias5416@example.invalid,SRC_005160,2024-12-03T07:17:31Z,2025-02-21T07:17:31Z,0.85,confirmed,OBS_004678
IDENT_000475,ACT_0045,profile_id,profile_942474,SRC_002193,2025-02-21T07:17:31Z,2026-08-02T07:17:31Z,0.72,confirmed,
IDENT_000476,ACT_0047,email_alias,alias7209@example.invalid,SRC_004431,2024-10-18T22:38:20Z,2025-04-22T22:38:20Z,0.87,confirmed,OBS_006372
IDENT_000477,ACT_0047,username_alias,user_95275,SRC_000487,2024-10-29T22:38:20Z,2025-10-02T22:38:20Z,0.86,confirmed,OBS_005598
IDENT_000478,ACT_0048,username_alias,user_55694,SRC_005385,2024-10-18T21:47:44Z,2025-12-23T21:47:44Z,0.87,confirmed,
IDENT_000479,ACT_0049,email_alias,alias6197@example.invalid,SRC_001761,2026-07-31T01:19:15Z,2026-09-01T00:00:00Z,0.82,confirmed,
IDENT_000480,ACT_0049,profile_id,profile_225277,SRC_002120,2026-05-23T01:19:15Z,2026-09-01T00:00:00Z,0.86,confirmed,
IDENT_000481,ACT_0050,email_alias,alias7092@example.invalid,SRC_001046,2026-09-18T02:56:43Z,2026-09-01T00:00:00Z,0.55,confirmed,OBS_005262
IDENT_000482,ACT_0051,email_alias,alias4623@example.invalid,SRC_004983,2026-08-22T11:41:03Z,2026-09-01T00:00:00Z,0.52,confirmed,
IDENT_000483,ACT_0051,username_alias,user_97133,SRC_001206,2026-07-25T11:41:03Z,2026-09-01T00:00:00Z,0.74,confirmed,OBS_000070
IDENT_000484,ACT_0051,profile_id,profile_604383,SRC_005715,2026-09-18T11:41:03Z,2026-09-01T00:00:00Z,0.78,confirmed,
IDENT_000485,ACT_0052,email_alias,alias3554@example.invalid,SRC_000022,2025-08-12T08:12:20Z,2026-09-01T00:00:00Z,0.93,confirmed,OBS_013168
IDENT_000486,ACT_0052,username_alias,user_21066,SRC_001817,2025-10-04T08:12:20Z,2026-01-08T08:12:20Z,0.84,confirmed,
IDENT_000487,ACT_0053,profile_id,profile_864200,SRC_005140,2024-10-22T21:22:52Z,2025-01-09T21:22:52Z,0.83,confirmed,OBS_005152
IDENT_000488,ACT_0054,username_alias,user_81677,SRC_002569,2026-03-03T15:36:14Z,2026-09-01T00:00:00Z,0.53,confirmed,
IDENT_000489,ACT_0055,email_alias,alias8427@example.invalid,SRC_005763,2024-06-05T04:37:32Z,2025-03-24T04:37:32Z,0.76,confirmed,OBS_001930
IDENT_000490,ACT_0055,username_alias,user_31493,SRC_003055,2024-04-22T04:37:32Z,2025-06-01T04:37:32Z,0.77,confirmed,OBS_002708
IDENT_000491,ACT_0055,profile_id,profile_133220,SRC_003455,2024-06-13T04:37:32Z,2025-05-18T04:37:32Z,0.64,confirmed,OBS_013191
IDENT_000492,ACT_0056,email_alias,alias3908@example.invalid,SRC_003282,2024-10-25T10:20:14Z,2025-10-04T10:20:14Z,0.76,confirmed,OBS_002886
IDENT_000493,ACT_0057,email_alias,alias5144@example.invalid,SRC_002163,2025-11-07T19:15:51Z,2026-09-01T00:00:00Z,0.7,confirmed,OBS_009331
IDENT_000494,ACT_0057,username_alias,user_60927,SRC_002730,2025-12-01T19:15:51Z,2026-03-05T19:15:51Z,0.79,confirmed,
IDENT_000495,ACT_0057,profile_id,profile_536067,SRC_001503,2025-11-13T19:15:51Z,2026-02-03T19:15:51Z,0.69,confirmed,
IDENT_000496,ACT_0058,username_alias,user_28681,SRC_003820,2025-10-21T17:09:54Z,2025-12-23T17:09:54Z,0.87,confirmed,OBS_009984
IDENT_000497,ACT_0059,profile_id,profile_808360,SRC_003809,2026-07-15T16:19:50Z,2026-09-01T00:00:00Z,0.92,confirmed,OBS_003764
IDENT_000498,ACT_0060,username_alias,user_33069,SRC_001145,2026-06-08T22:48:45Z,2026-09-01T00:00:00Z,0.54,confirmed,
IDENT_000499,ACT_0060,profile_id,profile_130910,SRC_001367,2026-06-12T22:48:45Z,2026-09-01T00:00:00Z,0.6,confirmed,OBS_008474
IDENT_000500,ACT_0050,handle,ShadowNode,SRC_004945,2026-09-26T00:00:00Z,2026-09-01T00:00:00Z,0.36,duplicate_observation,
IDENT_000501,ACT_0034,handle,ObsidianMoth89,SRC_004006,2026-10-08T00:00:00Z,2026-09-01T00:00:00Z,0.14,duplicate_observation,
IDENT_000502,ACT_0016,handle,PhantomHollow,SRC_001420,2025-03-17T15:47:40Z,2025-08-25T15:47:40Z,0.12,duplicate_observation,
IDENT_000503,ACT_0033,handle,TalonSentinel,SRC_005780,2025-08-09T01:20:48Z,2026-02-11T01:20:48Z,0.26,duplicate_observation,
IDENT_000504,ACT_0038,handle,VectorVector,SRC_001844,2025-08-20T11:07:27Z,2025-10-16T11:07:27Z,0.24,duplicate_observation,
IDENT_000505,ACT_0037,handle,VoidMoth,SRC_004922,2025-01-22T20:05:11Z,2025-07-30T20:05:11Z,0.14,duplicate_observation,
IDENT_000506,ACT_0009,handle,CrimsonReaper,SRC_001577,2026-10-16T00:00:00Z,2026-09-01T00:00:00Z,0.41,duplicate_observation,
IDENT_000507,ACT_0020,handle,NightCipher,SRC_003828,2026-11-04T00:00:00Z,2026-09-01T00:00:00Z,0.4,duplicate_observation,OBS_008802
IDENT_000508,ACT_0031,handle,StormMarrow37,SRC_001018,2025-03-10T19:36:25Z,2025-07-31T19:36:25Z,0.25,duplicate_observation,OBS_006407
IDENT_000509,ACT_0034,handle,HavocSentinel54,SRC_000619,2025-10-19T10:59:17Z,2026-09-01T00:00:00Z,0.1,duplicate_observation,OBS_007460
IDENT_000510,ACT_0013,handle,VectorPulse,SRC_002479,2026-07-17T09:25:01Z,2026-09-01T00:00:00Z,0.46,duplicate_observation,OBS_002750
IDENT_000511,ACT_0056,handle,VoidNode,SRC_003814,2024-08-25T10:20:14Z,2025-03-19T10:20:14Z,0.17,duplicate_observation,OBS_011417
IDENT_000512,ACT_0013,handle,VectorNode,SRC_002242,2026-10-18T00:00:00Z,2026-09-01T00:00:00Z,0.28,duplicate_observation,OBS_001483
IDENT_000513,ACT_0044,handle,SilentNode,SRC_004713,2026-09-12T18:00:37Z,2026-09-01T00:00:00Z,0.43,duplicate_observation,OBS_009556
IDENT_000514,ACT_0021,handle,StormLedger,SRC_001595,2026-09-25T00:00:00Z,2026-09-01T00:00:00Z,0.1,duplicate_observation,OBS_005128
IDENT_000515,ACT_0038,handle,CrimsonLedger,SRC_000665,2025-11-16T11:07:27Z,2026-07-25T11:07:27Z,0.17,duplicate_observation,OBS_006288
IDENT_000516,ACT_0058,handle,PhantomDrift95,SRC_003888,2025-09-09T17:09:54Z,2025-11-10T17:09:54Z,0.29,duplicate_observation,OBS_011611
IDENT_000517,ACT_0051,handle,EmberOrbit93,SRC_000030,2026-09-02T00:00:00Z,2026-09-01T00:00:00Z,0.1,duplicate_observation,
IDENT_000518,ACT_0040,handle,ChromeShade,SRC_004906,2026-10-14T00:00:00Z,2026-09-01T00:00:00Z,0.44,duplicate_observation,OBS_012049
IDENT_000519,ACT_0017,handle,UmbraSpire59,SRC_001857,2025-08-18T11:28:43Z,2026-08-06T11:28:43Z,0.33,duplicate_observation,
IDENT_000520,ACT_0055,handle,HavocSentinel,SRC_003920,2024-08-11T04:37:32Z,2025-11-25T04:37:32Z,0.43,duplicate_observation,OBS_009538
IDENT_000521,ACT_0025,handle,GhostSentinel,SRC_005400,2026-11-04T00:00:00Z,2026-09-01T00:00:00Z,0.56,duplicate_observation,
IDENT_000522,ACT_0034,handle,DarkVector32,SRC_004658,2024-12-07T10:59:17Z,2025-08-26T10:59:17Z,0.39,duplicate_observation,
IDENT_000523,ACT_0022,handle,CrimsonVector47,SRC_002527,2024-03-24T11:56:59Z,2025-07-15T11:56:59Z,0.25,duplicate_observation,OBS_008005
IDENT_000524,ACT_0040,handle,ObsidianHex,SRC_003335,2026-01-10T18:08:11Z,2026-09-01T00:00:00Z,0.57,duplicate_observation,OBS_008854
IDENT_000525,ACT_0054,handle,UmbraHollow,SRC_001343,2026-02-20T15:36:14Z,2026-05-14T15:36:14Z,0.62,duplicate_observation,
IDENT_000526,ACT_0025,handle,ChromeOrbit,SRC_002741,2026-09-11T00:00:00Z,2026-09-01T00:00:00Z,0.1,duplicate_observation,OBS_000575
IDENT_000527,ACT_0015,handle,NullCipher,SRC_000725,2025-10-23T12:12:24Z,2026-09-01T00:00:00Z,0.13,duplicate_observation,OBS_011600
IDENT_000528,ACT_0046,handle,ObsidianFalcon,SRC_005410,2025-09-12T14:13:34Z,2026-01-20T14:13:34Z,0.22,duplicate_observation,OBS_011489
IDENT_000529,ACT_0021,handle,NullPulse,SRC_002473,2026-09-30T00:00:00Z,2026-09-01T00:00:00Z,0.53,duplicate_observation,
IDENT_000530,ACT_0054,handle,ShadowGrid,SRC_001077,2026-09-22T00:00:00Z,2026-09-01T00:00:00Z,0.38,duplicate_observation,
IDENT_000531,ACT_0021,handle,StormWolf89,SRC_005544,2026-10-07T00:00:00Z,2026-09-01T00:00:00Z,0.57,duplicate_observation,OBS_001523
IDENT_000532,ACT_0017,handle,BlackCipher,SRC_003973,2026-09-09T11:28:43Z,2026-09-01T00:00:00Z,0.56,duplicate_observation,OBS_005670
IDENT_000533,ACT_0027,handle,RuneWarden,SRC_005796,2024-04-26T01:12:14Z,2024-06-26T01:12:14Z,0.1,duplicate_observation,OBS_012689
IDENT_000534,ACT_0010,handle,SilentFox,SRC_002143,2026-05-29T20:43:57Z,2026-09-01T00:00:00Z,0.36,duplicate_observation,
IDENT_000535,ACT_0025,handle,DarkMarrow,SRC_002035,2026-05-11T13:33:59Z,2026-09-01T00:00:00Z,0.55,duplicate_observation,
IDENT_000536,ACT_0043,handle,CrimsonCrow,SRC_001808,2026-06-05T22:06:12Z,2026-09-01T00:00:00Z,0.26,duplicate_observation,OBS_006565
IDENT_000537,ACT_0011,handle,IronSpecter,SRC_005681,2026-11-15T00:00:00Z,2026-09-01T00:00:00Z,0.26,duplicate_observation,OBS_001803
IDENT_000538,ACT_0053,handle,DarkOrbit,SRC_001792,2026-03-26T21:22:52Z,2026-09-01T00:00:00Z,0.7,duplicate_observation,OBS_012063
IDENT_000539,ACT_0029,handle,ChromeHex39,SRC_005238,2025-05-11T22:51:37Z,2026-02-27T22:51:37Z,0.51,duplicate_observation,
IDENT_000540,ACT_0025,handle,DarkMarrow,SRC_001207,2026-05-18T13:33:59Z,2026-09-01T00:00:00Z,0.39,duplicate_observation,
IDENT_000541,ACT_0015,handle,SilverLedger,SRC_001444,2026-10-20T00:00:00Z,2026-09-01T00:00:00Z,0.1,duplicate_observation,OBS_001904
IDENT_000542,ACT_0021,handle,StormWolf89,SRC_003677,2026-10-07T00:00:00Z,2026-09-01T00:00:00Z,0.31,duplicate_observation,
IDENT_000543,ACT_0031,handle,StormMarrow37,SRC_003992,2025-03-26T19:36:25Z,2025-08-06T19:36:25Z,0.12,duplicate_observation,OBS_012515
IDENT_000544,ACT_0005,handle,CipherHollow,SRC_001599,2026-09-27T00:00:00Z,2026-09-01T00:00:00Z,0.2,duplicate_observation,OBS_006657
IDENT_000545,ACT_0032,handle,RuneEcho,SRC_004879,2025-07-28T17:55:46Z,2026-07-27T17:55:46Z,0.5,duplicate_observation,
IDENT_000546,ACT_0025,handle,ChromeOrbit,SRC_004084,2026-09-12T00:00:00Z,2026-09-01T00:00:00Z,0.24,duplicate_observation,OBS_005828
IDENT_000547,ACT_0023,handle,SilverPulse,SRC_001924,2026-10-05T00:00:00Z,2026-09-01T00:00:00Z,0.34,duplicate_observation,OBS_000323
IDENT_000548,ACT_0055,handle,HavocSentinel,SRC_003198,2024-08-02T04:37:32Z,2025-11-20T04:37:32Z,0.32,duplicate_observation,OBS_007346
IDENT_000549,ACT_0044,handle,SilentNode,SRC_001790,2026-09-26T18:00:37Z,2026-09-01T00:00:00Z,0.16,duplicate_observation,OBS_001770
IDENT_000550,ACT_0013,handle,VectorPulse,SRC_005844,2026-07-21T09:25:01Z,2026-09-01T00:00:00Z,0.33,duplicate_observation,OBS_008999
IDENT_000551,ACT_0004,handle,OnyxNode,SRC_001866,2026-04-29T04:44:17Z,2026-09-01T00:00:00Z,0.22,duplicate_observation,OBS_007302
IDENT_000552,ACT_0054,handle,DarkRunner,SRC_005274,2026-07-04T15:36:14Z,2026-09-01T00:00:00Z,0.64,duplicate_observation,OBS_000354
IDENT_000553,ACT_0040,handle,FrostWolf,SRC_000733,2025-05-31T18:08:11Z,2025-11-30T18:08:11Z,0.39,duplicate_observation,OBS_012648
IDENT_000554,ACT_0020,handle,EmberNode,SRC_003509,2026-09-29T00:00:00Z,2026-09-01T00:00:00Z,0.12,duplicate_observation,
IDENT_000555,ACT_0024,handle,VectorHarbor,SRC_001697,2026-10-28T00:00:00Z,2026-09-01T00:00:00Z,0.7,duplicate_observation,OBS_007071
IDENT_000556,ACT_0035,handle,RogueDrift,SRC_001491,2026-11-05T00:00:00Z,2026-09-01T00:00:00Z,0.2,duplicate_observation,
IDENT_000557,ACT_0047,handle,AshForge54,SRC_000862,2024-11-18T22:38:20Z,2026-02-23T22:38:20Z,0.23,duplicate_observation,
IDENT_000558,ACT_0041,handle,RogueSpire80,SRC_000975,2024-12-24T19:31:51Z,2025-11-03T19:31:51Z,0.32,duplicate_observation,OBS_012519
IDENT_000559,ACT_0026,handle,RuneCrow,SRC_004308,2025-09-05T18:43:51Z,2026-02-17T18:43:51Z,0.28,duplicate_observation,OBS_006336
IDENT_000560,ACT_0025,handle,DarkMarrow,SRC_000383,2026-05-20T13:33:59Z,2026-09-01T00:00:00Z,0.39,duplicate_observation,OBS_009519
IDENT_000561,ACT_0055,handle,HavocSentinel,SRC_002266,2024-08-14T04:37:32Z,2025-11-18T04:37:32Z,0.18,duplicate_observation,
IDENT_000562,ACT_0051,handle,SilverGrid,SRC_005671,2026-10-29T00:00:00Z,2026-09-01T00:00:00Z,0.1,duplicate_observation,OBS_013501
IDENT_000563,ACT_0045,handle,UmbraMarrow,SRC_004690,2025-05-10T07:17:31Z,2025-11-16T07:17:31Z,0.18,duplicate_observation,
IDENT_000564,ACT_0026,handle,ZeroFox,SRC_000328,2026-11-08T00:00:00Z,2026-09-01T00:00:00Z,0.35,duplicate_observation,OBS_001927
IDENT_000565,ACT_0013,handle,VectorNode,SRC_001994,2026-10-15T00:00:00Z,2026-09-01T00:00:00Z,0.27,duplicate_observation,
IDENT_000566,ACT_0014,handle,HavocHollow,SRC_000298,2024-12-24T02:17:28Z,2025-10-13T02:17:28Z,0.55,duplicate_observation,OBS_005458
IDENT_000567,ACT_0042,handle,CipherFalcon,SRC_004328,2025-11-11T00:56:31Z,2026-07-17T00:56:31Z,0.58,duplicate_observation,
IDENT_000568,ACT_0009,handle,WraithHex25,SRC_003434,2026-09-30T00:00:00Z,2026-09-01T00:00:00Z,0.1,duplicate_observation,OBS_009647
IDENT_000569,ACT_0043,handle,CrimsonCrow,SRC_000762,2026-06-05T22:06:12Z,2026-09-01T00:00:00Z,0.43,duplicate_observation,OBS_014396
IDENT_000570,ACT_0017,handle,BlackCipher,SRC_001018,2026-09-02T11:28:43Z,2026-09-01T00:00:00Z,0.6,duplicate_observation,OBS_004909
IDENT_000571,ACT_0009,handle,BlackHarbor,SRC_005295,2026-08-02T04:53:06Z,2026-09-01T00:00:00Z,0.57,duplicate_observation,
IDENT_000572,ACT_0034,handle,ObsidianMoth89,SRC_003760,2026-10-10T00:00:00Z,2026-09-01T00:00:00Z,0.24,duplicate_observation,
IDENT_000573,ACT_0016,handle,PhantomHollow,SRC_000050,2025-03-27T15:47:40Z,2025-08-22T15:47:40Z,0.1,duplicate_observation,OBS_009197
IDENT_000574,ACT_0035,handle,CrimsonMoth,SRC_005763,2024-05-01T22:04:42Z,2025-05-16T22:04:42Z,0.51,duplicate_observation,OBS_013338
IDENT_000575,ACT_0036,handle,OnyxHex,SRC_003939,2026-09-29T00:00:00Z,2026-09-01T00:00:00Z,0.14,duplicate_observation,
IDENT_000576,ACT_0025,handle,GhostSentinel,SRC_004875,2026-10-30T00:00:00Z,2026-09-01T00:00:00Z,0.42,duplicate_observation,OBS_012142
IDENT_000577,ACT_0048,handle,CrimsonTrace,SRC_005428,2024-08-17T21:47:44Z,2025-11-08T21:47:44Z,0.36,duplicate_observation,
IDENT_000578,ACT_0060,handle,CipherEcho,SRC_004130,2026-04-14T22:48:45Z,2026-09-01T00:00:00Z,0.36,duplicate_observation,
IDENT_000579,ACT_0040,handle,ObsidianHex,SRC_003959,2026-01-06T18:08:11Z,2026-09-01T00:00:00Z,0.27,duplicate_observation,
IDENT_000580,ACT_0020,handle,ChromeHarbor,SRC_005817,2025-07-25T15:43:16Z,2025-10-27T15:43:16Z,0.7,duplicate_observation,OBS_002370
IDENT_000581,ACT_0024,handle,VectorHarbor,SRC_004769,2026-10-27T00:00:00Z,2026-09-01T00:00:00Z,0.28,duplicate_observation,OBS_002687
IDENT_000582,ACT_0012,handle,CipherSpire,SRC_000728,2025-02-10T10:37:19Z,2025-11-07T10:37:19Z,0.29,duplicate_observation,OBS_006635
IDENT_000583,ACT_0033,handle,TalonSentinel,SRC_003517,2025-08-16T01:20:48Z,2026-02-17T01:20:48Z,0.19,duplicate_observation,OBS_002924
IDENT_000584,ACT_0044,handle,GreyMoth,SRC_001348,2024-12-13T18:00:37Z,2026-02-01T18:00:37Z,0.3,duplicate_observation,OBS_001028
IDENT_000585,ACT_0052,handle,ZeroTrace,SRC_001381,2026-10-13T00:00:00Z,2026-09-01T00:00:00Z,0.12,duplicate_observation,OBS_013705
IDENT_000586,ACT_0056,handle,TalonCipher,SRC_004103,2026-01-24T10:20:14Z,2026-03-26T10:20:14Z,0.45,duplicate_observation,
IDENT_000587,ACT_0026,handle,RuneCrow,SRC_004132,2025-09-23T18:43:51Z,2026-02-22T18:43:51Z,0.33,duplicate_observation,OBS_006999
IDENT_000588,ACT_0050,handle,RogueWarden,SRC_000476,2026-11-01T00:00:00Z,2026-09-01T00:00:00Z,0.53,duplicate_observation,OBS_009155
IDENT_000589,ACT_0009,handle,CrimsonReaper,SRC_003278,2026-10-15T00:00:00Z,2026-09-01T00:00:00Z,0.1,duplicate_observation,OBS_014125
IDENT_000590,ACT_0051,handle,EmberOrbit93,SRC_001215,2026-09-15T00:00:00Z,2026-09-01T00:00:00Z,0.23,duplicate_observation,OBS_014119
IDENT_000591,ACT_0056,handle,VoidCipher,SRC_002672,2026-10-27T00:00:00Z,2026-09-01T00:00:00Z,0.5,duplicate_observation,OBS_002572
IDENT_000592,ACT_0031,handle,StormMarrow37,SRC_000815,2025-03-19T19:36:25Z,2025-07-31T19:36:25Z,0.7,duplicate_observation,OBS_001448
IDENT_000593,ACT_0011,handle,IronSpecter,SRC_003821,2026-11-14T00:00:00Z,2026-09-01T00:00:00Z,0.55,duplicate_observation,
IDENT_000594,ACT_0026,handle,RuneCrow,SRC_003439,2025-09-14T18:43:51Z,2026-03-07T18:43:51Z,0.39,duplicate_observation,OBS_012357
IDENT_000595,ACT_0006,handle,ShadowForge,SRC_005723,2024-03-04T08:56:39Z,2024-07-12T08:56:39Z,0.28,duplicate_observation,OBS_008160
IDENT_000596,ACT_0058,handle,PhantomDrift95,SRC_004415,2025-08-31T17:09:54Z,2025-11-24T17:09:54Z,0.7,duplicate_observation,
IDENT_000597,ACT_0021,handle,ShadowForge,SRC_001384,2026-08-15T20:32:16Z,2026-09-01T00:00:00Z,0.5,duplicate_observation,
IDENT_000598,ACT_0048,handle,CrimsonTrace,SRC_005675,2024-08-11T21:47:44Z,2025-11-05T21:47:44Z,0.32,duplicate_observation,
IDENT_000599,ACT_0001,handle,SilentTrace,SRC_001439,2024-02-12T20:28:06Z,2024-12-15T20:28:06Z,0.26,duplicate_observation,OBS_011939
IDENT_000600,ACT_0037,handle,AshMoth,SRC_005049,2024-09-10T20:05:11Z,2024-12-08T20:05:11Z,0.1,duplicate_observation,
IDENT_000601,ACT_0053,handle,DarkOrbit,SRC_003489,2026-04-01T21:22:52Z,2026-09-01T00:00:00Z,0.26,duplicate_observation,
IDENT_000602,ACT_0030,handle,CrimsonForge,SRC_001686,2024-06-23T21:36:22Z,2024-12-13T21:36:22Z,0.61,duplicate_observation,OBS_011865
IDENT_000603,ACT_0007,handle,GhostForge71,SRC_004258,2024-05-30T13:12:42Z,2024-10-24T13:12:42Z,0.14,duplicate_observation,OBS_006713
IDENT_000604,ACT_0003,handle,GreyRoot,SRC_002108,2024-08-14T18:21:03Z,2025-10-29T18:21:03Z,0.41,duplicate_observation,
IDENT_000605,ACT_0018,handle,GreyRunner,SRC_001479,2025-10-25T18:40:31Z,2026-09-01T00:00:00Z,0.39,duplicate_observation,
IDENT_000606,ACT_0053,handle,IronHarbor,SRC_005339,2024-08-15T21:22:52Z,2025-02-19T21:22:52Z,0.31,duplicate_observation,
IDENT_000607,ACT_0035,handle,StormDrift,SRC_002532,2026-10-15T00:00:00Z,2026-09-01T00:00:00Z,0.37,duplicate_observation,
IDENT_000608,ACT_0041,handle,RogueSpire80,SRC_003544,2024-12-25T19:31:51Z,2025-11-02T19:31:51Z,0.56,duplicate_observation,
IDENT_000609,ACT_0034,handle,PhantomOrbit,SRC_001749,2026-10-30T00:00:00Z,2026-09-01T00:00:00Z,0.39,duplicate_observation,
IDENT_000610,ACT_0057,handle,CrimsonDrift,SRC_004941,2025-10-27T19:15:51Z,2026-09-01T00:00:00Z,0.22,duplicate_observation,OBS_001430
IDENT_000611,ACT_0017,handle,BlackCipher,SRC_000958,2026-09-08T11:28:43Z,2026-09-01T00:00:00Z,0.11,duplicate_observation,OBS_005154
IDENT_000612,ACT_0052,handle,StormHollow,SRC_001015,2026-03-23T08:12:20Z,2026-09-01T00:00:00Z,0.1,duplicate_observation,OBS_002328
IDENT_000613,ACT_0005,handle,SilentVector,SRC_005635,2026-07-08T07:09:23Z,2026-09-01T00:00:00Z,0.17,duplicate_observation,OBS_000307
IDENT_000614,ACT_0012,handle,CipherSpire,SRC_004455,2025-02-19T10:37:19Z,2025-11-01T10:37:19Z,0.63,duplicate_observation,OBS_005188
IDENT_000615,ACT_0036,handle,IronMarrow,SRC_005647,2026-10-28T00:00:00Z,2026-09-01T00:00:00Z,0.67,duplicate_observation,
IDENT_000616,ACT_0023,handle,NullEcho,SRC_004920,2026-10-29T00:00:00Z,2026-09-01T00:00:00Z,0.17,duplicate_observation,OBS_007625
IDENT_000617,ACT_0056,handle,AshShade20,SRC_002083,2026-05-09T10:20:14Z,2026-09-01T00:00:00Z,0.19,duplicate_observation,
IDENT_000618,ACT_0015,handle,NullCipher,SRC_000364,2025-11-04T12:12:24Z,2026-09-01T00:00:00Z,0.1,duplicate_observation,OBS_004998
IDENT_000619,ACT_0020,handle,NightCipher,SRC_004319,2026-10-27T00:00:00Z,2026-09-01T00:00:00Z,0.43,duplicate_observation,OBS_012323
IDENT_000620,ACT_0042,handle,ObsidianWarden,SRC_003373,2025-05-12T00:56:31Z,2025-06-28T00:56:31Z,0.1,duplicate_observation,OBS_012039
IDENT_000621,ACT_0024,handle,VectorHarbor,SRC_000992,2026-11-04T00:00:00Z,2026-09-01T00:00:00Z,0.3,duplicate_observation,
IDENT_000622,ACT_0056,handle,VoidNode,SRC_003349,2024-09-11T10:20:14Z,2025-03-22T10:20:14Z,0.23,duplicate_observation,OBS_002871
IDENT_000623,ACT_0056,handle,TalonCipher,SRC_000403,2026-01-24T10:20:14Z,2026-03-25T10:20:14Z,0.19,duplicate_observation,OBS_002871
IDENT_000624,ACT_0035,handle,CrimsonMoth,SRC_000916,2024-05-08T22:04:42Z,2025-05-12T22:04:42Z,0.1,duplicate_observation,
IDENT_000625,ACT_0044,handle,NightSentinel32,SRC_004925,2026-03-25T18:00:37Z,2026-08-04T18:00:37Z,0.1,duplicate_observation,OBS_005068
IDENT_000626,ACT_0040,handle,ObsidianHex,SRC_000067,2026-01-09T18:08:11Z,2026-09-01T00:00:00Z,0.1,duplicate_observation,
IDENT_000627,ACT_0023,handle,NullEcho,SRC_001278,2026-11-12T00:00:00Z,2026-09-01T00:00:00Z,0.2,duplicate_observation,OBS_012482
IDENT_000628,ACT_0026,handle,ZeroFox,SRC_001227,2026-11-08T00:00:00Z,2026-09-01T00:00:00Z,0.24,duplicate_observation,OBS_013265
IDENT_000629,ACT_0034,handle,PhantomOrbit,SRC_002560,2026-10-12T00:00:00Z,2026-09-01T00:00:00Z,0.39,duplicate_observation,
IDENT_000630,ACT_0005,handle,CipherHollow,SRC_003274,2026-09-25T00:00:00Z,2026-09-01T00:00:00Z,0.1,duplicate_observation,OBS_013248
IDENT_000631,ACT_0005,handle,CipherHollow,SRC_002154,2026-09-29T00:00:00Z,2026-09-01T00:00:00Z,0.27,duplicate_observation,OBS_005383
IDENT_000632,ACT_0047,handle,StormFox,SRC_004752,2024-08-29T22:38:20Z,2024-10-28T22:38:20Z,0.37,duplicate_observation,
IDENT_000633,ACT_0056,handle,VoidCipher,SRC_003652,2026-10-13T00:00:00Z,2026-09-01T00:00:00Z,0.54,duplicate_observation,OBS_001590
IDENT_000634,ACT_0049,handle,EmberSignal,SRC_003363,2026-05-31T01:19:15Z,2026-09-01T00:00:00Z,0.26,duplicate_observation,OBS_007682
IDENT_000635,ACT_0010,handle,HavocSpire71,SRC_003391,2026-09-20T00:00:00Z,2026-09-01T00:00:00Z,0.58,duplicate_observation,OBS_009650
IDENT_000636,ACT_0015,handle,NullCipher,SRC_004843,2025-10-19T12:12:24Z,2026-09-01T00:00:00Z,0.49,duplicate_observation,
IDENT_000637,ACT_0030,handle,OnyxRoot,SRC_000291,2025-10-08T21:36:22Z,2026-08-28T21:36:22Z,0.55,duplicate_observation,OBS_007836
IDENT_000638,ACT_0046,handle,PhantomGrid,SRC_001901,2026-02-08T14:13:34Z,2026-07-13T14:13:34Z,0.1,duplicate_observation,
IDENT_000639,ACT_0012,handle,CipherSpire,SRC_004867,2025-02-11T10:37:19Z,2025-10-31T10:37:19Z,0.51,duplicate_observation,OBS_006005
IDENT_000640,ACT_0016,handle,PhantomHollow,SRC_001698,2025-03-14T15:47:40Z,2025-09-03T15:47:40Z,0.54,duplicate_observation,OBS_009234
IDENT_000641,ACT_0035,handle,StormDrift,SRC_000446,2026-10-08T00:00:00Z,2026-09-01T00:00:00Z,0.34,duplicate_observation,OBS_012011
IDENT_000642,ACT_0023,handle,GreySentinel,SRC_003758,2026-09-23T00:00:00Z,2026-09-01T00:00:00Z,0.58,duplicate_observation,
IDENT_000643,ACT_0047,handle,StormFox,SRC_001007,2024-08-14T22:38:20Z,2024-11-02T22:38:20Z,0.29,duplicate_observation,
IDENT_000644,ACT_0049,handle,EmberSignal,SRC_002531,2026-06-02T01:19:15Z,2026-09-01T00:00:00Z,0.28,duplicate_observation,OBS_004869
IDENT_000645,ACT_0037,handle,VoidMoth,SRC_004769,2025-01-20T20:05:11Z,2025-07-29T20:05:11Z,0.62,duplicate_observation,OBS_011225
IDENT_000646,ACT_0036,handle,TalonSpire,SRC_003739,2026-04-19T18:10:40Z,2026-09-01T00:00:00Z,0.1,duplicate_observation,OBS_007914
IDENT_000647,ACT_0035,handle,CrimsonMoth,SRC_003283,2024-05-04T22:04:42Z,2025-05-20T22:04:42Z,0.19,duplicate_observation,
IDENT_000648,ACT_0034,handle,DarkVector32,SRC_005352,2024-12-07T10:59:17Z,2025-08-28T10:59:17Z,0.33,duplicate_observation,
IDENT_000649,ACT_0023,handle,GreySentinel,SRC_005776,2026-09-25T00:00:00Z,2026-09-01T00:00:00Z,0.22,duplicate_observation,
IDENT_000650,ACT_0050,handle,RogueWarden,SRC_004484,2026-11-07T00:00:00Z,2026-09-01T00:00:00Z,0.61,duplicate_observation,
IDENT_000651,ACT_0051,handle,EmberOrbit93,SRC_001936,2026-09-13T00:00:00Z,2026-09-01T00:00:00Z,0.42,duplicate_observation,OBS_008278
IDENT_000652,ACT_0050,handle,GhostCrow,SRC_001721,2026-11-15T00:00:00Z,2026-09-01T00:00:00Z,0.1,duplicate_observation,
IDENT_000653,ACT_0056,handle,AshShade20,SRC_000750,2026-04-30T10:20:14Z,2026-09-01T00:00:00Z,0.16,duplicate_observation,OBS_012583
IDENT_000654,ACT_0059,handle,FrostRunner37,SRC_000540,2026-10-21T00:00:00Z,2026-09-01T00:00:00Z,0.37,duplicate_observation,OBS_005335
IDENT_000655,ACT_0059,handle,FrostRunner37,SRC_002120,2026-10-24T00:00:00Z,2026-09-01T00:00:00Z,0.1,duplicate_observation,OBS_004703
IDENT_000656,ACT_0052,handle,ZeroTrace,SRC_004794,2026-10-13T00:00:00Z,2026-09-01T00:00:00Z,0.65,duplicate_observation,
IDENT_000657,ACT_0046,handle,VectorSentinel,SRC_001400,2026-07-06T14:13:34Z,2026-09-01T00:00:00Z,0.52,duplicate_observation,OBS_001077
IDENT_000658,ACT_0048,handle,CrimsonTrace,SRC_005543,2024-08-21T21:47:44Z,2025-11-17T21:47:44Z,0.7,duplicate_observation,OBS_001102
IDENT_000659,ACT_0006,handle,ForgeVector,SRC_003163,2024-08-24T08:56:39Z,2025-08-12T08:56:39Z,0.1,duplicate_observation,OBS_010215
IDENT_000660,ACT_0006,handle,ShadowForge,SRC_003370,2024-02-24T08:56:39Z,2024-07-13T08:56:39Z,0.16,duplicate_observation,OBS_008073
IDENT_000661,ACT_0026,handle,RuneCrow,SRC_001241,2025-09-07T18:43:51Z,2026-02-21T18:43:51Z,0.23,duplicate_observation,OBS_012492
IDENT_000662,ACT_0009,handle,BlackHarbor,SRC_000322,2026-08-13T04:53:06Z,2026-09-01T00:00:00Z,0.2,duplicate_observation,
IDENT_000663,ACT_0036,handle,TalonSpire,SRC_005824,2026-04-28T18:10:40Z,2026-09-01T00:00:00Z,0.45,duplicate_observation,
IDENT_000664,ACT_0032,handle,VoidHollow,SRC_002844,2026-08-07T17:55:46Z,2026-09-01T00:00:00Z,0.22,duplicate_observation,OBS_009592
IDENT_000665,ACT_0006,handle,RogueRoot,SRC_000027,2025-09-14T08:56:39Z,2025-12-23T08:56:39Z,0.25,duplicate_observation,OBS_004443
IDENT_000666,ACT_0020,handle,ZeroOrbit,SRC_002398,2026-03-12T15:43:16Z,2026-09-01T00:00:00Z,0.38,duplicate_observation,
IDENT_000667,ACT_0032,handle,RuneEcho,SRC_005770,2025-07-31T17:55:46Z,2026-07-27T17:55:46Z,0.21,duplicate_observation,
IDENT_000668,ACT_0034,handle,HavocSentinel54,SRC_001413,2025-10-15T10:59:17Z,2026-09-01T00:00:00Z,0.54,duplicate_observation,OBS_006270
IDENT_000669,ACT_0060,handle,CipherEcho,SRC_005593,2026-04-16T22:48:45Z,2026-09-01T00:00:00Z,0.1,duplicate_observation,OBS_006303
IDENT_000670,ACT_0025,handle,DarkMarrow,SRC_004180,2026-05-25T13:33:59Z,2026-09-01T00:00:00Z,0.7,duplicate_observation,OBS_013255
IDENT_000671,ACT_0021,handle,ShadowForge,SRC_002028,2026-08-08T20:32:16Z,2026-09-01T00:00:00Z,0.16,duplicate_observation,
IDENT_000672,ACT_0016,handle,PhantomHollow,SRC_005283,2025-03-23T15:47:40Z,2025-09-01T15:47:40Z,0.45,duplicate_observation,OBS_011235
IDENT_000673,ACT_0025,handle,TalonEcho,SRC_004624,2026-09-26T00:00:00Z,2026-09-01T00:00:00Z,0.1,duplicate_observation,OBS_004754
IDENT_000674,ACT_0029,handle,ChromeHex39,SRC_004940,2025-05-19T22:51:37Z,2026-03-05T22:51:37Z,0.24,duplicate_observation,OBS_001128
IDENT_000675,ACT_0020,handle,NightCipher,SRC_005175,2026-10-31T00:00:00Z,2026-09-01T00:00:00Z,0.24,duplicate_observation,OBS_006976
IDENT_000676,ACT_0059,handle,NullWolf,SRC_002252,2026-08-01T16:19:50Z,2026-09-01T00:00:00Z,0.1,duplicate_observation,
IDENT_000677,ACT_0032,handle,VoidHollow,SRC_000659,2026-07-28T17:55:46Z,2026-09-01T00:00:00Z,0.14,duplicate_observation,
IDENT_000678,ACT_0024,handle,VectorHarbor,SRC_000859,2026-11-01T00:00:00Z,2026-09-01T00:00:00Z,0.7,duplicate_observation,OBS_001437
IDENT_000679,ACT_0026,handle,ZeroFox,SRC_001443,2026-10-25T00:00:00Z,2026-09-01T00:00:00Z,0.31,duplicate_observation,
IDENT_000680,ACT_0017,handle,ChromeSignal,SRC_004951,2024-12-08T11:28:43Z,2025-06-10T11:28:43Z,0.41,duplicate_observation,
IDENT_000681,ACT_0027,handle,RuneWarden,SRC_005534,2024-04-24T01:12:14Z,2024-06-17T01:12:14Z,0.7,duplicate_observation,OBS_000540
IDENT_000682,ACT_0046,handle,WraithHarbor,SRC_004548,2026-10-11T00:00:00Z,2026-09-01T00:00:00Z,0.12,duplicate_observation,
IDENT_000683,ACT_0044,handle,NightSentinel32,SRC_002033,2026-03-13T18:00:37Z,2026-08-05T18:00:37Z,0.13,duplicate_observation,OBS_000059
IDENT_000684,ACT_0010,handle,SilentFox,SRC_003272,2026-05-27T20:43:57Z,2026-09-01T00:00:00Z,0.3,duplicate_observation,
IDENT_000685,ACT_0020,handle,ChromeHarbor,SRC_005084,2025-07-25T15:43:16Z,2025-11-01T15:43:16Z,0.12,duplicate_observation,
IDENT_000686,ACT_0034,handle,DarkVector32,SRC_000076,2024-12-07T10:59:17Z,2025-09-01T10:59:17Z,0.18,duplicate_observation,
IDENT_000687,ACT_0058,handle,PhantomDrift95,SRC_005324,2025-08-30T17:09:54Z,2025-11-13T17:09:54Z,0.19,duplicate_observation,OBS_012947
IDENT_000688,ACT_0021,handle,ShadowForge,SRC_001619,2026-07-28T20:32:16Z,2026-09-01T00:00:00Z,0.1,duplicate_observation,OBS_005809
IDENT_000689,ACT_0045,handle,UmbraMarrow,SRC_000256,2025-05-07T07:17:31Z,2025-11-24T07:17:31Z,0.47,duplicate_observation,OBS_000400
IDENT_000690,ACT_0059,handle,NullWolf,SRC_001705,2026-07-16T16:19:50Z,2026-09-01T00:00:00Z,0.24,duplicate_observation,
IDENT_000691,ACT_0029,handle,ChromeHex39,SRC_002050,2025-05-17T22:51:37Z,2026-02-24T22:51:37Z,0.23,duplicate_observation,
IDENT_000692,ACT_0040,handle,StormPulse,SRC_001254,2026-10-02T00:00:00Z,2026-09-01T00:00:00Z,0.55,duplicate_observation,OBS_010935
IDENT_000693,ACT_0030,handle,SilentOrbit,SRC_002121,2025-01-10T21:36:22Z,2025-08-28T21:36:22Z,0.53,duplicate_observation,
IDENT_000694,ACT_0053,handle,DarkOrbit,SRC_005441,2026-04-03T21:22:52Z,2026-09-01T00:00:00Z,0.1,duplicate_observation,
IDENT_000695,ACT_0026,handle,ChromeMarrow,SRC_004326,2025-07-26T18:43:51Z,2025-09-10T18:43:51Z,0.26,duplicate_observation,
IDENT_000696,ACT_0035,handle,CrimsonMoth,SRC_004664,2024-05-03T22:04:42Z,2025-05-28T22:04:42Z,0.39,duplicate_observation,
IDENT_000697,ACT_0047,handle,AshForge54,SRC_000581,2024-11-16T22:38:20Z,2026-02-28T22:38:20Z,0.45,duplicate_observation,OBS_004567
IDENT_000698,ACT_0045,handle,VectorCrow,SRC_001069,2024-12-08T07:17:31Z,2025-03-23T07:17:31Z,0.31,duplicate_observation,OBS_009195
IDENT_000699,ACT_0045,handle,UmbraMarrow,SRC_000907,2025-04-29T07:17:31Z,2025-11-04T07:17:31Z,0.23,duplicate_observation,
IDENT_000700,ACT_0008,handle,FrostMoth,SRC_001252,2026-09-22T10:13:36Z,2026-09-01T00:00:00Z,0.62,duplicate_observation,OBS_013181
IDENT_000701,ACT_0001,handle,SilentTrace,SRC_005125,2024-02-17T20:28:06Z,2024-12-17T20:28:06Z,0.34,duplicate_observation,
IDENT_000702,ACT_0015,handle,SilverLedger,SRC_003308,2026-10-11T00:00:00Z,2026-09-01T00:00:00Z,0.34,duplicate_observation,OBS_011297
IDENT_000703,ACT_0034,handle,ObsidianMoth89,SRC_002148,2026-10-05T00:00:00Z,2026-09-01T00:00:00Z,0.18,duplicate_observation,
IDENT_000704,ACT_0008,handle,FrostMoth,SRC_005256,2026-09-22T10:13:36Z,2026-09-01T00:00:00Z,0.1,duplicate_observation,
IDENT_000705,ACT_0006,handle,ForgeVector,SRC_005138,2024-08-29T08:56:39Z,2025-08-18T08:56:39Z,0.25,duplicate_observation,
IDENT_000706,ACT_0023,handle,SilverPulse,SRC_005813,2026-10-06T00:00:00Z,2026-09-01T00:00:00Z,0.2,duplicate_observation,
IDENT_000707,ACT_0053,handle,IronHarbor,SRC_000173,2024-08-08T21:22:52Z,2025-02-12T21:22:52Z,0.2,duplicate_observation,OBS_010488
IDENT_000708,ACT_0046,handle,ObsidianFalcon,SRC_003041,2025-09-15T14:13:34Z,2026-01-17T14:13:34Z,0.1,duplicate_observation,OBS_013874
IDENT_000709,ACT_0014,handle,NightLedger,SRC_002103,2024-01-19T02:17:28Z,2024-10-26T02:17:28Z,0.31,duplicate_observation,OBS_010809
IDENT_000710,ACT_0021,handle,NullPulse,SRC_004498,2026-10-04T00:00:00Z,2026-09-01T00:00:00Z,0.2,duplicate_observation,
IDENT_000711,ACT_0056,handle,NightCrow,SRC_001531,2025-04-06T10:20:14Z,2026-01-09T10:20:14Z,0.22,duplicate_observation,
IDENT_000712,ACT_0019,handle,VoidDrift,SRC_000041,2025-08-18T04:42:59Z,2026-09-01T00:00:00Z,0.45,duplicate_observation,
IDENT_000713,ACT_0003,handle,GreyRoot,SRC_000361,2024-08-10T18:21:03Z,2025-10-29T18:21:03Z,0.35,duplicate_observation,OBS_002614
IDENT_000714,ACT_0005,handle,SilentVector,SRC_000728,2026-07-09T07:09:23Z,2026-09-01T00:00:00Z,0.25,duplicate_observation,OBS_010324
IDENT_000715,ACT_0035,handle,CrimsonMoth,SRC_004787,2024-04-25T22:04:42Z,2025-05-23T22:04:42Z,0.67,duplicate_observation,OBS_006624
IDENT_000716,ACT_0011,handle,StormMarrow12,SRC_001070,2026-05-01T12:53:27Z,2026-09-01T00:00:00Z,0.35,duplicate_observation,
IDENT_000717,ACT_0030,handle,OnyxRoot,SRC_001474,2025-10-04T21:36:22Z,2026-08-26T21:36:22Z,0.54,duplicate_observation,
IDENT_000718,ACT_0024,handle,WraithSpire,SRC_002046,2025-08-18T00:47:04Z,2026-08-25T00:47:04Z,0.18,duplicate_observation,
IDENT_000719,ACT_0056,handle,VoidNode,SRC_003115,2024-09-12T10:20:14Z,2025-04-03T10:20:14Z,0.45,duplicate_observation,OBS_004420
IDENT_000720,ACT_0014,handle,HavocHollow,SRC_003625,2025-01-05T02:17:28Z,2025-10-09T02:17:28Z,0.53,duplicate_observation,
IDENT_000721,ACT_0008,handle,SilentPulse,SRC_005314,2025-10-11T10:13:36Z,2026-08-23T10:13:36Z,0.1,duplicate_observation,OBS_010621
IDENT_000722,ACT_0047,handle,AshForge54,SRC_002906,2024-11-23T22:38:20Z,2026-02-26T22:38:20Z,0.58,duplicate_observation,OBS_006044
IDENT_000723,ACT_0057,handle,DriftReaper,SRC_005234,2026-09-26T00:00:00Z,2026-09-01T00:00:00Z,0.39,duplicate_observation,OBS_008057
IDENT_000724,ACT_0058,handle,DarkSignal,SRC_003877,2026-01-09T17:09:54Z,2026-09-01T00:00:00Z,0.24,duplicate_observation,OBS_009984
IDENT_000725,ACT_0008,handle,SilentPulse,SRC_001695,2025-10-16T10:13:36Z,2026-08-29T10:13:36Z,0.1,duplicate_observation,OBS_003800
IDENT_000726,ACT_0020,handle,NightCipher,SRC_001818,2026-11-07T00:00:00Z,2026-09-01T00:00:00Z,0.2,duplicate_observation,
IDENT_000727,ACT_0003,handle,GreyRoot,SRC_003009,2024-08-09T18:21:03Z,2025-11-08T18:21:03Z,0.27,duplicate_observation,
IDENT_000728,ACT_0056,handle,TalonCipher,SRC_005279,2026-01-14T10:20:14Z,2026-03-19T10:20:14Z,0.1,duplicate_observation,OBS_001038
IDENT_000729,ACT_0020,handle,ZeroOrbit,SRC_002196,2026-03-11T15:43:16Z,2026-09-01T00:00:00Z,0.39,duplicate_observation,OBS_008193
IDENT_000730,ACT_0051,handle,GreyEcho,SRC_005472,2026-07-03T11:41:03Z,2026-09-01T00:00:00Z,0.28,duplicate_observation,OBS_008277
IDENT_000731,ACT_0057,handle,CrimsonDrift,SRC_001984,2025-11-02T19:15:51Z,2026-09-01T00:00:00Z,0.28,duplicate_observation,
IDENT_000732,ACT_0055,handle,StormRunner,SRC_003272,2024-03-27T04:37:32Z,2024-06-18T04:37:32Z,0.28,duplicate_observation,
IDENT_000733,ACT_0012,handle,CipherSpire,SRC_000907,2025-02-15T10:37:19Z,2025-11-03T10:37:19Z,0.15,duplicate_observation,OBS_013944
IDENT_000734,ACT_0056,handle,TalonCipher,SRC_003466,2026-01-10T10:20:14Z,2026-03-17T10:20:14Z,0.23,duplicate_observation,
IDENT_000735,ACT_0046,handle,WraithHarbor,SRC_000952,2026-10-16T00:00:00Z,2026-09-01T00:00:00Z,0.24,duplicate_observation,
IDENT_000736,ACT_0009,handle,WraithHex25,SRC_003528,2026-10-11T00:00:00Z,2026-09-01T00:00:00Z,0.1,duplicate_observation,
IDENT_000737,ACT_0056,handle,VoidNode,SRC_001807,2024-09-04T10:20:14Z,2025-03-27T10:20:14Z,0.37,duplicate_observation,
IDENT_000738,ACT_0046,handle,PhantomGrid,SRC_001702,2026-01-21T14:13:34Z,2026-07-09T14:13:34Z,0.3,duplicate_observation,OBS_012823
IDENT_000739,ACT_0053,handle,DarkOrbit,SRC_001456,2026-03-21T21:22:52Z,2026-09-01T00:00:00Z,0.1,duplicate_observation,
IDENT_000740,ACT_0040,handle,RuneMoth,SRC_001479,2026-10-11T00:00:00Z,2026-09-01T00:00:00Z,0.16,duplicate_observation,OBS_008788
IDENT_000741,ACT_0054,handle,ShadowGrid,SRC_000901,2026-10-06T00:00:00Z,2026-09-01T00:00:00Z,0.29,duplicate_observation,
IDENT_000742,ACT_0020,handle,ChromeHarbor,SRC_002796,2025-07-24T15:43:16Z,2025-10-21T15:43:16Z,0.7,duplicate_observation,OBS_001616
IDENT_000743,ACT_0034,handle,PhantomOrbit,SRC_005135,2026-10-25T00:00:00Z,2026-09-01T00:00:00Z,0.17,duplicate_observation,OBS_003321
IDENT_000744,ACT_0052,handle,IronRunner,SRC_000037,2025-07-23T08:12:20Z,2026-02-27T08:12:20Z,0.32,duplicate_observation,
IDENT_000745,ACT_0020,handle,BlackRoot71,SRC_001898,2025-11-08T15:43:16Z,2026-03-04T15:43:16Z,0.58,duplicate_observation,OBS_010973
IDENT_000746,ACT_0054,handle,UmbraHollow,SRC_005051,2026-02-11T15:36:14Z,2026-05-03T15:36:14Z,0.44,duplicate_observation,
IDENT_000747,ACT_0032,handle,RuneEcho,SRC_005156,2025-07-28T17:55:46Z,2026-07-29T17:55:46Z,0.1,duplicate_observation,OBS_006614
IDENT_000748,ACT_0009,handle,WraithHex25,SRC_005116,2026-10-12T00:00:00Z,2026-09-01T00:00:00Z,0.55,duplicate_observation,
IDENT_000749,ACT_0052,handle,StormHollow,SRC_001193,2026-03-29T08:12:20Z,2026-09-01T00:00:00Z,0.24,duplicate_observation,OBS_002499
IDENT_000750,ACT_0009,handle,AshSignal52,SRC_002653,2026-10-28T00:00:00Z,2026-09-01T00:00:00Z,0.39,duplicate_observation,OBS_003428
IDENT_000751,ACT_0028,handle,OnyxPulse,SRC_005058,2025-01-04T00:39:48Z,2025-05-05T00:39:48Z,0.18,duplicate_observation,OBS_005596
IDENT_000752,ACT_0053,handle,IronHarbor,SRC_004649,2024-08-17T21:22:52Z,2025-02-21T21:22:52Z,0.2,duplicate_observation,
IDENT_000753,ACT_0054,handle,UmbraHollow,SRC_004024,2026-02-07T15:36:14Z,2026-05-07T15:36:14Z,0.29,duplicate_observation,OBS_009629
IDENT_000754,ACT_0008,handle,SilentPulse,SRC_005255,2025-10-01T10:13:36Z,2026-08-22T10:13:36Z,0.21,duplicate_observation,
IDENT_000755,ACT_0024,handle,WraithSpire,SRC_002960,2025-08-24T00:47:04Z,2026-08-21T00:47:04Z,0.31,duplicate_observation,
IDENT_000756,ACT_0038,handle,VectorVector,SRC_001343,2025-08-12T11:07:27Z,2025-11-02T11:07:27Z,0.1,duplicate_observation,
IDENT_000757,ACT_0056,handle,VoidCipher,SRC_002808,2026-10-18T00:00:00Z,2026-09-01T00:00:00Z,0.42,duplicate_observation,
IDENT_000758,ACT_0040,handle,FrostWolf,SRC_003603,2025-05-25T18:08:11Z,2025-11-17T18:08:11Z,0.22,duplicate_observation,
IDENT_000759,ACT_0021,handle,StormWolf89,SRC_000799,2026-10-15T00:00:00Z,2026-09-01T00:00:00Z,0.33,duplicate_observation,OBS_007815
IDENT_000760,ACT_0010,handle,HavocSpire71,SRC_005245,2026-09-30T00:00:00Z,2026-09-01T00:00:00Z,0.19,duplicate_observation,OBS_004502
IDENT_000761,ACT_0047,handle,AshForge54,SRC_000727,2024-11-28T22:38:20Z,2026-02-10T22:38:20Z,0.44,duplicate_observation,
IDENT_000762,ACT_0046,handle,VectorSentinel,SRC_005353,2026-07-09T14:13:34Z,2026-09-01T00:00:00Z,0.16,duplicate_observation,
IDENT_000763,ACT_0040,handle,ChromeShade,SRC_005698,2026-10-10T00:00:00Z,2026-09-01T00:00:00Z,0.1,duplicate_observation,OBS_012003
IDENT_000764,ACT_0014,handle,NightLedger,SRC_000996,2024-01-25T02:17:28Z,2024-10-28T02:17:28Z,0.45,duplicate_observation,OBS_012010
IDENT_000765,ACT_0010,handle,SilentFox,SRC_003914,2026-06-07T20:43:57Z,2026-09-01T00:00:00Z,0.43,duplicate_observation,
IDENT_000766,ACT_0050,handle,GhostCrow,SRC_004175,2026-11-14T00:00:00Z,2026-09-01T00:00:00Z,0.1,duplicate_observation,OBS_006589
IDENT_000767,ACT_0028,handle,OnyxPulse,SRC_000843,2025-01-01T00:39:48Z,2025-05-14T00:39:48Z,0.41,duplicate_observation,OBS_007956
IDENT_000768,ACT_0025,handle,DarkMarrow,SRC_004408,2026-05-19T13:33:59Z,2026-09-01T00:00:00Z,0.11,duplicate_observation,OBS_009774
IDENT_000769,ACT_0035,handle,RogueDrift,SRC_003162,2026-11-06T00:00:00Z,2026-09-01T00:00:00Z,0.49,duplicate_observation,
IDENT_000770,ACT_0009,handle,WraithHex25,SRC_005169,2026-09-27T00:00:00Z,2026-09-01T00:00:00Z,0.19,duplicate_observation,OBS_011217
IDENT_000771,ACT_0014,handle,NightLedger,SRC_005407,2024-01-26T02:17:28Z,2024-11-04T02:17:28Z,0.19,duplicate_observation,
IDENT_000772,ACT_0045,handle,VectorCrow,SRC_002523,2024-12-13T07:17:31Z,2025-03-21T07:17:31Z,0.45,duplicate_observation,
IDENT_000773,ACT_0023,handle,GreySentinel,SRC_005393,2026-09-17T00:00:00Z,2026-09-01T00:00:00Z,0.11,duplicate_observation,
IDENT_000774,ACT_0012,handle,ObsidianRoot49,SRC_005254,2024-12-14T10:37:19Z,2025-01-17T10:37:19Z,0.25,duplicate_observation,OBS_000123
IDENT_000775,ACT_0035,handle,StormDrift,SRC_002415,2026-10-09T00:00:00Z,2026-09-01T00:00:00Z,0.34,duplicate_observation,
IDENT_000776,ACT_0036,handle,OnyxHex,SRC_002059,2026-09-17T00:00:00Z,2026-09-01T00:00:00Z,0.17,duplicate_observation,
IDENT_000777,ACT_0047,handle,StormFox,SRC_000581,2024-08-23T22:38:20Z,2024-10-25T22:38:20Z,0.37,duplicate_observation,
IDENT_000778,ACT_0017,handle,ChromeSignal,SRC_005223,2024-12-03T11:28:43Z,2025-06-22T11:28:43Z,0.38,duplicate_observation,
IDENT_000779,ACT_0021,handle,NullPulse,SRC_003049,2026-09-18T00:00:00Z,2026-09-01T00:00:00Z,0.7,duplicate_observation,OBS_009717
IDENT_000780,ACT_0043,handle,UmbraRoot,SRC_003514,2025-03-04T22:06:12Z,2026-04-11T22:06:12Z,0.15,duplicate_observation,
IDENT_000781,ACT_0031,handle,WraithWarden,SRC_001280,2025-09-01T19:36:25Z,2026-03-04T19:36:25Z,0.12,duplicate_observation,OBS_009803
IDENT_000782,ACT_0042,handle,CipherFalcon,SRC_001713,2025-11-09T00:56:31Z,2026-07-19T00:56:31Z,0.4,duplicate_observation,OBS_001716
IDENT_000783,ACT_0051,handle,SilverGrid,SRC_005501,2026-11-10T00:00:00Z,2026-09-01T00:00:00Z,0.1,duplicate_observation,
IDENT_000784,ACT_0031,handle,StormMarrow37,SRC_001023,2025-03-10T19:36:25Z,2025-07-24T19:36:25Z,0.17,duplicate_observation,
IDENT_000785,ACT_0024,handle,VectorHarbor,SRC_001804,2026-11-06T00:00:00Z,2026-09-01T00:00:00Z,0.41,duplicate_observation,
IDENT_000786,ACT_0014,handle,HavocHollow,SRC_001033,2025-01-04T02:17:28Z,2025-10-13T02:17:28Z,0.26,duplicate_observation,OBS_007030
IDENT_000787,ACT_0028,handle,OnyxPulse,SRC_004628,2024-12-25T00:39:48Z,2025-05-06T00:39:48Z,0.41,duplicate_observation,
IDENT_000788,ACT_0035,handle,BlackReaper60,SRC_003105,2026-11-03T00:00:00Z,2026-09-01T00:00:00Z,0.3,duplicate_observation,OBS_014089
IDENT_000789,ACT_0018,handle,DriftTrace,SRC_001172,2024-06-14T18:40:31Z,2025-10-16T18:40:31Z,0.62,duplicate_observation,OBS_008096
IDENT_000790,ACT_0025,handle,TalonEcho,SRC_004293,2026-09-27T00:00:00Z,2026-09-01T00:00:00Z,0.29,duplicate_observation,OBS_008384
IDENT_000791,ACT_0036,handle,TalonSpire,SRC_000770,2026-04-26T18:10:40Z,2026-09-01T00:00:00Z,0.19,duplicate_observation,OBS_011482
IDENT_000792,ACT_0013,handle,NightWarden,SRC_003725,2026-09-17T00:00:00Z,2026-09-01T00:00:00Z,0.41,duplicate_observation,
IDENT_000793,ACT_0038,handle,VectorVector,SRC_002963,2025-08-21T11:07:27Z,2025-10-21T11:07:27Z,0.61,duplicate_observation,
IDENT_000794,ACT_0020,handle,NightCipher,SRC_004725,2026-10-26T00:00:00Z,2026-09-01T00:00:00Z,0.22,duplicate_observation,OBS_007770
IDENT_000795,ACT_0016,handle,ChromeGrid,SRC_005272,2025-09-10T15:47:40Z,2026-02-20T15:47:40Z,0.42,duplicate_observation,
IDENT_000796,ACT_0025,handle,GhostSentinel,SRC_000616,2026-10-31T00:00:00Z,2026-09-01T00:00:00Z,0.2,duplicate_observation,OBS_002480
IDENT_000797,ACT_0044,handle,NightSentinel32,SRC_002417,2026-03-19T18:00:37Z,2026-07-28T18:00:37Z,0.36,duplicate_observation,
IDENT_000798,ACT_0024,handle,VectorHarbor,SRC_003592,2026-11-11T00:00:00Z,2026-09-01T00:00:00Z,0.42,duplicate_observation,OBS_013611
IDENT_000799,ACT_0046,handle,ObsidianFalcon,SRC_000874,2025-09-10T14:13:34Z,2026-01-16T14:13:34Z,0.45,duplicate_observation,
IDENT_000800,ACT_0014,handle,NightLedger,SRC_005656,2024-01-16T02:17:28Z,2024-10-25T02:17:28Z,0.16,duplicate_observation,OBS_007829
IDENT_000801,ACT_0003,handle,IronLedger,SRC_001117,2025-11-21T18:21:03Z,2026-09-01T00:00:00Z,0.4,duplicate_observation,OBS_009327
IDENT_000802,ACT_0059,handle,NullWolf,SRC_001788,2026-07-30T16:19:50Z,2026-09-01T00:00:00Z,0.36,duplicate_observation,
IDENT_000803,ACT_0053,handle,OnyxFang,SRC_003259,2025-02-17T21:22:52Z,2026-03-12T21:22:52Z,0.13,duplicate_observation,
IDENT_000804,ACT_0009,handle,CrimsonReaper,SRC_005476,2026-10-10T00:00:00Z,2026-09-01T00:00:00Z,0.17,duplicate_observation,OBS_005698
IDENT_000805,ACT_0053,handle,IronHarbor,SRC_002982,2024-08-15T21:22:52Z,2025-02-25T21:22:52Z,0.35,duplicate_observation,
IDENT_000806,ACT_0011,handle,IronSpecter,SRC_003371,2026-10-30T00:00:00Z,2026-09-01T00:00:00Z,0.7,duplicate_observation,
IDENT_000807,ACT_0059,handle,NullWolf,SRC_001516,2026-07-18T16:19:50Z,2026-09-01T00:00:00Z,0.55,duplicate_observation,OBS_011210
IDENT_000808,ACT_0038,handle,CrimsonLedger,SRC_004756,2025-11-15T11:07:27Z,2026-07-27T11:07:27Z,0.45,duplicate_observation,
IDENT_000809,ACT_0026,handle,RuneCrow,SRC_002566,2025-09-11T18:43:51Z,2026-02-24T18:43:51Z,0.29,duplicate_observation,OBS_007223
IDENT_000810,ACT_0059,handle,VectorHex,SRC_005431,2026-10-02T00:00:00Z,2026-09-01T00:00:00Z,0.18,duplicate_observation,
IDENT_000811,ACT_0003,handle,IronLedger,SRC_002459,2025-11-26T18:21:03Z,2026-09-01T00:00:00Z,0.24,duplicate_observation,
IDENT_000812,ACT_0057,handle,DriftReaper,SRC_002195,2026-09-29T00:00:00Z,2026-09-01T00:00:00Z,0.19,duplicate_observation,
IDENT_000813,ACT_0015,handle,SilverLedger,SRC_000388,2026-10-12T00:00:00Z,2026-09-01T00:00:00Z,0.38,duplicate_observation,OBS_005852
IDENT_000814,ACT_0036,handle,TalonSpire,SRC_002382,2026-04-28T18:10:40Z,2026-09-01T00:00:00Z,0.61,duplicate_observation,
IDENT_000815,ACT_0036,handle,OnyxHex,SRC_002855,2026-09-28T00:00:00Z,2026-09-01T00:00:00Z,0.44,duplicate_observation,OBS_011626
IDENT_000816,ACT_0017,handle,BlackCipher,SRC_004775,2026-09-04T11:28:43Z,2026-09-01T00:00:00Z,0.13,duplicate_observation,
IDENT_000817,ACT_0023,handle,GreyOrbit,SRC_000046,2026-05-01T00:01:56Z,2026-09-01T00:00:00Z,0.31,duplicate_observation,
IDENT_000818,ACT_0021,handle,StormWolf89,SRC_004402,2026-10-16T00:00:00Z,2026-09-01T00:00:00Z,0.11,duplicate_observation,
IDENT_000819,ACT_0035,handle,StormDrift,SRC_005183,2026-10-12T00:00:00Z,2026-09-01T00:00:00Z,0.48,duplicate_observation,OBS_013679
IDENT_000820,ACT_0029,handle,GhostShade,SRC_004069,2024-05-21T22:51:37Z,2025-05-07T22:51:37Z,0.46,duplicate_observation,
IDENT_000821,ACT_0020,handle,ZeroOrbit,SRC_000615,2026-03-25T15:43:16Z,2026-09-01T00:00:00Z,0.22,duplicate_observation,OBS_007854
IDENT_000822,ACT_0047,handle,AshForge54,SRC_001877,2024-12-04T22:38:20Z,2026-02-16T22:38:20Z,0.31,duplicate_observation,
IDENT_000823,ACT_0043,handle,UmbraRoot,SRC_001383,2025-02-24T22:06:12Z,2026-04-19T22:06:12Z,0.56,duplicate_observation,OBS_000150
IDENT_000824,ACT_0042,handle,ObsidianWarden,SRC_002005,2025-05-08T00:56:31Z,2025-06-23T00:56:31Z,0.16,duplicate_observation,OBS_004397
IDENT_000825,ACT_0034,handle,HavocSentinel54,SRC_002100,2025-10-04T10:59:17Z,2026-09-01T00:00:00Z,0.26,duplicate_observation,OBS_004848
IDENT_000826,ACT_0008,handle,RuneLedger,SRC_001350,2024-12-29T10:13:36Z,2025-03-04T10:13:36Z,0.29,duplicate_observation,OBS_007236
IDENT_000827,ACT_0027,handle,CrimsonWolf,SRC_004965,2024-08-13T01:12:14Z,2025-10-27T01:12:14Z,0.17,duplicate_observation,OBS_012076
IDENT_000828,ACT_0035,handle,BlackReaper60,SRC_005164,2026-10-29T00:00:00Z,2026-09-01T00:00:00Z,0.23,duplicate_observation,OBS_010833
IDENT_000829,ACT_0052,handle,IronRunner,SRC_002916,2025-08-04T08:12:20Z,2026-02-23T08:12:20Z,0.46,duplicate_observation,
IDENT_000830,ACT_0050,handle,FrostReaper,SRC_004781,2026-07-14T02:56:43Z,2026-09-01T00:00:00Z,0.35,duplicate_observation,
IDENT_000831,ACT_0023,handle,GreyOrbit,SRC_003243,2026-04-14T00:01:56Z,2026-09-01T00:00:00Z,0.1,duplicate_observation,
IDENT_000832,ACT_0019,handle,VoidDrift,SRC_002370,2025-08-20T04:42:59Z,2026-09-01T00:00:00Z,0.64,duplicate_observation,OBS_003464
IDENT_000833,ACT_0037,handle,VoidMoth,SRC_002005,2025-01-10T20:05:11Z,2025-07-19T20:05:11Z,0.56,duplicate_observation,OBS_010216
IDENT_000834,ACT_0014,handle,NightLedger,SRC_000725,2024-01-27T02:17:28Z,2024-10-28T02:17:28Z,0.22,duplicate_observation,OBS_005619
IDENT_000835,ACT_0020,handle,ZeroOrbit,SRC_002966,2026-03-25T15:43:16Z,2026-09-01T00:00:00Z,0.39,duplicate_observation,
IDENT_000836,ACT_0035,handle,BlackReaper60,SRC_001725,2026-10-30T00:00:00Z,2026-09-01T00:00:00Z,0.15,duplicate_observation,OBS_003099
IDENT_000837,ACT_0026,handle,RuneCrow,SRC_001418,2025-09-17T18:43:51Z,2026-03-09T18:43:51Z,0.17,duplicate_observation,
IDENT_000838,ACT_0025,handle,GhostSentinel,SRC_000572,2026-11-13T00:00:00Z,2026-09-01T00:00:00Z,0.64,duplicate_observation,OBS_012251
IDENT_000839,ACT_0058,handle,DarkSignal,SRC_003852,2026-01-11T17:09:54Z,2026-09-01T00:00:00Z,0.24,duplicate_observation,OBS_013370
IDENT_000840,ACT_0043,handle,CrimsonCrow,SRC_003632,2026-06-15T22:06:12Z,2026-09-01T00:00:00Z,0.19,duplicate_observation,
IDENT_000841,ACT_0046,handle,WraithHarbor,SRC_001212,2026-10-20T00:00:00Z,2026-09-01T00:00:00Z,0.1,duplicate_observation,OBS_011981
IDENT_000842,ACT_0007,handle,GhostForge71,SRC_003293,2024-06-12T13:12:42Z,2024-10-20T13:12:42Z,0.47,duplicate_observation,
IDENT_000843,ACT_0054,handle,UmbraHollow,SRC_004567,2026-02-16T15:36:14Z,2026-04-30T15:36:14Z,0.1,duplicate_observation,
IDENT_000844,ACT_0026,handle,ZeroFox,SRC_005358,2026-11-10T00:00:00Z,2026-09-01T00:00:00Z,0.25,duplicate_observation,
IDENT_000845,ACT_0028,handle,OnyxPulse,SRC_002341,2025-01-02T00:39:48Z,2025-04-30T00:39:48Z,0.7,duplicate_observation,OBS_006679
IDENT_000846,ACT_0003,handle,IronLedger,SRC_002767,2025-11-24T18:21:03Z,2026-09-01T00:00:00Z,0.38,duplicate_observation,
IDENT_000847,ACT_0003,handle,IronLedger,SRC_004121,2025-11-10T18:21:03Z,2026-09-01T00:00:00Z,0.36,duplicate_observation,
IDENT_000848,ACT_0057,handle,DriftReaper,SRC_001628,2026-10-03T00:00:00Z,2026-09-01T00:00:00Z,0.21,duplicate_observation,
IDENT_000849,ACT_0050,handle,GhostCrow,SRC_003241,2026-11-10T00:00:00Z,2026-09-01T00:00:00Z,0.44,duplicate_observation,
IDENT_000850,ACT_0047,handle,AshForge54,SRC_004708,2024-11-26T22:38:20Z,2026-02-24T22:38:20Z,0.31,duplicate_observation,OBS_002462
IDENT_000851,ACT_0025,handle,ChromeOrbit,SRC_003040,2026-09-05T00:00:00Z,2026-09-01T00:00:00Z,0.15,duplicate_observation,OBS_009386
IDENT_000852,ACT_0031,handle,StormMarrow37,SRC_004625,2025-03-19T19:36:25Z,2025-08-03T19:36:25Z,0.5,duplicate_observation,
IDENT_000853,ACT_0054,handle,UmbraHollow,SRC_005100,2026-02-14T15:36:14Z,2026-05-07T15:36:14Z,0.4,duplicate_observation,OBS_014126
IDENT_000854,ACT_0035,handle,RogueDrift,SRC_001739,2026-11-16T00:00:00Z,2026-09-01T00:00:00Z,0.3,duplicate_observation,OBS_005394
IDENT_000855,ACT_0016,handle,PhantomHollow,SRC_000368,2025-03-23T15:47:40Z,2025-08-28T15:47:40Z,0.24,duplicate_observation,
IDENT_000856,ACT_0007,handle,GhostForge71,SRC_003812,2024-05-29T13:12:42Z,2024-10-20T13:12:42Z,0.43,duplicate_observation,
IDENT_000857,ACT_0046,handle,WraithHarbor,SRC_001256,2026-10-29T00:00:00Z,2026-09-01T00:00:00Z,0.6,duplicate_observation,
IDENT_000858,ACT_0015,handle,NullCipher,SRC_000528,2025-11-01T12:12:24Z,2026-09-01T00:00:00Z,0.35,duplicate_observation,OBS_010451
IDENT_000859,ACT_0032,handle,RuneEcho,SRC_001741,2025-07-29T17:55:46Z,2026-08-05T17:55:46Z,0.19,duplicate_observation,OBS_003917
IDENT_000860,ACT_0054,handle,ShadowGrid,SRC_005231,2026-09-26T00:00:00Z,2026-09-01T00:00:00Z,0.35,duplicate_observation,OBS_013748
IDENT_000861,ACT_0052,handle,IronRunner,SRC_002605,2025-07-25T08:12:20Z,2026-03-04T08:12:20Z,0.22,duplicate_observation,OBS_012787
IDENT_000862,ACT_0026,handle,ZeroFox,SRC_004111,2026-11-04T00:00:00Z,2026-09-01T00:00:00Z,0.7,duplicate_observation,OBS_005628
IDENT_000863,ACT_0026,handle,RuneCrow,SRC_000981,2025-09-07T18:43:51Z,2026-02-25T18:43:51Z,0.31,duplicate_observation,OBS_002272
IDENT_000864,ACT_0018,handle,GreyRunner,SRC_003687,2025-11-03T18:40:31Z,2026-09-01T00:00:00Z,0.62,duplicate_observation,OBS_003435
IDENT_000865,ACT_0057,handle,CrimsonDrift,SRC_002926,2025-10-17T19:15:51Z,2026-09-01T00:00:00Z,0.1,duplicate_observation,OBS_004327
IDENT_000866,ACT_0035,handle,CrimsonMoth,SRC_005829,2024-05-07T22:04:42Z,2025-05-28T22:04:42Z,0.59,duplicate_observation,
IDENT_000867,ACT_0056,handle,NightCrow,SRC_002299,2025-04-15T10:20:14Z,2026-01-02T10:20:14Z,0.28,duplicate_observation,OBS_013413
IDENT_000868,ACT_0018,handle,GreyRunner,SRC_005524,2025-10-30T18:40:31Z,2026-09-01T00:00:00Z,0.11,duplicate_observation,OBS_009621
IDENT_000869,ACT_0035,handle,StormDrift,SRC_003076,2026-10-07T00:00:00Z,2026-09-01T00:00:00Z,0.1,duplicate_observation,
IDENT_000870,ACT_0021,handle,NullPulse,SRC_001112,2026-10-04T00:00:00Z,2026-09-01T00:00:00Z,0.3,duplicate_observation,OBS_007163
IDENT_000871,ACT_0016,handle,ChromeGrid,SRC_001869,2025-09-02T15:47:40Z,2026-02-16T15:47:40Z,0.27,duplicate_observation,
IDENT_000872,ACT_0016,handle,ChromeGrid,SRC_004109,2025-09-20T15:47:40Z,2026-02-17T15:47:40Z,0.42,duplicate_observation,
IDENT_000873,ACT_0021,handle,ShadowForge,SRC_004897,2026-07-31T20:32:16Z,2026-09-01T00:00:00Z,0.7,duplicate_observation,OBS_005793
IDENT_000874,ACT_0034,handle,PhantomOrbit,SRC_003307,2026-10-29T00:00:00Z,2026-09-01T00:00:00Z,0.17,duplicate_observation,
IDENT_000875,ACT_0042,handle,ObsidianWarden,SRC_005426,2025-05-13T00:56:31Z,2025-07-01T00:56:31Z,0.3,duplicate_observation,
IDENT_000876,ACT_0030,handle,CrimsonForge,SRC_000449,2024-06-08T21:36:22Z,2024-12-22T21:36:22Z,0.41,duplicate_observation,
IDENT_000877,ACT_0042,handle,AshFox60,SRC_002104,2025-06-27T00:56:31Z,2025-11-10T00:56:31Z,0.62,duplicate_observation,
IDENT_000878,ACT_0024,handle,VectorHarbor,SRC_005010,2026-11-03T00:00:00Z,2026-09-01T00:00:00Z,0.28,duplicate_observation,OBS_000547
IDENT_000879,ACT_0017,handle,BlackCipher,SRC_004631,2026-09-05T11:28:43Z,2026-09-01T00:00:00Z,0.47,duplicate_observation,
IDENT_000880,ACT_0016,handle,PhantomHollow,SRC_000979,2025-03-16T15:47:40Z,2025-09-02T15:47:40Z,0.6,duplicate_observation,OBS_012669
IDENT_000881,ACT_0009,handle,CrimsonReaper,SRC_001617,2026-10-01T00:00:00Z,2026-09-01T00:00:00Z,0.13,duplicate_observation,OBS_012958
IDENT_000882,ACT_0011,handle,StormMarrow12,SRC_001545,2026-05-05T12:53:27Z,2026-09-01T00:00:00Z,0.11,duplicate_observation,OBS_007210
IDENT_000883,ACT_0038,handle,VectorVector,SRC_001417,2025-08-16T11:07:27Z,2025-10-31T11:07:27Z,0.23,duplicate_observation,OBS_004165
IDENT_000884,ACT_0032,handle,RuneEcho,SRC_005611,2025-08-05T17:55:46Z,2026-07-27T17:55:46Z,0.35,duplicate_observation,
IDENT_000885,ACT_0057,handle,DriftReaper,SRC_000901,2026-09-29T00:00:00Z,2026-09-01T00:00:00Z,0.34,duplicate_observation,OBS_013642
IDENT_000886,ACT_0042,handle,CipherFalcon,SRC_004169,2025-11-01T00:56:31Z,2026-07-29T00:56:31Z,0.57,duplicate_observation,OBS_006642
IDENT_000887,ACT_0007,handle,GhostForge71,SRC_001639,2024-06-01T13:12:42Z,2024-10-30T13:12:42Z,0.15,duplicate_observation,
IDENT_000888,ACT_0012,handle,ObsidianRoot49,SRC_001656,2024-12-15T10:37:19Z,2025-01-17T10:37:19Z,0.64,duplicate_observation,OBS_005110
IDENT_000889,ACT_0009,handle,BlackHarbor,SRC_001409,2026-08-05T04:53:06Z,2026-09-01T00:00:00Z,0.39,duplicate_observation,
IDENT_000890,ACT_0050,handle,CipherForge,SRC_001675,2026-10-09T00:00:00Z,2026-09-01T00:00:00Z,0.47,duplicate_observation,OBS_010824
IDENT_000891,ACT_0043,handle,CrimsonCrow,SRC_001460,2026-06-21T22:06:12Z,2026-09-01T00:00:00Z,0.68,duplicate_observation,
IDENT_000892,ACT_0013,handle,VectorPulse,SRC_005793,2026-07-04T09:25:01Z,2026-09-01T00:00:00Z,0.64,duplicate_observation,OBS_013907
IDENT_000893,ACT_0045,handle,VectorCrow,SRC_002117,2024-12-16T07:17:31Z,2025-04-07T07:17:31Z,0.45,duplicate_observation,OBS_009594
IDENT_000894,ACT_0009,handle,AshSignal52,SRC_000263,2026-10-18T00:00:00Z,2026-09-01T00:00:00Z,0.33,duplicate_observation,
IDENT_000895,ACT_0050,handle,FrostReaper,SRC_004614,2026-07-02T02:56:43Z,2026-09-01T00:00:00Z,0.1,duplicate_observation,OBS_002710
IDENT_000896,ACT_0006,handle,RogueRoot,SRC_000202,2025-09-20T08:56:39Z,2025-12-10T08:56:39Z,0.31,duplicate_observation,
IDENT_000897,ACT_0035,handle,RogueLedger,SRC_001086,2025-06-17T22:04:42Z,2026-09-01T00:00:00Z,0.16,duplicate_observation,
IDENT_000898,ACT_0057,handle,CrimsonDrift,SRC_002337,2025-10-29T19:15:51Z,2026-09-01T00:00:00Z,0.1,duplicate_observation,OBS_005786
IDENT_000899,ACT_0009,handle,CrimsonReaper,SRC_005719,2026-10-07T00:00:00Z,2026-09-01T00:00:00Z,0.42,duplicate_observation,OBS_000914
IDENT_000900,ACT_0051,handle,SilverGrid,SRC_004971,2026-10-31T00:00:00Z,2026-09-01T00:00:00Z,0.29,duplicate_observation,
IDENT_000901,ACT_0006,handle,ShadowForge,SRC_002585,2024-03-08T08:56:39Z,2024-07-02T08:56:39Z,0.13,duplicate_observation,OBS_004151
IDENT_000902,ACT_0011,handle,StormMarrow12,SRC_004280,2026-04-26T12:53:27Z,2026-09-01T00:00:00Z,0.12,duplicate_observation,OBS_012286
IDENT_000903,ACT_0053,handle,IronHarbor,SRC_005491,2024-08-11T21:22:52Z,2025-02-25T21:22:52Z,0.48,duplicate_observation,OBS_001376
IDENT_000904,ACT_0016,handle,ChromeGrid,SRC_000439,2025-09-17T15:47:40Z,2026-02-20T15:47:40Z,0.39,duplicate_observation,
IDENT_000905,ACT_0054,handle,DarkRunner,SRC_001602,2026-07-04T15:36:14Z,2026-09-01T00:00:00Z,0.29,duplicate_observation,OBS_004640
IDENT_000906,ACT_0041,handle,RogueSpire80,SRC_002849,2024-12-31T19:31:51Z,2025-10-22T19:31:51Z,0.44,duplicate_observation,OBS_014258
IDENT_000907,ACT_0040,handle,StormPulse,SRC_004799,2026-10-12T00:00:00Z,2026-09-01T00:00:00Z,0.54,duplicate_observation,OBS_000505
IDENT_000908,ACT_0056,handle,VoidNode,SRC_003739,2024-09-03T10:20:14Z,2025-04-03T10:20:14Z,0.37,duplicate_observation,OBS_000038
IDENT_000909,ACT_0020,handle,NightCipher,SRC_002365,2026-11-08T00:00:00Z,2026-09-01T00:00:00Z,0.57,duplicate_observation,OBS_012426
IDENT_000910,ACT_0035,handle,CrimsonMoth,SRC_002015,2024-04-21T22:04:42Z,2025-05-12T22:04:42Z,0.7,duplicate_observation,
IDENT_000911,ACT_0008,handle,RuneLedger,SRC_000802,2025-01-15T10:13:36Z,2025-03-04T10:13:36Z,0.14,duplicate_observation,
IDENT_000912,ACT_0014,handle,NightLedger,SRC_003398,2024-01-18T02:17:28Z,2024-10-24T02:17:28Z,0.21,duplicate_observation,
IDENT_000913,ACT_0029,handle,ChromeHex39,SRC_003685,2025-05-18T22:51:37Z,2026-03-05T22:51:37Z,0.26,duplicate_observation,OBS_001163
IDENT_000914,ACT_0056,handle,VoidNode,SRC_004768,2024-09-13T10:20:14Z,2025-04-01T10:20:14Z,0.5,duplicate_observation,
IDENT_000915,ACT_0038,handle,VectorVector,SRC_002421,2025-08-22T11:07:27Z,2025-10-31T11:07:27Z,0.41,duplicate_observation,
IDENT_000916,ACT_0017,handle,ChromeSignal,SRC_004975,2024-12-15T11:28:43Z,2025-06-29T11:28:43Z,0.3,duplicate_observation,
IDENT_000917,ACT_0021,handle,ShadowForge,SRC_001085,2026-08-11T20:32:16Z,2026-09-01T00:00:00Z,0.1,duplicate_observation,OBS_014277
IDENT_000918,ACT_0031,handle,WraithWarden,SRC_005719,2025-08-21T19:36:25Z,2026-03-08T19:36:25Z,0.37,duplicate_observation,OBS_012367
IDENT_000919,ACT_0050,handle,FrostReaper,SRC_001607,2026-07-09T02:56:43Z,2026-09-01T00:00:00Z,0.69,duplicate_observation,OBS_011488
IDENT_000920,ACT_0055,handle,HavocSentinel,SRC_001981,2024-08-10T04:37:32Z,2025-12-05T04:37:32Z,0.15,duplicate_observation,
IDENT_000921,ACT_0008,handle,RuneLedger,SRC_003712,2025-01-12T10:13:36Z,2025-03-19T10:13:36Z,0.1,duplicate_observation,
IDENT_000922,ACT_0007,handle,GhostForge71,SRC_002420,2024-06-08T13:12:42Z,2024-11-03T13:12:42Z,0.36,duplicate_observation,
IDENT_000923,ACT_0026,handle,ZeroFox,SRC_004988,2026-10-29T00:00:00Z,2026-09-01T00:00:00Z,0.44,duplicate_observation,
IDENT_000924,ACT_0057,handle,CrimsonDrift,SRC_000581,2025-10-27T19:15:51Z,2026-09-01T00:00:00Z,0.13,duplicate_observation,OBS_008659
IDENT_000925,ACT_0038,handle,VectorVector,SRC_003371,2025-08-18T11:07:27Z,2025-10-23T11:07:27Z,0.37,duplicate_observation,OBS_000174
IDENT_000926,ACT_0034,handle,HavocSentinel54,SRC_003997,2025-10-03T10:59:17Z,2026-09-01T00:00:00Z,0.1,duplicate_observation,OBS_004451
IDENT_000927,ACT_0013,handle,VectorPulse,SRC_004089,2026-07-17T09:25:01Z,2026-09-01T00:00:00Z,0.29,duplicate_observation,OBS_012102
IDENT_000928,ACT_0057,handle,DriftReaper,SRC_000376,2026-10-01T00:00:00Z,2026-09-01T00:00:00Z,0.38,duplicate_observation,
IDENT_000929,ACT_0047,handle,AshForge54,SRC_000222,2024-11-23T22:38:20Z,2026-02-19T22:38:20Z,0.18,duplicate_observation,
IDENT_000930,ACT_0053,handle,DarkOrbit,SRC_000837,2026-03-20T21:22:52Z,2026-09-01T00:00:00Z,0.7,duplicate_observation,OBS_005152
IDENT_000931,ACT_0036,handle,TalonSpire,SRC_005365,2026-04-24T18:10:40Z,2026-09-01T00:00:00Z,0.65,duplicate_observation,OBS_003407
IDENT_000932,ACT_0020,handle,ZeroOrbit,SRC_000978,2026-03-12T15:43:16Z,2026-09-01T00:00:00Z,0.1,duplicate_observation,OBS_008193
IDENT_000933,ACT_0052,handle,ZeroTrace,SRC_005507,2026-10-24T00:00:00Z,2026-09-01T00:00:00Z,0.35,duplicate_observation,
IDENT_000934,ACT_0012,handle,CipherSpire,SRC_002428,2025-02-02T10:37:19Z,2025-11-02T10:37:19Z,0.46,duplicate_observation,
IDENT_000935,ACT_0056,handle,VoidCipher,SRC_001188,2026-10-13T00:00:00Z,2026-09-01T00:00:00Z,0.34,duplicate_observation,
IDENT_000936,ACT_0044,handle,SilentNode,SRC_003067,2026-09-21T18:00:37Z,2026-09-01T00:00:00Z,0.55,duplicate_observation,
IDENT_000937,ACT_0029,handle,GhostShade,SRC_004648,2024-05-23T22:51:37Z,2025-05-07T22:51:37Z,0.7,duplicate_observation,OBS_012170
IDENT_000938,ACT_0010,handle,HavocSpire71,SRC_001198,2026-09-19T00:00:00Z,2026-09-01T00:00:00Z,0.51,duplicate_observation,OBS_007194
IDENT_000939,ACT_0009,handle,AshSignal52,SRC_000742,2026-11-03T00:00:00Z,2026-09-01T00:00:00Z,0.65,duplicate_observation,
IDENT_000940,ACT_0018,handle,GreyRunner,SRC_002197,2025-11-04T18:40:31Z,2026-09-01T00:00:00Z,0.12,duplicate_observation,OBS_008188
IDENT_000941,ACT_0010,handle,SilentFox,SRC_004096,2026-05-28T20:43:57Z,2026-09-01T00:00:00Z,0.1,duplicate_observation,OBS_003060
IDENT_000942,ACT_0031,handle,WraithWarden,SRC_000506,2025-09-05T19:36:25Z,2026-03-06T19:36:25Z,0.21,duplicate_observation,OBS_002580
IDENT_000943,ACT_0014,handle,NightLedger,SRC_001095,2024-01-31T02:17:28Z,2024-11-12T02:17:28Z,0.13,duplicate_observation,
IDENT_000944,ACT_0019,handle,VoidDrift,SRC_002434,2025-08-20T04:42:59Z,2026-09-01T00:00:00Z,0.46,duplicate_observation,
IDENT_000945,ACT_0018,handle,GreyRunner,SRC_001242,2025-10-22T18:40:31Z,2026-09-01T00:00:00Z,0.21,duplicate_observation,OBS_010337
IDENT_000946,ACT_0038,handle,CrimsonLedger,SRC_004701,2025-11-11T11:07:27Z,2026-07-23T11:07:27Z,0.1,duplicate_observation,
IDENT_000947,ACT_0054,handle,DarkRunner,SRC_003577,2026-06-28T15:36:14Z,2026-09-01T00:00:00Z,0.41,duplicate_observation,OBS_010678
IDENT_000948,ACT_0056,handle,VoidCipher,SRC_005201,2026-10-26T00:00:00Z,2026-09-01T00:00:00Z,0.38,duplicate_observation,OBS_002527
IDENT_000949,ACT_0042,handle,ObsidianWarden,SRC_000998,2025-05-17T00:56:31Z,2025-07-05T00:56:31Z,0.62,duplicate_observation,
IDENT_000950,ACT_0028,handle,OnyxPulse,SRC_000870,2025-01-05T00:39:48Z,2025-05-18T00:39:48Z,0.49,duplicate_observation,OBS_007644
IDENT_000951,ACT_0025,handle,TalonEcho,SRC_003972,2026-10-10T00:00:00Z,2026-09-01T00:00:00Z,0.41,duplicate_observation,
IDENT_000952,ACT_0025,handle,GhostSentinel,SRC_001632,2026-10-29T00:00:00Z,2026-09-01T00:00:00Z,0.1,duplicate_observation,
IDENT_000953,ACT_0010,handle,SilentFox,SRC_000008,2026-05-31T20:43:57Z,2026-09-01T00:00:00Z,0.47,duplicate_observation,OBS_002763
IDENT_000954,ACT_0026,handle,RuneCrow,SRC_004830,2025-09-18T18:43:51Z,2026-03-09T18:43:51Z,0.17,duplicate_observation,
IDENT_000955,ACT_0047,handle,StormFox,SRC_005735,2024-08-10T22:38:20Z,2024-10-22T22:38:20Z,0.55,duplicate_observation,
IDENT_000956,ACT_0010,handle,HavocSpire71,SRC_005365,2026-09-28T00:00:00Z,2026-09-01T00:00:00Z,0.3,duplicate_observation,OBS_003060
IDENT_000957,ACT_0001,handle,SilentTrace,SRC_002691,2024-02-21T20:28:06Z,2024-12-24T20:28:06Z,0.38,duplicate_observation,OBS_005579
IDENT_000958,ACT_0051,handle,SilverGrid,SRC_000067,2026-11-02T00:00:00Z,2026-09-01T00:00:00Z,0.25,duplicate_observation,OBS_000753
IDENT_000959,ACT_0057,handle,DriftReaper,SRC_002343,2026-09-27T00:00:00Z,2026-09-01T00:00:00Z,0.16,duplicate_observation,OBS_012189
IDENT_000960,ACT_0009,handle,AshSignal52,SRC_004253,2026-10-19T00:00:00Z,2026-09-01T00:00:00Z,0.35,duplicate_observation,
IDENT_000961,ACT_0035,handle,BlackReaper60,SRC_002982,2026-11-09T00:00:00Z,2026-09-01T00:00:00Z,0.7,duplicate_observation,
IDENT_000962,ACT_0053,handle,IronHarbor,SRC_003179,2024-08-05T21:22:52Z,2025-02-09T21:22:52Z,0.18,duplicate_observation,
IDENT_000963,ACT_0027,handle,CrimsonWolf,SRC_001806,2024-08-11T01:12:14Z,2025-10-21T01:12:14Z,0.48,duplicate_observation,
IDENT_000964,ACT_0006,handle,ForgeVector,SRC_005208,2024-08-19T08:56:39Z,2025-08-17T08:56:39Z,0.41,duplicate_observation,
IDENT_000965,ACT_0024,handle,OnyxEcho,SRC_003213,2026-10-29T00:47:04Z,2026-09-01T00:00:00Z,0.1,duplicate_observation,OBS_002847
IDENT_000966,ACT_0029,handle,GhostShade,SRC_002321,2024-05-03T22:51:37Z,2025-04-22T22:51:37Z,0.44,duplicate_observation,
IDENT_000967,ACT_0044,handle,SilentNode,SRC_000276,2026-09-26T18:00:37Z,2026-09-01T00:00:00Z,0.68,duplicate_observation,
IDENT_000968,ACT_0013,handle,VectorNode,SRC_003804,2026-10-22T00:00:00Z,2026-09-01T00:00:00Z,0.13,duplicate_observation,
IDENT_000969,ACT_0040,handle,ObsidianHex,SRC_002237,2026-01-04T18:08:11Z,2026-09-01T00:00:00Z,0.21,duplicate_observation,OBS_010914
IDENT_000970,ACT_0006,handle,RogueRoot,SRC_005085,2025-09-19T08:56:39Z,2025-12-19T08:56:39Z,0.41,duplicate_observation,
IDENT_000971,ACT_0043,handle,CrimsonCrow,SRC_002610,2026-06-16T22:06:12Z,2026-09-01T00:00:00Z,0.17,duplicate_observation,
IDENT_000972,ACT_0017,handle,ChromeSignal,SRC_002899,2024-12-10T11:28:43Z,2025-06-14T11:28:43Z,0.38,duplicate_observation,
IDENT_000973,ACT_0036,handle,IronMarrow,SRC_002183,2026-11-01T00:00:00Z,2026-09-01T00:00:00Z,0.29,duplicate_observation,OBS_008313
IDENT_000974,ACT_0015,handle,IronFalcon73,SRC_004847,2026-11-10T00:00:00Z,2026-09-01T00:00:00Z,0.2,duplicate_observation,OBS_010389
IDENT_000975,ACT_0035,handle,CrimsonMoth,SRC_002249,2024-04-23T22:04:42Z,2025-05-18T22:04:42Z,0.38,duplicate_observation,OBS_000815
IDENT_000976,ACT_0005,handle,CipherHollow,SRC_004344,2026-09-22T00:00:00Z,2026-09-01T00:00:00Z,0.63,duplicate_observation,OBS_009759
IDENT_000977,ACT_0047,handle,AshForge54,SRC_005718,2024-12-02T22:38:20Z,2026-02-28T22:38:20Z,0.61,duplicate_observation,OBS_000035
IDENT_000978,ACT_0024,handle,VectorHarbor,SRC_002553,2026-11-07T00:00:00Z,2026-09-01T00:00:00Z,0.57,duplicate_observation,OBS_004286
IDENT_000979,ACT_0051,handle,GreyEcho,SRC_004323,2026-07-12T11:41:03Z,2026-09-01T00:00:00Z,0.2,duplicate_observation,OBS_002360
IDENT_000980,ACT_0027,handle,RuneWarden,SRC_003133,2024-04-26T01:12:14Z,2024-06-23T01:12:14Z,0.58,duplicate_observation,OBS_010351
IDENT_000981,ACT_0025,handle,TalonEcho,SRC_001342,2026-09-22T00:00:00Z,2026-09-01T00:00:00Z,0.29,duplicate_observation,
IDENT_000982,ACT_0013,handle,NightWarden,SRC_005111,2026-09-22T00:00:00Z,2026-09-01T00:00:00Z,0.22,duplicate_observation,
IDENT_000983,ACT_0025,handle,DarkMarrow,SRC_004217,2026-05-11T13:33:59Z,2026-09-01T00:00:00Z,0.41,duplicate_observation,OBS_009492
IDENT_000984,ACT_0021,handle,StormWolf89,SRC_005182,2026-10-03T00:00:00Z,2026-09-01T00:00:00Z,0.17,duplicate_observation,OBS_009795
IDENT_000985,ACT_0056,handle,NightCrow,SRC_003394,2025-04-14T10:20:14Z,2026-01-14T10:20:14Z,0.36,duplicate_observation,
IDENT_000986,ACT_0034,handle,DarkVector32,SRC_004800,2024-11-29T10:59:17Z,2025-08-30T10:59:17Z,0.13,duplicate_observation,
IDENT_000987,ACT_0031,handle,RogueReaper,SRC_003728,2026-04-20T19:36:25Z,2026-09-01T00:00:00Z,0.54,duplicate_observation,OBS_006660
IDENT_000988,ACT_0050,handle,CipherForge,SRC_000479,2026-10-29T00:00:00Z,2026-09-01T00:00:00Z,0.27,duplicate_observation,OBS_012138
IDENT_000989,ACT_0050,handle,CipherForge,SRC_003668,2026-10-24T00:00:00Z,2026-09-01T00:00:00Z,0.44,duplicate_observation,
IDENT_000990,ACT_0041,handle,RogueSpire80,SRC_005032,2024-12-22T19:31:51Z,2025-10-23T19:31:51Z,0.1,duplicate_observation,
IDENT_000991,ACT_0057,handle,DriftReaper,SRC_005811,2026-09-21T00:00:00Z,2026-09-01T00:00:00Z,0.33,duplicate_observation,
IDENT_000992,ACT_0012,handle,CipherSpire,SRC_003055,2025-02-12T10:37:19Z,2025-11-05T10:37:19Z,0.14,duplicate_observation,OBS_011991
IDENT_000993,ACT_0025,handle,DarkMarrow,SRC_005627,2026-05-10T13:33:59Z,2026-09-01T00:00:00Z,0.4,duplicate_observation,
IDENT_000994,ACT_0006,handle,RogueRoot,SRC_002507,2025-09-06T08:56:39Z,2025-12-05T08:56:39Z,0.28,duplicate_observation,
IDENT_000995,ACT_0020,handle,ChromeHarbor,SRC_005259,2025-07-22T15:43:16Z,2025-10-24T15:43:16Z,0.38,duplicate_observation,
IDENT_000996,ACT_0025,handle,ChromeOrbit,SRC_001980,2026-09-13T00:00:00Z,2026-09-01T00:00:00Z,0.21,duplicate_observation,OBS_006111
IDENT_000997,ACT_0029,handle,ChromeHex39,SRC_002662,2025-05-09T22:51:37Z,2026-03-01T22:51:37Z,0.34,duplicate_observation,
IDENT_000998,ACT_0020,handle,BlackRoot71,SRC_002609,2025-11-21T15:43:16Z,2026-02-22T15:43:16Z,0.1,duplicate_observation,
IDENT_000999,ACT_0008,handle,IronCrow,SRC_002709,2025-04-11T10:13:36Z,2025-09-05T10:13:36Z,0.37,duplicate_observation,
IDENT_001000,ACT_0016,handle,ChromeGrid,SRC_000544,2025-09-13T15:47:40Z,2026-02-20T15:47:40Z,0.43,duplicate_observation,
IDENT_001001,ACT_0050,handle,CipherForge,SRC_002217,2026-10-28T00:00:00Z,2026-09-01T00:00:00Z,0.47,duplicate_observation,
IDENT_001002,ACT_0058,handle,DarkSignal,SRC_005168,2026-01-02T17:09:54Z,2026-09-01T00:00:00Z,0.28,duplicate_observation,
IDENT_001003,ACT_0057,handle,CrimsonDrift,SRC_000264,2025-11-01T19:15:51Z,2026-09-01T00:00:00Z,0.23,duplicate_observation,
IDENT_001004,ACT_0026,handle,ChromeMarrow,SRC_002913,2025-08-03T18:43:51Z,2025-09-08T18:43:51Z,0.15,duplicate_observation,OBS_002845
IDENT_001005,ACT_0009,handle,WraithHex25,SRC_004224,2026-10-07T00:00:00Z,2026-09-01T00:00:00Z,0.22,duplicate_observation,OBS_010522
IDENT_001006,ACT_0010,handle,SilentFox,SRC_003255,2026-05-23T20:43:57Z,2026-09-01T00:00:00Z,0.21,duplicate_observation,OBS_012334
IDENT_001007,ACT_0013,handle,NightWarden,SRC_000466,2026-10-05T00:00:00Z,2026-09-01T00:00:00Z,0.5,duplicate_observation,OBS_010419
IDENT_001008,ACT_0054,handle,ShadowGrid,SRC_001498,2026-10-10T00:00:00Z,2026-09-01T00:00:00Z,0.46,duplicate_observation,OBS_001431
IDENT_001009,ACT_0003,handle,GreyRoot,SRC_004636,2024-08-18T18:21:03Z,2025-11-01T18:21:03Z,0.45,duplicate_observation,OBS_000733
IDENT_001010,ACT_0054,handle,UmbraHollow,SRC_002794,2026-02-18T15:36:14Z,2026-05-13T15:36:14Z,0.31,duplicate_observation,
IDENT_001011,ACT_0034,handle,DarkVector32,SRC_000816,2024-12-01T10:59:17Z,2025-08-25T10:59:17Z,0.18,duplicate_observation,
IDENT_001012,ACT_0029,handle,ChromeHex39,SRC_000105,2025-05-15T22:51:37Z,2026-03-05T22:51:37Z,0.16,duplicate_observation,OBS_011740
IDENT_001013,ACT_0016,handle,PhantomHollow,SRC_001275,2025-03-17T15:47:40Z,2025-08-24T15:47:40Z,0.38,duplicate_observation,OBS_002509
IDENT_001014,ACT_0046,handle,VectorSentinel,SRC_003113,2026-07-19T14:13:34Z,2026-09-01T00:00:00Z,0.32,duplicate_observation,OBS_008960
IDENT_001015,ACT_0010,handle,SilentFox,SRC_005482,2026-06-04T20:43:57Z,2026-09-01T00:00:00Z,0.55,duplicate_observation,OBS_003875
IDENT_001016,ACT_0048,handle,CrimsonTrace,SRC_005559,2024-08-10T21:47:44Z,2025-11-14T21:47:44Z,0.18,duplicate_observation,
IDENT_001017,ACT_0013,handle,VectorNode,SRC_001841,2026-10-27T00:00:00Z,2026-09-01T00:00:00Z,0.41,duplicate_observation,OBS_012764
IDENT_001018,ACT_0036,handle,IronMarrow,SRC_002602,2026-11-06T00:00:00Z,2026-09-01T00:00:00Z,0.27,duplicate_observation,OBS_013296
IDENT_001019,ACT_0026,handle,ChromeMarrow,SRC_005847,2025-07-23T18:43:51Z,2025-08-28T18:43:51Z,0.41,duplicate_observation,OBS_010527
IDENT_001020,ACT_0046,handle,PhantomGrid,SRC_005351,2026-01-22T14:13:34Z,2026-07-12T14:13:34Z,0.4,duplicate_observation,OBS_012861
IDENT_001021,ACT_0025,handle,DarkMarrow,SRC_002798,2026-05-27T13:33:59Z,2026-09-01T00:00:00Z,0.23,duplicate_observation,OBS_005447
IDENT_001022,ACT_0056,handle,NightCrow,SRC_000057,2025-04-01T10:20:14Z,2026-01-17T10:20:14Z,0.7,duplicate_observation,OBS_012281
IDENT_001023,ACT_0016,handle,ChromeGrid,SRC_000676,2025-09-08T15:47:40Z,2026-02-24T15:47:40Z,0.57,duplicate_observation,
IDENT_001024,ACT_0051,handle,FrostSignal,SRC_005412,2026-10-21T00:00:00Z,2026-09-01T00:00:00Z,0.41,duplicate_observation,OBS_000070
IDENT_001025,ACT_0013,handle,VectorPulse,SRC_005099,2026-07-09T09:25:01Z,2026-09-01T00:00:00Z,0.68,duplicate_observation,
IDENT_001026,ACT_0034,handle,HavocSentinel54,SRC_005363,2025-10-03T10:59:17Z,2026-09-01T00:00:00Z,0.29,duplicate_observation,OBS_007797
IDENT_001027,ACT_0005,handle,SilentVector,SRC_003232,2026-07-25T07:09:23Z,2026-09-01T00:00:00Z,0.1,duplicate_observation,
IDENT_001028,ACT_0038,handle,VectorVector,SRC_003501,2025-08-12T11:07:27Z,2025-10-30T11:07:27Z,0.29,duplicate_observation,OBS_009427
IDENT_001029,ACT_0008,handle,SilentPulse,SRC_000155,2025-10-04T10:13:36Z,2026-09-01T00:00:00Z,0.33,duplicate_observation,OBS_006779
IDENT_001030,ACT_0051,handle,GreyEcho,SRC_002655,2026-07-02T11:41:03Z,2026-09-01T00:00:00Z,0.59,duplicate_observation,OBS_014119
IDENT_001031,ACT_0034,handle,PhantomOrbit,SRC_001371,2026-10-26T00:00:00Z,2026-09-01T00:00:00Z,0.13,duplicate_observation,
IDENT_001032,ACT_0018,handle,DriftTrace,SRC_001195,2024-06-11T18:40:31Z,2025-10-12T18:40:31Z,0.54,duplicate_observation,
IDENT_001033,ACT_0017,handle,ChromeSignal,SRC_000396,2024-12-07T11:28:43Z,2025-06-20T11:28:43Z,0.45,duplicate_observation,
IDENT_001034,ACT_0040,handle,ChromeShade,SRC_002956,2026-10-04T00:00:00Z,2026-09-01T00:00:00Z,0.28,duplicate_observation,OBS_000767
IDENT_001035,ACT_0023,handle,NullEcho,SRC_002620,2026-11-11T00:00:00Z,2026-09-01T00:00:00Z,0.32,duplicate_observation,
IDENT_001036,ACT_0051,handle,SilverGrid,SRC_003973,2026-11-11T00:00:00Z,2026-09-01T00:00:00Z,0.7,duplicate_observation,
IDENT_001037,ACT_0044,handle,NightSentinel32,SRC_001070,2026-03-24T18:00:37Z,2026-08-08T18:00:37Z,0.7,duplicate_observation,
IDENT_001038,ACT_0050,handle,GhostCrow,SRC_000941,2026-11-01T00:00:00Z,2026-09-01T00:00:00Z,0.37,duplicate_observation,OBS_007820
IDENT_001039,ACT_0002,handle,ShadowDrift,SRC_000991,2025-01-25T10:13:48Z,2025-03-15T10:13:48Z,0.32,duplicate_observation,
IDENT_001040,ACT_0007,handle,IronWolf81,SRC_002237,2024-12-06T13:12:42Z,2025-02-13T13:12:42Z,0.36,duplicate_observation,
IDENT_001041,ACT_0049,handle,EmberSignal,SRC_000481,2026-05-23T01:19:15Z,2026-09-01T00:00:00Z,0.27,duplicate_observation,OBS_006289
IDENT_001042,ACT_0007,handle,IronWolf81,SRC_002375,2024-11-28T13:12:42Z,2025-02-09T13:12:42Z,0.1,duplicate_observation,OBS_013451
IDENT_001043,ACT_0055,handle,HavocSentinel,SRC_001929,2024-08-05T04:37:32Z,2025-11-29T04:37:32Z,0.34,duplicate_observation,OBS_004133
IDENT_001044,ACT_0020,handle,ChromeHarbor,SRC_004265,2025-07-23T15:43:16Z,2025-11-01T15:43:16Z,0.43,duplicate_observation,
IDENT_001045,ACT_0056,handle,NightCrow,SRC_005703,2025-04-14T10:20:14Z,2026-01-17T10:20:14Z,0.18,duplicate_observation,OBS_002428
IDENT_001046,ACT_0033,handle,TalonSentinel,SRC_003486,2025-07-29T01:20:48Z,2026-02-12T01:20:48Z,0.64,duplicate_observation,
IDENT_001047,ACT_0013,handle,VectorNode,SRC_004314,2026-10-17T00:00:00Z,2026-09-01T00:00:00Z,0.21,duplicate_observation,
IDENT_001048,ACT_0029,handle,GhostShade,SRC_000780,2024-05-04T22:51:37Z,2025-05-04T22:51:37Z,0.48,duplicate_observation,OBS_007280
IDENT_001049,ACT_0039,handle,UmbraWarden,SRC_003164,2026-05-21T04:35:29Z,2026-07-04T04:35:29Z,0.56,duplicate_observation,
IDENT_001050,ACT_0025,handle,GhostSentinel,SRC_005355,2026-10-27T00:00:00Z,2026-09-01T00:00:00Z,0.17,duplicate_observation,OBS_009774
IDENT_001051,ACT_0026,handle,ZeroFox,SRC_000371,2026-10-31T00:00:00Z,2026-09-01T00:00:00Z,0.33,duplicate_observation,
IDENT_001052,ACT_0040,handle,RuneMoth,SRC_002894,2026-10-21T00:00:00Z,2026-09-01T00:00:00Z,0.29,duplicate_observation,OBS_008247
IDENT_001053,ACT_0049,handle,EmberSignal,SRC_002330,2026-06-11T01:19:15Z,2026-09-01T00:00:00Z,0.1,duplicate_observation,
IDENT_001054,ACT_0035,handle,RogueDrift,SRC_003026,2026-11-11T00:00:00Z,2026-09-01T00:00:00Z,0.11,duplicate_observation,OBS_012140
IDENT_001055,ACT_0012,handle,ObsidianRoot49,SRC_001545,2024-12-26T10:37:19Z,2025-01-08T10:37:19Z,0.15,duplicate_observation,
IDENT_001056,ACT_0009,handle,BlackHarbor,SRC_004781,2026-08-10T04:53:06Z,2026-09-01T00:00:00Z,0.11,duplicate_observation,OBS_010312
IDENT_001057,ACT_0020,handle,NightCipher,SRC_005259,2026-11-04T00:00:00Z,2026-09-01T00:00:00Z,0.14,duplicate_observation,
IDENT_001058,ACT_0035,handle,StormDrift,SRC_004023,2026-10-09T00:00:00Z,2026-09-01T00:00:00Z,0.15,duplicate_observation,
IDENT_001059,ACT_0050,handle,GhostCrow,SRC_001904,2026-11-10T00:00:00Z,2026-09-01T00:00:00Z,0.37,duplicate_observation,
IDENT_001060,ACT_0036,handle,TalonSpire,SRC_001714,2026-04-15T18:10:40Z,2026-09-01T00:00:00Z,0.34,duplicate_observation,
IDENT_001061,ACT_0026,handle,RuneCrow,SRC_003709,2025-09-15T18:43:51Z,2026-03-05T18:43:51Z,0.59,duplicate_observation,
IDENT_001062,ACT_0027,handle,CrimsonWolf,SRC_004251,2024-08-08T01:12:14Z,2025-10-20T01:12:14Z,0.46,duplicate_observation,OBS_004316
IDENT_001063,ACT_0013,handle,VectorPulse,SRC_000985,2026-07-15T09:25:01Z,2026-09-01T00:00:00Z,0.29,duplicate_observation,OBS_000076
IDENT_001064,ACT_0021,handle,NullPulse,SRC_003447,2026-09-19T00:00:00Z,2026-09-01T00:00:00Z,0.11,duplicate_observation,OBS_012285
IDENT_001065,ACT_0025,handle,DarkMarrow,SRC_004985,2026-05-13T13:33:59Z,2026-09-01T00:00:00Z,0.3,duplicate_observation,
IDENT_001066,ACT_0035,handle,RogueLedger,SRC_002554,2025-06-16T22:04:42Z,2026-09-01T00:00:00Z,0.17,duplicate_observation,OBS_014409
IDENT_001067,ACT_0046,handle,VectorSentinel,SRC_005462,2026-07-17T14:13:34Z,2026-09-01T00:00:00Z,0.1,duplicate_observation,
IDENT_001068,ACT_0005,handle,CipherHollow,SRC_005154,2026-09-25T00:00:00Z,2026-09-01T00:00:00Z,0.1,duplicate_observation,
IDENT_001069,ACT_0038,handle,CrimsonLedger,SRC_000431,2025-11-19T11:07:27Z,2026-07-17T11:07:27Z,0.24,duplicate_observation,
IDENT_001070,ACT_0053,handle,DarkOrbit,SRC_001164,2026-03-20T21:22:52Z,2026-09-01T00:00:00Z,0.69,duplicate_observation,OBS_003393
IDENT_001071,ACT_0026,handle,RuneCrow,SRC_003725,2025-09-09T18:43:51Z,2026-03-01T18:43:51Z,0.51,duplicate_observation,OBS_001918
IDENT_001072,ACT_0015,handle,IronFalcon73,SRC_001540,2026-11-14T00:00:00Z,2026-09-01T00:00:00Z,0.14,duplicate_observation,OBS_011095
IDENT_001073,ACT_0040,handle,StormPulse,SRC_002399,2026-10-16T00:00:00Z,2026-09-01T00:00:00Z,0.25,duplicate_observation,OBS_000549
IDENT_001074,ACT_0056,handle,TalonCipher,SRC_002865,2026-01-25T10:20:14Z,2026-03-21T10:20:14Z,0.12,duplicate_observation,OBS_003447
IDENT_001075,ACT_0045,handle,PhantomWolf,SRC_001068,2025-11-21T07:17:31Z,2026-09-01T00:00:00Z,0.48,duplicate_observation,OBS_011775
IDENT_001076,ACT_0047,handle,AshForge54,SRC_000584,2024-11-29T22:38:20Z,2026-02-24T22:38:20Z,0.61,duplicate_observation,OBS_010946
IDENT_001077,ACT_0045,handle,UmbraMarrow,SRC_003519,2025-05-04T07:17:31Z,2025-11-21T07:17:31Z,0.59,duplicate_observation,OBS_009000
IDENT_001078,ACT_0044,handle,GreyMoth,SRC_002092,2024-11-30T18:00:37Z,2026-01-30T18:00:37Z,0.16,duplicate_observation,OBS_010160
IDENT_001079,ACT_0046,handle,ObsidianFalcon,SRC_000478,2025-09-07T14:13:34Z,2026-01-31T14:13:34Z,0.21,duplicate_observation,
IDENT_001080,ACT_0042,handle,AshFox60,SRC_003089,2025-07-11T00:56:31Z,2025-11-06T00:56:31Z,0.3,duplicate_observation,
IDENT_001081,ACT_0034,handle,HavocSentinel54,SRC_005179,2025-09-30T10:59:17Z,2026-09-01T00:00:00Z,0.23,duplicate_observation,
IDENT_001082,ACT_0016,handle,PhantomHollow,SRC_002836,2025-03-22T15:47:40Z,2025-08-27T15:47:40Z,0.16,duplicate_observation,
IDENT_001083,ACT_0045,handle,PhantomWolf,SRC_001996,2025-11-28T07:17:31Z,2026-09-01T00:00:00Z,0.28,duplicate_observation,OBS_012273
IDENT_001084,ACT_0050,handle,GhostCrow,SRC_004766,2026-11-12T00:00:00Z,2026-09-01T00:00:00Z,0.52,duplicate_observation,
IDENT_001085,ACT_0016,handle,PhantomHollow,SRC_001452,2025-03-14T15:47:40Z,2025-09-06T15:47:40Z,0.5,duplicate_observation,
IDENT_001086,ACT_0051,handle,SilverGrid,SRC_002050,2026-11-04T00:00:00Z,2026-09-01T00:00:00Z,0.55,duplicate_observation,OBS_002857
IDENT_001087,ACT_0035,handle,RogueLedger,SRC_005060,2025-06-28T22:04:42Z,2026-09-01T00:00:00Z,0.43,duplicate_observation,
IDENT_001088,ACT_0042,handle,CipherFalcon,SRC_004758,2025-11-01T00:56:31Z,2026-07-17T00:56:31Z,0.36,duplicate_observation,OBS_003461
IDENT_001089,ACT_0021,handle,StormWolf89,SRC_005635,2026-10-13T00:00:00Z,2026-09-01T00:00:00Z,0.33,duplicate_observation,
IDENT_001090,ACT_0059,handle,VectorHex,SRC_005385,2026-09-30T00:00:00Z,2026-09-01T00:00:00Z,0.35,duplicate_observation,OBS_008687
IDENT_001091,ACT_0040,handle,ObsidianHex,SRC_005820,2026-01-05T18:08:11Z,2026-09-01T00:00:00Z,0.1,duplicate_observation,
IDENT_001092,ACT_0050,handle,GhostCrow,SRC_000061,2026-11-15T00:00:00Z,2026-09-01T00:00:00Z,0.44,duplicate_observation,OBS_008143
IDENT_001093,ACT_0046,handle,PhantomGrid,SRC_003378,2026-01-23T14:13:34Z,2026-07-09T14:13:34Z,0.39,duplicate_observation,OBS_010780
IDENT_001094,ACT_0050,handle,RogueWarden,SRC_000310,2026-10-28T00:00:00Z,2026-09-01T00:00:00Z,0.2,duplicate_observation,OBS_013222
IDENT_001095,ACT_0020,handle,ZeroOrbit,SRC_002361,2026-03-15T15:43:16Z,2026-09-01T00:00:00Z,0.45,duplicate_observation,OBS_012136
IDENT_001096,ACT_0036,handle,IronMarrow,SRC_002197,2026-10-24T00:00:00Z,2026-09-01T00:00:00Z,0.1,duplicate_observation,
IDENT_001097,ACT_0051,handle,GreyEcho,SRC_003244,2026-07-01T11:41:03Z,2026-09-01T00:00:00Z,0.48,duplicate_observation,OBS_000911
IDENT_001098,ACT_0046,handle,VectorSentinel,SRC_005125,2026-07-05T14:13:34Z,2026-09-01T00:00:00Z,0.24,duplicate_observation,
IDENT_001099,ACT_0035,handle,RogueLedger,SRC_000127,2025-06-21T22:04:42Z,2026-09-01T00:00:00Z,0.31,duplicate_observation,OBS_010833
IDENT_001100,ACT_0029,handle,ChromeHex39,SRC_004216,2025-05-19T22:51:37Z,2026-03-09T22:51:37Z,0.64,duplicate_observation,OBS_008109
IDENT_001101,ACT_0034,handle,HavocSentinel54,SRC_003618,2025-10-01T10:59:17Z,2026-09-01T00:00:00Z,0.1,duplicate_observation,
IDENT_001102,ACT_0045,handle,VectorCrow,SRC_001670,2024-12-07T07:17:31Z,2025-03-23T07:17:31Z,0.41,duplicate_observation,OBS_013491
IDENT_001103,ACT_0007,handle,GhostForge71,SRC_002456,2024-05-30T13:12:42Z,2024-10-30T13:12:42Z,0.57,duplicate_observation,
IDENT_001104,ACT_0009,handle,BlackHarbor,SRC_002860,2026-08-11T04:53:06Z,2026-09-01T00:00:00Z,0.7,duplicate_observation,
IDENT_001105,ACT_0029,handle,GhostShade,SRC_002281,2024-05-17T22:51:37Z,2025-04-21T22:51:37Z,0.44,duplicate_observation,OBS_007297
IDENT_001106,ACT_0017,handle,ChromeSignal,SRC_004344,2024-12-18T11:28:43Z,2025-06-15T11:28:43Z,0.35,duplicate_observation,OBS_013433
IDENT_001107,ACT_0040,handle,RuneMoth,SRC_005793,2026-10-23T00:00:00Z,2026-09-01T00:00:00Z,0.1,duplicate_observation,OBS_013358
IDENT_001108,ACT_0046,handle,VectorSentinel,SRC_005526,2026-07-07T14:13:34Z,2026-09-01T00:00:00Z,0.35,duplicate_observation,
IDENT_001109,ACT_0035,handle,CrimsonMoth,SRC_002375,2024-05-01T22:04:42Z,2025-05-25T22:04:42Z,0.18,duplicate_observation,OBS_014108
IDENT_001110,ACT_0050,handle,FrostReaper,SRC_000856,2026-07-03T02:56:43Z,2026-09-01T00:00:00Z,0.29,duplicate_observation,OBS_012801
IDENT_001111,ACT_0052,handle,StormHollow,SRC_004818,2026-03-26T08:12:20Z,2026-09-01T00:00:00Z,0.38,duplicate_observation,OBS_012356
IDENT_001112,ACT_0037,handle,AshMoth,SRC_000167,2024-09-27T20:05:11Z,2024-11-30T20:05:11Z,0.3,duplicate_observation,OBS_011486
IDENT_001113,ACT_0018,handle,DriftTrace,SRC_000485,2024-06-24T18:40:31Z,2025-10-08T18:40:31Z,0.15,duplicate_observation,OBS_008797
IDENT_001114,ACT_0042,handle,CipherFalcon,SRC_001262,2025-11-09T00:56:31Z,2026-07-18T00:56:31Z,0.43,duplicate_observation,OBS_001624
IDENT_001115,ACT_0042,handle,ObsidianWarden,SRC_003213,2025-05-08T00:56:31Z,2025-07-05T00:56:31Z,0.37,duplicate_observation,OBS_007416
IDENT_001116,ACT_0009,handle,AshSignal52,SRC_002194,2026-10-15T00:00:00Z,2026-09-01T00:00:00Z,0.46,duplicate_observation,OBS_003997
IDENT_001117,ACT_0018,handle,GreyRunner,SRC_002218,2025-10-30T18:40:31Z,2026-09-01T00:00:00Z,0.33,duplicate_observation,
IDENT_001118,ACT_0034,handle,HavocSentinel54,SRC_004360,2025-10-05T10:59:17Z,2026-09-01T00:00:00Z,0.3,duplicate_observation,OBS_005512
IDENT_001119,ACT_0054,handle,ShadowGrid,SRC_003621,2026-10-02T00:00:00Z,2026-09-01T00:00:00Z,0.55,duplicate_observation,OBS_002724
IDENT_001120,ACT_0007,handle,IronWolf81,SRC_004268,2024-12-01T13:12:42Z,2025-02-10T13:12:42Z,0.44,duplicate_observation,
IDENT_001121,ACT_0016,handle,ChromeGrid,SRC_002782,2025-09-08T15:47:40Z,2026-03-02T15:47:40Z,0.15,duplicate_observation,OBS_001714
IDENT_001122,ACT_0050,handle,GhostCrow,SRC_004452,2026-11-06T00:00:00Z,2026-09-01T00:00:00Z,0.21,duplicate_observation,
IDENT_001123,ACT_0009,handle,CrimsonReaper,SRC_005657,2026-10-02T00:00:00Z,2026-09-01T00:00:00Z,0.17,duplicate_observation,OBS_003821
IDENT_001124,ACT_0035,handle,StormDrift,SRC_005111,2026-10-16T00:00:00Z,2026-09-01T00:00:00Z,0.16,duplicate_observation,
IDENT_001125,ACT_0056,handle,TalonCipher,SRC_000145,2026-01-24T10:20:14Z,2026-03-21T10:20:14Z,0.1,duplicate_observation,
IDENT_001126,ACT_0009,handle,CrimsonReaper,SRC_003519,2026-10-02T00:00:00Z,2026-09-01T00:00:00Z,0.33,duplicate_observation,OBS_005909
IDENT_001127,ACT_0036,handle,OnyxHex,SRC_000263,2026-09-15T00:00:00Z,2026-09-01T00:00:00Z,0.23,duplicate_observation,OBS_003074
IDENT_001128,ACT_0006,handle,ForgeVector,SRC_002313,2024-08-22T08:56:39Z,2025-08-15T08:56:39Z,0.34,duplicate_observation,
IDENT_001129,ACT_0030,handle,CrimsonForge,SRC_000722,2024-06-19T21:36:22Z,2024-12-19T21:36:22Z,0.24,duplicate_observation,OBS_009016
IDENT_001130,ACT_0002,handle,ShadowDrift,SRC_001711,2025-01-16T10:13:48Z,2025-03-15T10:13:48Z,0.7,duplicate_observation,
IDENT_001131,ACT_0030,handle,CrimsonForge,SRC_004207,2024-06-22T21:36:22Z,2024-12-06T21:36:22Z,0.46,duplicate_observation,
IDENT_001132,ACT_0044,handle,SilentNode,SRC_004139,2026-09-29T18:00:37Z,2026-09-01T00:00:00Z,0.42,duplicate_observation,
IDENT_001133,ACT_0029,handle,GhostShade,SRC_002543,2024-05-05T22:51:37Z,2025-04-20T22:51:37Z,0.42,duplicate_observation,OBS_008436
IDENT_001134,ACT_0026,handle,ChromeMarrow,SRC_005164,2025-08-03T18:43:51Z,2025-09-10T18:43:51Z,0.1,duplicate_observation,
IDENT_001135,ACT_0051,handle,GreyEcho,SRC_001031,2026-07-07T11:41:03Z,2026-09-01T00:00:00Z,0.31,duplicate_observation,OBS_012431
IDENT_001136,ACT_0050,handle,ShadowNode,SRC_001001,2026-09-30T00:00:00Z,2026-09-01T00:00:00Z,0.47,duplicate_observation,
IDENT_001137,ACT_0057,handle,CrimsonDrift,SRC_000195,2025-10-23T19:15:51Z,2026-09-01T00:00:00Z,0.16,duplicate_observation,
IDENT_001138,ACT_0059,handle,VectorHex,SRC_002566,2026-10-01T00:00:00Z,2026-09-01T00:00:00Z,0.15,duplicate_observation,OBS_003771
IDENT_001139,ACT_0008,handle,RuneLedger,SRC_005529,2025-01-12T10:13:36Z,2025-03-03T10:13:36Z,0.1,duplicate_observation,OBS_011267
IDENT_001140,ACT_0057,handle,CrimsonDrift,SRC_001953,2025-11-05T19:15:51Z,2026-09-01T00:00:00Z,0.44,duplicate_observation,OBS_007324
IDENT_001141,ACT_0057,handle,DriftReaper,SRC_002087,2026-09-29T00:00:00Z,2026-09-01T00:00:00Z,0.32,duplicate_observation,OBS_007987
IDENT_001142,ACT_0038,handle,VectorVector,SRC_002167,2025-08-31T11:07:27Z,2025-10-13T11:07:27Z,0.1,duplicate_observation,OBS_009885
IDENT_001143,ACT_0046,handle,VectorSentinel,SRC_004633,2026-07-09T14:13:34Z,2026-09-01T00:00:00Z,0.22,duplicate_observation,
IDENT_001144,ACT_0012,handle,CipherSpire,SRC_003005,2025-02-09T10:37:19Z,2025-10-29T10:37:19Z,0.61,duplicate_observation,OBS_005522
IDENT_001145,ACT_0034,handle,PhantomOrbit,SRC_001220,2026-10-29T00:00:00Z,2026-09-01T00:00:00Z,0.43,duplicate_observation,OBS_010136
IDENT_001146,ACT_0051,handle,EmberOrbit93,SRC_001318,2026-09-09T00:00:00Z,2026-09-01T00:00:00Z,0.14,duplicate_observation,
IDENT_001147,ACT_0037,handle,VoidMoth,SRC_005627,2025-01-14T20:05:11Z,2025-08-02T20:05:11Z,0.46,duplicate_observation,OBS_014185
IDENT_001148,ACT_0015,handle,NullCipher,SRC_001187,2025-10-26T12:12:24Z,2026-09-01T00:00:00Z,0.13,duplicate_observation,OBS_008624
IDENT_001149,ACT_0028,handle,OnyxPulse,SRC_001404,2024-12-31T00:39:48Z,2025-05-17T00:39:48Z,0.12,duplicate_observation,
IDENT_001150,ACT_0031,handle,RogueReaper,SRC_005068,2026-04-05T19:36:25Z,2026-09-01T00:00:00Z,0.57,duplicate_observation,
IDENT_001151,ACT_0039,handle,UmbraWarden,SRC_001305,2026-05-27T04:35:29Z,2026-06-27T04:35:29Z,0.55,duplicate_observation,
IDENT_001152,ACT_0043,handle,CrimsonCrow,SRC_001890,2026-06-16T22:06:12Z,2026-09-01T00:00:00Z,0.35,duplicate_observation,OBS_007426
IDENT_001153,ACT_0015,handle,SilverLedger,SRC_004801,2026-10-14T00:00:00Z,2026-09-01T00:00:00Z,0.38,duplicate_observation,
IDENT_001154,ACT_0026,handle,RuneCrow,SRC_005730,2025-09-21T18:43:51Z,2026-02-25T18:43:51Z,0.14,duplicate_observation,
IDENT_001155,ACT_0053,handle,DarkOrbit,SRC_000585,2026-04-07T21:22:52Z,2026-09-01T00:00:00Z,0.27,duplicate_observation,
IDENT_001156,ACT_0029,handle,GhostShade,SRC_001249,2024-05-19T22:51:37Z,2025-05-05T22:51:37Z,0.16,duplicate_observation,
IDENT_001157,ACT_0053,handle,IronHarbor,SRC_003402,2024-08-02T21:22:52Z,2025-02-24T21:22:52Z,0.14,duplicate_observation,OBS_002293
IDENT_001158,ACT_0018,handle,DriftTrace,SRC_005702,2024-06-11T18:40:31Z,2025-10-10T18:40:31Z,0.12,duplicate_observation,OBS_004888
IDENT_001159,ACT_0051,handle,GreyEcho,SRC_003300,2026-07-08T11:41:03Z,2026-09-01T00:00:00Z,0.36,duplicate_observation,
IDENT_001160,ACT_0008,handle,SilentPulse,SRC_005630,2025-10-06T10:13:36Z,2026-08-30T10:13:36Z,0.4,duplicate_observation,OBS_006324
IDENT_001161,ACT_0021,handle,ShadowForge,SRC_002623,2026-07-26T20:32:16Z,2026-09-01T00:00:00Z,0.3,duplicate_observation,OBS_010268
IDENT_001162,ACT_0040,handle,ChromeShade,SRC_005495,2026-10-04T00:00:00Z,2026-09-01T00:00:00Z,0.2,duplicate_observation,OBS_011998
IDENT_001163,ACT_0036,handle,IronMarrow,SRC_004016,2026-11-07T00:00:00Z,2026-09-01T00:00:00Z,0.51,duplicate_observation,OBS_005498
IDENT_001164,ACT_0037,handle,AshMoth,SRC_005517,2024-09-18T20:05:11Z,2024-11-27T20:05:11Z,0.45,duplicate_observation,
IDENT_001165,ACT_0036,handle,IronMarrow,SRC_000088,2026-10-21T00:00:00Z,2026-09-01T00:00:00Z,0.21,duplicate_observation,OBS_008243
IDENT_001166,ACT_0050,handle,FrostReaper,SRC_005818,2026-07-01T02:56:43Z,2026-09-01T00:00:00Z,0.61,duplicate_observation,
IDENT_001167,ACT_0023,handle,GreyOrbit,SRC_003686,2026-04-25T00:01:56Z,2026-09-01T00:00:00Z,0.7,duplicate_observation,
IDENT_001168,ACT_0015,handle,SilverLedger,SRC_003788,2026-10-20T00:00:00Z,2026-09-01T00:00:00Z,0.7,duplicate_observation,OBS_010139
IDENT_001169,ACT_0056,handle,VoidCipher,SRC_000177,2026-10-28T00:00:00Z,2026-09-01T00:00:00Z,0.3,duplicate_observation,OBS_005949
IDENT_001170,ACT_0012,handle,CipherSpire,SRC_002325,2025-02-15T10:37:19Z,2025-10-29T10:37:19Z,0.43,duplicate_observation,
IDENT_001171,ACT_0038,handle,VectorVector,SRC_004661,2025-08-13T11:07:27Z,2025-10-28T11:07:27Z,0.51,duplicate_observation,
IDENT_001172,ACT_0031,handle,RogueReaper,SRC_005115,2026-04-13T19:36:25Z,2026-09-01T00:00:00Z,0.25,duplicate_observation,OBS_006862
IDENT_001173,ACT_0011,handle,IronSpecter,SRC_001963,2026-11-09T00:00:00Z,2026-09-01T00:00:00Z,0.7,duplicate_observation,OBS_001804
IDENT_001174,ACT_0048,handle,CrimsonTrace,SRC_002100,2024-08-07T21:47:44Z,2025-11-18T21:47:44Z,0.35,duplicate_observation,
IDENT_001175,ACT_0043,handle,UmbraRoot,SRC_005143,2025-03-04T22:06:12Z,2026-04-11T22:06:12Z,0.1,duplicate_observation,
IDENT_001176,ACT_0042,handle,ObsidianWarden,SRC_002137,2025-05-17T00:56:31Z,2025-06-21T00:56:31Z,0.2,duplicate_observation,
IDENT_001177,ACT_0025,handle,ChromeOrbit,SRC_001845,2026-09-08T00:00:00Z,2026-09-01T00:00:00Z,0.18,duplicate_observation,OBS_013364
IDENT_001178,ACT_0059,handle,VectorHex,SRC_005176,2026-09-29T00:00:00Z,2026-09-01T00:00:00Z,0.1,duplicate_observation,OBS_003189
IDENT_001179,ACT_0020,handle,ChromeHarbor,SRC_003513,2025-07-30T15:43:16Z,2025-10-28T15:43:16Z,0.7,duplicate_observation,OBS_006717
IDENT_001180,ACT_0031,handle,WraithWarden,SRC_001614,2025-09-07T19:36:25Z,2026-03-16T19:36:25Z,0.18,duplicate_observation,OBS_002580
IDENT_001181,ACT_0021,handle,NullPulse,SRC_002726,2026-09-18T00:00:00Z,2026-09-01T00:00:00Z,0.14,duplicate_observation,OBS_007237
IDENT_001182,ACT_0009,handle,AshSignal52,SRC_001673,2026-11-04T00:00:00Z,2026-09-01T00:00:00Z,0.34,duplicate_observation,OBS_011050
IDENT_001183,ACT_0044,handle,NightSentinel32,SRC_004682,2026-03-26T18:00:37Z,2026-08-06T18:00:37Z,0.43,duplicate_observation,
IDENT_001184,ACT_0034,handle,DarkVector32,SRC_005047,2024-11-21T10:59:17Z,2025-09-02T10:59:17Z,0.21,duplicate_observation,OBS_003147
IDENT_001185,ACT_0003,handle,GreyRoot,SRC_005186,2024-08-10T18:21:03Z,2025-11-04T18:21:03Z,0.36,duplicate_observation,
IDENT_001186,ACT_0056,handle,NightCrow,SRC_004682,2025-04-13T10:20:14Z,2026-01-13T10:20:14Z,0.29,duplicate_observation,
IDENT_001187,ACT_0020,handle,ChromeHarbor,SRC_002251,2025-07-24T15:43:16Z,2025-11-06T15:43:16Z,0.11,duplicate_observation,OBS_012243
IDENT_001188,ACT_0034,handle,PhantomOrbit,SRC_000029,2026-10-14T00:00:00Z,2026-09-01T00:00:00Z,0.25,duplicate_observation,
IDENT_001189,ACT_0046,handle,WraithHarbor,SRC_001733,2026-10-27T00:00:00Z,2026-09-01T00:00:00Z,0.38,duplicate_observation,OBS_002392
IDENT_001190,ACT_0055,handle,StormRunner,SRC_005804,2024-03-15T04:37:32Z,2024-06-27T04:37:32Z,0.32,duplicate_observation,
IDENT_001191,ACT_0017,handle,UmbraSpire59,SRC_002818,2025-08-19T11:28:43Z,2026-08-03T11:28:43Z,0.23,duplicate_observation,
IDENT_001192,ACT_0035,handle,BlackReaper60,SRC_000417,2026-11-02T00:00:00Z,2026-09-01T00:00:00Z,0.51,duplicate_observation,
IDENT_001193,ACT_0024,handle,VectorHarbor,SRC_005609,2026-11-09T00:00:00Z,2026-09-01T00:00:00Z,0.34,duplicate_observation,
IDENT_001194,ACT_0023,handle,NullEcho,SRC_004151,2026-11-07T00:00:00Z,2026-09-01T00:00:00Z,0.16,duplicate_observation,OBS_005731
IDENT_001195,ACT_0004,handle,OnyxNode,SRC_002576,2026-05-08T04:44:17Z,2026-09-01T00:00:00Z,0.1,duplicate_observation,OBS_007246
IDENT_001196,ACT_0019,handle,VoidDrift,SRC_004466,2025-08-16T04:42:59Z,2026-09-01T00:00:00Z,0.15,duplicate_observation,OBS_003520
IDENT_001197,ACT_0056,handle,AshShade20,SRC_003402,2026-05-04T10:20:14Z,2026-09-01T00:00:00Z,0.17,duplicate_observation,
IDENT_001198,ACT_0046,handle,VectorSentinel,SRC_004189,2026-07-14T14:13:34Z,2026-09-01T00:00:00Z,0.1,duplicate_observation,OBS_013975
IDENT_001199,ACT_0055,handle,HavocSentinel,SRC_000237,2024-08-01T04:37:32Z,2025-12-01T04:37:32Z,0.28,duplicate_observation,
IDENT_001200,ACT_0037,handle,AshMoth,SRC_000003,2024-09-17T20:05:11Z,2024-12-03T20:05:11Z,0.16,duplicate_observation,OBS_010521
IDENT_001201,ACT_0051,handle,FrostSignal,SRC_004881,2026-10-20T00:00:00Z,2026-09-01T00:00:00Z,0.69,duplicate_observation,
IDENT_001202,ACT_0036,handle,OnyxHex,SRC_002696,2026-09-21T00:00:00Z,2026-09-01T00:00:00Z,0.42,duplicate_observation,OBS_008858
IDENT_001203,ACT_0034,handle,HavocSentinel54,SRC_000184,2025-10-18T10:59:17Z,2026-09-01T00:00:00Z,0.23,duplicate_observation,
IDENT_001204,ACT_0036,handle,TalonSpire,SRC_000134,2026-04-26T18:10:40Z,2026-09-01T00:00:00Z,0.44,duplicate_observation,OBS_012167
IDENT_001205,ACT_0006,handle,RogueRoot,SRC_001438,2025-09-21T08:56:39Z,2025-12-11T08:56:39Z,0.55,duplicate_observation,OBS_006877
IDENT_001206,ACT_0020,handle,EmberNode,SRC_004036,2026-09-26T00:00:00Z,2026-09-01T00:00:00Z,0.52,duplicate_observation,OBS_005572
IDENT_001207,ACT_0034,handle,ObsidianMoth89,SRC_002189,2026-10-04T00:00:00Z,2026-09-01T00:00:00Z,0.39,duplicate_observation,
IDENT_001208,ACT_0023,handle,SilverPulse,SRC_003283,2026-10-05T00:00:00Z,2026-09-01T00:00:00Z,0.2,duplicate_observation,OBS_012009
IDENT_001209,ACT_0051,handle,SilverGrid,SRC_001020,2026-11-16T00:00:00Z,2026-09-01T00:00:00Z,0.17,duplicate_observation,OBS_006855
IDENT_001210,ACT_0040,handle,RuneMoth,SRC_001373,2026-10-12T00:00:00Z,2026-09-01T00:00:00Z,0.52,duplicate_observation,
IDENT_001211,ACT_0007,handle,GhostForge71,SRC_003586,2024-06-09T13:12:42Z,2024-11-06T13:12:42Z,0.7,duplicate_observation,
IDENT_001212,ACT_0014,handle,NightLedger,SRC_002817,2024-01-12T02:17:28Z,2024-11-03T02:17:28Z,0.28,duplicate_observation,OBS_006093
IDENT_001213,ACT_0023,handle,GreyOrbit,SRC_002293,2026-04-17T00:01:56Z,2026-09-01T00:00:00Z,0.31,duplicate_observation,OBS_002747
IDENT_001214,ACT_0005,handle,CipherHollow,SRC_000043,2026-09-22T00:00:00Z,2026-09-01T00:00:00Z,0.4,duplicate_observation,
IDENT_001215,ACT_0052,handle,IronRunner,SRC_000685,2025-08-04T08:12:20Z,2026-03-11T08:12:20Z,0.38,duplicate_observation,OBS_009690
IDENT_001216,ACT_0024,handle,VectorHarbor,SRC_004244,2026-11-08T00:00:00Z,2026-09-01T00:00:00Z,0.33,duplicate_observation,
IDENT_001217,ACT_0035,handle,BlackReaper60,SRC_002212,2026-10-26T00:00:00Z,2026-09-01T00:00:00Z,0.5,duplicate_observation,
IDENT_001218,ACT_0050,handle,RogueWarden,SRC_004893,2026-11-09T00:00:00Z,2026-09-01T00:00:00Z,0.29,duplicate_observation,OBS_011204
IDENT_001219,ACT_0030,handle,SilentOrbit,SRC_004016,2025-01-10T21:36:22Z,2025-08-26T21:36:22Z,0.17,duplicate_observation,OBS_010316
IDENT_001220,ACT_0007,handle,GhostForge71,SRC_001464,2024-05-26T13:12:42Z,2024-10-21T13:12:42Z,0.1,duplicate_observation,OBS_009619
IDENT_001221,ACT_0001,handle,SilentTrace,SRC_000784,2024-02-23T20:28:06Z,2024-12-23T20:28:06Z,0.62,duplicate_observation,
IDENT_001222,ACT_0040,handle,RuneMoth,SRC_004820,2026-10-19T00:00:00Z,2026-09-01T00:00:00Z,0.24,duplicate_observation,
IDENT_001223,ACT_0005,handle,CipherHollow,SRC_005100,2026-10-01T00:00:00Z,2026-09-01T00:00:00Z,0.33,duplicate_observation,
IDENT_001224,ACT_0023,handle,GreySentinel,SRC_000148,2026-09-10T00:00:00Z,2026-09-01T00:00:00Z,0.27,duplicate_observation,OBS_002591
IDENT_001225,ACT_0019,handle,VoidDrift,SRC_001958,2025-08-17T04:42:59Z,2026-09-01T00:00:00Z,0.33,duplicate_observation,
IDENT_001226,ACT_0025,handle,ChromeOrbit,SRC_005068,2026-09-15T00:00:00Z,2026-09-01T00:00:00Z,0.1,duplicate_observation,
IDENT_001227,ACT_0006,handle,RogueRoot,SRC_002286,2025-09-17T08:56:39Z,2025-12-21T08:56:39Z,0.35,duplicate_observation,OBS_004466
IDENT_001228,ACT_0001,handle,SilentTrace,SRC_002685,2024-02-11T20:28:06Z,2024-12-15T20:28:06Z,0.19,duplicate_observation,OBS_000652
IDENT_001229,ACT_0056,handle,VoidNode,SRC_000776,2024-09-03T10:20:14Z,2025-03-30T10:20:14Z,0.37,duplicate_observation,
IDENT_001230,ACT_0034,handle,PhantomOrbit,SRC_004049,2026-10-15T00:00:00Z,2026-09-01T00:00:00Z,0.41,duplicate_observation,OBS_011826
IDENT_001231,ACT_0059,handle,FrostRunner37,SRC_003596,2026-10-12T00:00:00Z,2026-09-01T00:00:00Z,0.34,duplicate_observation,OBS_006481
IDENT_001232,ACT_0030,handle,CrimsonForge,SRC_002637,2024-06-09T21:36:22Z,2024-12-13T21:36:22Z,0.15,duplicate_observation,
IDENT_001233,ACT_0015,handle,IronFalcon73,SRC_000516,2026-11-02T00:00:00Z,2026-09-01T00:00:00Z,0.7,duplicate_observation,
IDENT_001234,ACT_0055,handle,HavocSentinel,SRC_000967,2024-08-06T04:37:32Z,2025-11-24T04:37:32Z,0.58,duplicate_observation,
IDENT_001235,ACT_0051,handle,GreyEcho,SRC_001515,2026-07-06T11:41:03Z,2026-09-01T00:00:00Z,0.68,duplicate_observation,
IDENT_001236,ACT_0036,handle,IronMarrow,SRC_003451,2026-10-29T00:00:00Z,2026-09-01T00:00:00Z,0.36,duplicate_observation,OBS_000303
IDENT_001237,ACT_0036,handle,TalonSpire,SRC_004277,2026-04-25T18:10:40Z,2026-09-01T00:00:00Z,0.39,duplicate_observation,OBS_003407
IDENT_001238,ACT_0006,handle,ShadowForge,SRC_001104,2024-03-06T08:56:39Z,2024-07-09T08:56:39Z,0.31,duplicate_observation,
IDENT_001239,ACT_0010,handle,SilentFox,SRC_004631,2026-05-23T20:43:57Z,2026-09-01T00:00:00Z,0.43,duplicate_observation,OBS_000244
IDENT_001240,ACT_0032,handle,VoidHollow,SRC_004756,2026-08-12T17:55:46Z,2026-09-01T00:00:00Z,0.1,duplicate_observation,OBS_008838
IDENT_001241,ACT_0023,handle,SilverPulse,SRC_005437,2026-10-13T00:00:00Z,2026-09-01T00:00:00Z,0.42,duplicate_observation,
IDENT_001242,ACT_0041,handle,RogueSpire80,SRC_002965,2025-01-07T19:31:51Z,2025-10-30T19:31:51Z,0.43,duplicate_observation,OBS_010403
IDENT_001243,ACT_0020,handle,ChromeHarbor,SRC_005423,2025-07-24T15:43:16Z,2025-10-28T15:43:16Z,0.1,duplicate_observation,OBS_002383
IDENT_001244,ACT_0035,handle,RogueLedger,SRC_000021,2025-06-18T22:04:42Z,2026-09-01T00:00:00Z,0.57,duplicate_observation,OBS_009805
IDENT_001245,ACT_0008,handle,FrostMoth,SRC_002709,2026-10-07T10:13:36Z,2026-09-01T00:00:00Z,0.46,duplicate_observation,
IDENT_001246,ACT_0041,handle,RogueSpire80,SRC_001650,2025-01-10T19:31:51Z,2025-10-27T19:31:51Z,0.29,duplicate_observation,OBS_010031
IDENT_001247,ACT_0056,handle,NightCrow,SRC_003227,2025-04-02T10:20:14Z,2026-01-14T10:20:14Z,0.25,duplicate_observation,OBS_011197
IDENT_001248,ACT_0038,handle,VectorVector,SRC_003191,2025-08-16T11:07:27Z,2025-10-29T11:07:27Z,0.45,duplicate_observation,
IDENT_001249,ACT_0052,handle,StormHollow,SRC_005111,2026-04-10T08:12:20Z,2026-09-01T00:00:00Z,0.7,duplicate_observation,
IDENT_001250,ACT_0026,handle,ChromeMarrow,SRC_004883,2025-08-02T18:43:51Z,2025-09-06T18:43:51Z,0.1,duplicate_observation,
IDENT_001251,ACT_0053,handle,IronHarbor,SRC_002396,2024-08-18T21:22:52Z,2025-02-14T21:22:52Z,0.38,duplicate_observation,OBS_004825
IDENT_001252,ACT_0023,handle,NullEcho,SRC_004170,2026-11-06T00:00:00Z,2026-09-01T00:00:00Z,0.23,duplicate_observation,OBS_012604
IDENT_001253,ACT_0001,handle,SilentTrace,SRC_005670,2024-02-22T20:28:06Z,2024-12-14T20:28:06Z,0.32,duplicate_observation,
IDENT_001254,ACT_0001,handle,SilentTrace,SRC_004899,2024-02-12T20:28:06Z,2024-12-24T20:28:06Z,0.44,duplicate_observation,
IDENT_001255,ACT_0040,handle,ObsidianHex,SRC_000520,2026-01-06T18:08:11Z,2026-09-01T00:00:00Z,0.17,duplicate_observation,OBS_000375
IDENT_001256,ACT_0016,handle,PhantomHollow,SRC_001096,2025-03-20T15:47:40Z,2025-08-18T15:47:40Z,0.3,duplicate_observation,
IDENT_001257,ACT_0009,handle,AshSignal52,SRC_004540,2026-10-25T00:00:00Z,2026-09-01T00:00:00Z,0.26,duplicate_observation,OBS_010686
IDENT_001258,ACT_0015,handle,NullCipher,SRC_004364,2025-10-31T12:12:24Z,2026-09-01T00:00:00Z,0.11,duplicate_observation,
IDENT_001259,ACT_0058,handle,PhantomDrift95,SRC_001875,2025-08-21T17:09:54Z,2025-11-19T17:09:54Z,0.59,duplicate_observation,
IDENT_001260,ACT_0014,handle,HavocHollow,SRC_001273,2025-01-06T02:17:28Z,2025-10-21T02:17:28Z,0.32,duplicate_observation,OBS_003804
IDENT_001261,ACT_0030,handle,SilentOrbit,SRC_000946,2025-01-13T21:36:22Z,2025-08-28T21:36:22Z,0.19,duplicate_observation,OBS_011821
IDENT_001262,ACT_0059,handle,NullWolf,SRC_001528,2026-08-03T16:19:50Z,2026-09-01T00:00:00Z,0.36,duplicate_observation,OBS_003096
IDENT_001263,ACT_0031,handle,WraithWarden,SRC_002784,2025-09-04T19:36:25Z,2026-03-12T19:36:25Z,0.41,duplicate_observation,OBS_005056
IDENT_001264,ACT_0048,handle,CrimsonTrace,SRC_005708,2024-08-17T21:47:44Z,2025-11-12T21:47:44Z,0.38,duplicate_observation,OBS_001981
IDENT_001265,ACT_0059,handle,VectorHex,SRC_004908,2026-10-10T00:00:00Z,2026-09-01T00:00:00Z,0.69,duplicate_observation,
IDENT_001266,ACT_0045,handle,PhantomWolf,SRC_003431,2025-11-14T07:17:31Z,2026-09-01T00:00:00Z,0.58,duplicate_observation,
IDENT_001267,ACT_0044,handle,NightSentinel32,SRC_004013,2026-03-16T18:00:37Z,2026-07-22T18:00:37Z,0.25,duplicate_observation,OBS_011706
IDENT_001268,ACT_0050,handle,FrostReaper,SRC_003353,2026-07-11T02:56:43Z,2026-09-01T00:00:00Z,0.39,duplicate_observation,
IDENT_001269,ACT_0013,handle,VectorNode,SRC_003704,2026-10-19T00:00:00Z,2026-09-01T00:00:00Z,0.28,duplicate_observation,
IDENT_001270,ACT_0026,handle,BlackDrift,SRC_002352,2026-02-28T18:43:51Z,2026-09-01T00:00:00Z,0.36,duplicate_observation,OBS_005224
IDENT_001271,ACT_0006,handle,ShadowForge,SRC_002534,2024-03-01T08:56:39Z,2024-07-10T08:56:39Z,0.12,duplicate_observation,OBS_013620
IDENT_001272,ACT_0016,handle,ChromeGrid,SRC_004140,2025-09-20T15:47:40Z,2026-03-03T15:47:40Z,0.23,duplicate_observation,OBS_013320
IDENT_001273,ACT_0040,handle,RuneMoth,SRC_000649,2026-10-17T00:00:00Z,2026-09-01T00:00:00Z,0.6,duplicate_observation,
IDENT_001274,ACT_0052,handle,StormHollow,SRC_002861,2026-04-04T08:12:20Z,2026-09-01T00:00:00Z,0.27,duplicate_observation,
IDENT_001275,ACT_0011,handle,StormMarrow12,SRC_000385,2026-05-16T12:53:27Z,2026-09-01T00:00:00Z,0.54,duplicate_observation,OBS_007447
IDENT_001276,ACT_0025,handle,GhostSentinel,SRC_001644,2026-11-01T00:00:00Z,2026-09-01T00:00:00Z,0.7,duplicate_observation,
IDENT_001277,ACT_0016,handle,ChromeGrid,SRC_000757,2025-09-09T15:47:40Z,2026-02-12T15:47:40Z,0.27,duplicate_observation,OBS_000134
IDENT_001278,ACT_0050,handle,GhostCrow,SRC_000867,2026-11-01T00:00:00Z,2026-09-01T00:00:00Z,0.17,duplicate_observation,
IDENT_001279,ACT_0021,handle,StormWolf89,SRC_005009,2026-10-06T00:00:00Z,2026-09-01T00:00:00Z,0.48,duplicate_observation,
IDENT_001280,ACT_0054,handle,ShadowGrid,SRC_003579,2026-09-26T00:00:00Z,2026-09-01T00:00:00Z,0.32,duplicate_observation,OBS_013095
IDENT_001281,ACT_0046,handle,ObsidianFalcon,SRC_000866,2025-09-07T14:13:34Z,2026-01-15T14:13:34Z,0.35,duplicate_observation,OBS_012447
IDENT_001282,ACT_0023,handle,NullEcho,SRC_002963,2026-10-29T00:00:00Z,2026-09-01T00:00:00Z,0.28,duplicate_observation,
IDENT_001283,ACT_0059,handle,VectorHex,SRC_003811,2026-09-23T00:00:00Z,2026-09-01T00:00:00Z,0.28,duplicate_observation,OBS_000915
IDENT_001284,ACT_0036,handle,OnyxHex,SRC_003198,2026-09-16T00:00:00Z,2026-09-01T00:00:00Z,0.13,duplicate_observation,
IDENT_001285,ACT_0051,handle,GreyEcho,SRC_001455,2026-07-03T11:41:03Z,2026-09-01T00:00:00Z,0.29,duplicate_observation,OBS_007738
IDENT_001286,ACT_0035,handle,BlackReaper60,SRC_001052,2026-10-29T00:00:00Z,2026-09-01T00:00:00Z,0.39,duplicate_observation,OBS_011563
IDENT_001287,ACT_0031,handle,RogueReaper,SRC_004260,2026-04-02T19:36:25Z,2026-09-01T00:00:00Z,0.43,duplicate_observation,OBS_002089
IDENT_001288,ACT_0012,handle,CipherSpire,SRC_001657,2025-02-02T10:37:19Z,2025-10-24T10:37:19Z,0.35,duplicate_observation,
IDENT_001289,ACT_0058,handle,DarkSignal,SRC_000657,2026-01-08T17:09:54Z,2026-09-01T00:00:00Z,0.1,duplicate_observation,
IDENT_001290,ACT_0053,handle,OnyxFang,SRC_002526,2025-02-27T21:22:52Z,2026-03-15T21:22:52Z,0.18,duplicate_observation,
IDENT_001291,ACT_0055,handle,HavocSentinel,SRC_002885,2024-08-06T04:37:32Z,2025-11-28T04:37:32Z,0.55,duplicate_observation,OBS_007729
IDENT_001292,ACT_0027,handle,CrimsonWolf,SRC_003034,2024-08-12T01:12:14Z,2025-10-12T01:12:14Z,0.16,duplicate_observation,OBS_003542
IDENT_001293,ACT_0003,handle,GreyRoot,SRC_003265,2024-08-15T18:21:03Z,2025-11-01T18:21:03Z,0.22,duplicate_observation,
IDENT_001294,ACT_0034,handle,HavocSentinel54,SRC_003515,2025-10-17T10:59:17Z,2026-09-01T00:00:00Z,0.34,duplicate_observation,
IDENT_001295,ACT_0034,handle,PhantomOrbit,SRC_003879,2026-10-31T00:00:00Z,2026-09-01T00:00:00Z,0.18,duplicate_observation,
IDENT_001296,ACT_0040,handle,ObsidianHex,SRC_000108,2026-01-06T18:08:11Z,2026-09-01T00:00:00Z,0.1,duplicate_observation,OBS_000505
IDENT_001297,ACT_0025,handle,TalonEcho,SRC_000925,2026-10-05T00:00:00Z,2026-09-01T00:00:00Z,0.1,duplicate_observation,OBS_000017
IDENT_001298,ACT_0007,handle,IronWolf81,SRC_003160,2024-12-13T13:12:42Z,2025-02-04T13:12:42Z,0.4,duplicate_observation,
IDENT_001299,ACT_0057,handle,DriftReaper,SRC_005485,2026-10-03T00:00:00Z,2026-09-01T00:00:00Z,0.13,duplicate_observation,OBS_003200
IDENT_001300,ACT_0029,handle,ChromeHex39,SRC_002728,2025-05-19T22:51:37Z,2026-02-21T22:51:37Z,0.7,duplicate_observation,OBS_003551
IDENT_001301,ACT_0033,handle,TalonSentinel,SRC_002414,2025-08-03T01:20:48Z,2026-02-19T01:20:48Z,0.28,duplicate_observation,OBS_011964
IDENT_001302,ACT_0019,handle,VoidDrift,SRC_004311,2025-08-28T04:42:59Z,2026-09-01T00:00:00Z,0.55,duplicate_observation,OBS_010829
IDENT_001303,ACT_0053,handle,OnyxFang,SRC_002810,2025-02-23T21:22:52Z,2026-03-25T21:22:52Z,0.16,duplicate_observation,OBS_009979
IDENT_001304,ACT_0018,handle,GreyRunner,SRC_005805,2025-10-31T18:40:31Z,2026-09-01T00:00:00Z,0.5,duplicate_observation,OBS_010186
IDENT_001305,ACT_0023,handle,GreyOrbit,SRC_000484,2026-04-21T00:01:56Z,2026-09-01T00:00:00Z,0.32,duplicate_observation,
IDENT_001306,ACT_0059,handle,VectorHex,SRC_000390,2026-09-24T00:00:00Z,2026-09-01T00:00:00Z,0.17,duplicate_observation,OBS_003221
IDENT_001307,ACT_0025,handle,ChromeOrbit,SRC_004705,2026-09-16T00:00:00Z,2026-09-01T00:00:00Z,0.17,duplicate_observation,
IDENT_001308,ACT_0034,handle,ObsidianMoth89,SRC_001364,2026-10-20T00:00:00Z,2026-09-01T00:00:00Z,0.49,duplicate_observation,OBS_003237
IDENT_001309,ACT_0030,handle,OnyxRoot,SRC_003406,2025-10-05T21:36:22Z,2026-08-22T21:36:22Z,0.12,duplicate_observation,
IDENT_001310,ACT_0059,handle,NullWolf,SRC_003215,2026-07-25T16:19:50Z,2026-09-01T00:00:00Z,0.15,duplicate_observation,
IDENT_001311,ACT_0031,handle,RogueReaper,SRC_003256,2026-04-12T19:36:25Z,2026-09-01T00:00:00Z,0.47,duplicate_observation,OBS_001160
IDENT_001312,ACT_0040,handle,StormPulse,SRC_002100,2026-10-17T00:00:00Z,2026-09-01T00:00:00Z,0.43,duplicate_observation,OBS_009408
IDENT_001313,ACT_0047,handle,AshForge54,SRC_004275,2024-11-21T22:38:20Z,2026-02-27T22:38:20Z,0.13,duplicate_observation,OBS_009964
IDENT_001314,ACT_0038,handle,CrimsonLedger,SRC_000260,2025-11-13T11:07:27Z,2026-07-21T11:07:27Z,0.44,duplicate_observation,
IDENT_001315,ACT_0057,handle,DriftReaper,SRC_003392,2026-09-21T00:00:00Z,2026-09-01T00:00:00Z,0.21,duplicate_observation,OBS_009613
IDENT_001316,ACT_0023,handle,SilverPulse,SRC_004570,2026-10-18T00:00:00Z,2026-09-01T00:00:00Z,0.25,duplicate_observation,OBS_001059
IDENT_001317,ACT_0009,handle,WraithHex25,SRC_005258,2026-10-05T00:00:00Z,2026-09-01T00:00:00Z,0.64,duplicate_observation,OBS_011505
IDENT_001318,ACT_0013,handle,VectorNode,SRC_001624,2026-10-26T00:00:00Z,2026-09-01T00:00:00Z,0.15,duplicate_observation,OBS_007801
IDENT_001319,ACT_0054,handle,UmbraHollow,SRC_003574,2026-02-07T15:36:14Z,2026-04-30T15:36:14Z,0.29,duplicate_observation,
IDENT_001320,ACT_0012,handle,CipherSpire,SRC_005372,2025-02-21T10:37:19Z,2025-10-29T10:37:19Z,0.41,duplicate_observation,OBS_000478
IDENT_001321,ACT_0003,handle,GreyRoot,SRC_002690,2024-08-22T18:21:03Z,2025-11-04T18:21:03Z,0.42,duplicate_observation,
IDENT_001322,ACT_0040,handle,ChromeShade,SRC_004488,2026-10-04T00:00:00Z,2026-09-01T00:00:00Z,0.17,duplicate_observation,OBS_012892
IDENT_001323,ACT_0012,handle,ObsidianRoot49,SRC_002521,2024-12-26T10:37:19Z,2025-01-18T10:37:19Z,0.31,duplicate_observation,OBS_003606
IDENT_001324,ACT_0023,handle,SilverPulse,SRC_000131,2026-10-12T00:00:00Z,2026-09-01T00:00:00Z,0.34,duplicate_observation,OBS_000344
IDENT_001325,ACT_0011,handle,IronSpecter,SRC_004154,2026-11-05T00:00:00Z,2026-09-01T00:00:00Z,0.52,duplicate_observation,OBS_001804
IDENT_001326,ACT_0024,handle,WraithSpire,SRC_004026,2025-08-17T00:47:04Z,2026-08-25T00:47:04Z,0.14,duplicate_observation,
IDENT_001327,ACT_0059,handle,VectorHex,SRC_000325,2026-10-04T00:00:00Z,2026-09-01T00:00:00Z,0.19,duplicate_observation,OBS_013489
IDENT_001328,ACT_0053,handle,IronHarbor,SRC_002795,2024-08-14T21:22:52Z,2025-02-22T21:22:52Z,0.26,duplicate_observation,
IDENT_001329,ACT_0044,handle,NightSentinel32,SRC_002000,2026-03-28T18:00:37Z,2026-07-31T18:00:37Z,0.59,duplicate_observation,
IDENT_001330,ACT_0034,handle,HavocSentinel54,SRC_000663,2025-10-08T10:59:17Z,2026-09-01T00:00:00Z,0.36,duplicate_observation,
IDENT_001331,ACT_0056,handle,AshShade20,SRC_005712,2026-05-04T10:20:14Z,2026-09-01T00:00:00Z,0.36,duplicate_observation,
IDENT_001332,ACT_0027,handle,RuneWarden,SRC_003063,2024-04-27T01:12:14Z,2024-06-22T01:12:14Z,0.43,duplicate_observation,
IDENT_001333,ACT_0022,handle,CrimsonVector47,SRC_003363,2024-03-08T11:56:59Z,2025-07-25T11:56:59Z,0.47,duplicate_observation,
IDENT_001334,ACT_0015,handle,NullCipher,SRC_000413,2025-11-05T12:12:24Z,2026-09-01T00:00:00Z,0.57,duplicate_observation,OBS_008049
IDENT_001335,ACT_0056,handle,VoidCipher,SRC_003293,2026-10-08T00:00:00Z,2026-09-01T00:00:00Z,0.41,duplicate_observation,
IDENT_001336,ACT_0051,handle,GreyEcho,SRC_004883,2026-06-25T11:41:03Z,2026-09-01T00:00:00Z,0.37,duplicate_observation,
IDENT_001337,ACT_0009,handle,BlackHarbor,SRC_000173,2026-07-24T04:53:06Z,2026-09-01T00:00:00Z,0.34,duplicate_observation,OBS_012438
IDENT_001338,ACT_0055,handle,HavocSentinel,SRC_005737,2024-08-11T04:37:32Z,2025-11-26T04:37:32Z,0.3,duplicate_observation,OBS_014132
IDENT_001339,ACT_0048,handle,CrimsonTrace,SRC_004366,2024-08-22T21:47:44Z,2025-11-20T21:47:44Z,0.17,duplicate_observation,
IDENT_001340,ACT_0046,handle,ObsidianFalcon,SRC_001976,2025-09-16T14:13:34Z,2026-01-25T14:13:34Z,0.28,duplicate_observation,OBS_014423
IDENT_001341,ACT_0021,handle,ShadowForge,SRC_003218,2026-08-14T20:32:16Z,2026-09-01T00:00:00Z,0.54,duplicate_observation,
IDENT_001342,ACT_0053,handle,OnyxFang,SRC_002955,2025-02-19T21:22:52Z,2026-03-15T21:22:52Z,0.42,duplicate_observation,
IDENT_001343,ACT_0054,handle,DarkRunner,SRC_003562,2026-06-28T15:36:14Z,2026-09-01T00:00:00Z,0.38,duplicate_observation,
IDENT_001344,ACT_0013,handle,VectorNode,SRC_002046,2026-11-03T00:00:00Z,2026-09-01T00:00:00Z,0.58,duplicate_observation,OBS_007360
IDENT_001345,ACT_0036,handle,IronMarrow,SRC_002784,2026-10-29T00:00:00Z,2026-09-01T00:00:00Z,0.17,duplicate_observation,
IDENT_001346,ACT_0040,handle,RuneMoth,SRC_005563,2026-10-16T00:00:00Z,2026-09-01T00:00:00Z,0.45,duplicate_observation,
IDENT_001347,ACT_0040,handle,ObsidianHex,SRC_003839,2026-01-12T18:08:11Z,2026-09-01T00:00:00Z,0.4,duplicate_observation,
IDENT_001348,ACT_0023,handle,NullEcho,SRC_003128,2026-11-10T00:00:00Z,2026-09-01T00:00:00Z,0.29,duplicate_observation,OBS_009426
IDENT_001349,ACT_0045,handle,UmbraMarrow,SRC_000662,2025-05-17T07:17:31Z,2025-11-05T07:17:31Z,0.14,duplicate_observation,OBS_010635
IDENT_001350,ACT_0023,handle,SilverPulse,SRC_000381,2026-10-18T00:00:00Z,2026-09-01T00:00:00Z,0.6,duplicate_observation,
IDENT_001351,ACT_0036,handle,OnyxHex,SRC_003223,2026-09-18T00:00:00Z,2026-09-01T00:00:00Z,0.66,duplicate_observation,OBS_004845
IDENT_001352,ACT_0026,handle,BlackDrift,SRC_001046,2026-03-03T18:43:51Z,2026-09-01T00:00:00Z,0.27,duplicate_observation,
IDENT_001353,ACT_0054,handle,ShadowGrid,SRC_005838,2026-09-25T00:00:00Z,2026-09-01T00:00:00Z,0.68,duplicate_observation,OBS_009629
IDENT_001354,ACT_0053,handle,DarkOrbit,SRC_004473,2026-03-28T21:22:52Z,2026-09-01T00:00:00Z,0.57,duplicate_observation,OBS_004664
IDENT_001355,ACT_0054,handle,DarkRunner,SRC_003411,2026-07-05T15:36:14Z,2026-09-01T00:00:00Z,0.37,duplicate_observation,
IDENT_001356,ACT_0032,handle,RuneEcho,SRC_002863,2025-08-07T17:55:46Z,2026-08-10T17:55:46Z,0.7,duplicate_observation,
IDENT_001357,ACT_0010,handle,HavocSpire71,SRC_000989,2026-09-29T00:00:00Z,2026-09-01T00:00:00Z,0.3,duplicate_observation,OBS_010582
IDENT_001358,ACT_0027,handle,CrimsonWolf,SRC_000676,2024-07-28T01:12:14Z,2025-10-14T01:12:14Z,0.13,duplicate_observation,OBS_013585
IDENT_001359,ACT_0052,handle,ZeroTrace,SRC_002660,2026-10-14T00:00:00Z,2026-09-01T00:00:00Z,0.32,duplicate_observation,
IDENT_001360,ACT_0038,handle,VectorVector,SRC_005417,2025-08-13T11:07:27Z,2025-10-21T11:07:27Z,0.43,duplicate_observation,OBS_008669
IDENT_001361,ACT_0040,handle,FrostWolf,SRC_000145,2025-06-03T18:08:11Z,2025-12-06T18:08:11Z,0.17,duplicate_observation,
IDENT_001362,ACT_0024,handle,WraithSpire,SRC_004810,2025-08-25T00:47:04Z,2026-08-30T00:47:04Z,0.27,duplicate_observation,
IDENT_001363,ACT_0056,handle,AshShade20,SRC_004446,2026-04-22T10:20:14Z,2026-09-01T00:00:00Z,0.1,duplicate_observation,
IDENT_001364,ACT_0038,handle,CrimsonLedger,SRC_002003,2025-11-16T11:07:27Z,2026-07-17T11:07:27Z,0.21,duplicate_observation,OBS_012445
IDENT_001365,ACT_0038,handle,CrimsonLedger,SRC_003729,2025-11-15T11:07:27Z,2026-07-23T11:07:27Z,0.1,duplicate_observation,
IDENT_001366,ACT_0053,handle,IronHarbor,SRC_004064,2024-08-05T21:22:52Z,2025-02-27T21:22:52Z,0.35,duplicate_observation,OBS_001348
IDENT_001367,ACT_0042,handle,CipherFalcon,SRC_003023,2025-11-05T00:56:31Z,2026-07-22T00:56:31Z,0.29,duplicate_observation,
IDENT_001368,ACT_0017,handle,BlackCipher,SRC_003079,2026-09-05T11:28:43Z,2026-09-01T00:00:00Z,0.63,duplicate_observation,
IDENT_001369,ACT_0027,handle,RuneWarden,SRC_004216,2024-05-02T01:12:14Z,2024-06-27T01:12:14Z,0.1,duplicate_observation,OBS_004137
IDENT_001370,ACT_0020,handle,BlackRoot71,SRC_002963,2025-11-07T15:43:16Z,2026-03-02T15:43:16Z,0.35,duplicate_observation,OBS_004352
IDENT_001371,ACT_0053,handle,DarkOrbit,SRC_003535,2026-03-23T21:22:52Z,2026-09-01T00:00:00Z,0.26,duplicate_observation,
IDENT_001372,ACT_0040,handle,RuneMoth,SRC_003466,2026-10-23T00:00:00Z,2026-09-01T00:00:00Z,0.19,duplicate_observation,OBS_004035
IDENT_001373,ACT_0025,handle,TalonEcho,SRC_000596,2026-10-09T00:00:00Z,2026-09-01T00:00:00Z,0.54,duplicate_observation,OBS_012982
IDENT_001374,ACT_0026,handle,BlackDrift,SRC_000293,2026-03-09T18:43:51Z,2026-09-01T00:00:00Z,0.26,duplicate_observation,OBS_014364
IDENT_001375,ACT_0043,handle,CrimsonCrow,SRC_001371,2026-06-09T22:06:12Z,2026-09-01T00:00:00Z,0.1,duplicate_observation,OBS_009567
IDENT_001376,ACT_0031,handle,RogueReaper,SRC_004073,2026-04-04T19:36:25Z,2026-09-01T00:00:00Z,0.25,duplicate_observation,
IDENT_001377,ACT_0026,handle,ZeroFox,SRC_004184,2026-10-24T00:00:00Z,2026-09-01T00:00:00Z,0.17,duplicate_observation,OBS_006879
IDENT_001378,ACT_0051,handle,EmberOrbit93,SRC_001656,2026-09-20T00:00:00Z,2026-09-01T00:00:00Z,0.36,duplicate_observation,
IDENT_001379,ACT_0043,handle,UmbraRoot,SRC_005159,2025-02-28T22:06:12Z,2026-04-15T22:06:12Z,0.58,duplicate_observation,OBS_000731
IDENT_001380,ACT_0055,handle,StormRunner,SRC_001778,2024-03-25T04:37:32Z,2024-07-04T04:37:32Z,0.32,duplicate_observation,
IDENT_001381,ACT_0023,handle,SilverPulse,SRC_005106,2026-10-18T00:00:00Z,2026-09-01T00:00:00Z,0.48,duplicate_observation,OBS_006938
IDENT_001382,ACT_0016,handle,ChromeGrid,SRC_000488,2025-09-04T15:47:40Z,2026-02-25T15:47:40Z,0.65,duplicate_observation,OBS_001711
IDENT_001383,ACT_0059,handle,FrostRunner37,SRC_003472,2026-10-12T00:00:00Z,2026-09-01T00:00:00Z,0.46,duplicate_observation,OBS_008687
IDENT_001384,ACT_0045,handle,PhantomWolf,SRC_002595,2025-11-20T07:17:31Z,2026-09-01T00:00:00Z,0.42,duplicate_observation,OBS_013491
IDENT_001385,ACT_0049,handle,EmberSignal,SRC_000121,2026-06-11T01:19:15Z,2026-09-01T00:00:00Z,0.35,duplicate_observation,
IDENT_001386,ACT_0060,handle,CipherEcho,SRC_003433,2026-04-18T22:48:45Z,2026-09-01T00:00:00Z,0.56,duplicate_observation,OBS_013599
IDENT_001387,ACT_0001,handle,SilentTrace,SRC_001362,2024-02-27T20:28:06Z,2024-12-16T20:28:06Z,0.31,duplicate_observation,
IDENT_001388,ACT_0014,handle,HavocHollow,SRC_005109,2024-12-31T02:17:28Z,2025-10-19T02:17:28Z,0.61,duplicate_observation,
IDENT_001389,ACT_0014,handle,NightLedger,SRC_000485,2024-01-31T02:17:28Z,2024-11-02T02:17:28Z,0.23,duplicate_observation,OBS_010164
IDENT_001390,ACT_0054,handle,UmbraHollow,SRC_005128,2026-02-17T15:36:14Z,2026-05-08T15:36:14Z,0.26,duplicate_observation,OBS_009281
IDENT_001391,ACT_0060,handle,CipherEcho,SRC_003673,2026-04-04T22:48:45Z,2026-09-01T00:00:00Z,0.21,duplicate_observation,
IDENT_001392,ACT_0027,handle,CrimsonWolf,SRC_001179,2024-08-03T01:12:14Z,2025-10-18T01:12:14Z,0.1,duplicate_observation,
IDENT_001393,ACT_0029,handle,GhostShade,SRC_001049,2024-05-21T22:51:37Z,2025-05-04T22:51:37Z,0.26,duplicate_observation,OBS_010230
IDENT_001394,ACT_0003,handle,IronLedger,SRC_000177,2025-11-10T18:21:03Z,2026-09-01T00:00:00Z,0.34,duplicate_observation,OBS_009327
IDENT_001395,ACT_0050,handle,CipherForge,SRC_003822,2026-10-13T00:00:00Z,2026-09-01T00:00:00Z,0.34,duplicate_observation,OBS_009844
IDENT_001396,ACT_0031,handle,WraithWarden,SRC_004488,2025-09-05T19:36:25Z,2026-03-01T19:36:25Z,0.52,duplicate_observation,OBS_009420
IDENT_001397,ACT_0021,handle,StormWolf89,SRC_001787,2026-10-08T00:00:00Z,2026-09-01T00:00:00Z,0.36,duplicate_observation,
IDENT_001398,ACT_0035,handle,RogueLedger,SRC_002087,2025-06-27T22:04:42Z,2026-09-01T00:00:00Z,0.1,duplicate_observation,
IDENT_001399,ACT_0058,handle,PhantomDrift95,SRC_003269,2025-09-09T17:09:54Z,2025-11-11T17:09:54Z,0.21,duplicate_observation,OBS_012947
IDENT_001400,ACT_0034,handle,ObsidianMoth89,SRC_005136,2026-10-12T00:00:00Z,2026-09-01T00:00:00Z,0.69,duplicate_observation,
IDENT_001401,ACT_0056,handle,AshShade20,SRC_000902,2026-04-29T10:20:14Z,2026-09-01T00:00:00Z,0.39,duplicate_observation,
IDENT_001402,ACT_0033,handle,TalonSentinel,SRC_001508,2025-08-05T01:20:48Z,2026-02-11T01:20:48Z,0.33,duplicate_observation,OBS_003120
IDENT_001403,ACT_0004,handle,OnyxNode,SRC_000884,2026-05-11T04:44:17Z,2026-09-01T00:00:00Z,0.34,duplicate_observation,OBS_014046
IDENT_001404,ACT_0021,handle,NullPulse,SRC_000693,2026-09-27T00:00:00Z,2026-09-01T00:00:00Z,0.55,duplicate_observation,
IDENT_001405,ACT_0058,handle,DarkSignal,SRC_002335,2026-01-14T17:09:54Z,2026-09-01T00:00:00Z,0.12,duplicate_observation,OBS_013258
IDENT_001406,ACT_0035,handle,StormDrift,SRC_004233,2026-10-20T00:00:00Z,2026-09-01T00:00:00Z,0.4,duplicate_observation,
IDENT_001407,ACT_0035,handle,CrimsonMoth,SRC_005066,2024-04-20T22:04:42Z,2025-05-27T22:04:42Z,0.44,duplicate_observation,OBS_012714
IDENT_001408,ACT_0028,handle,OnyxPulse,SRC_000658,2024-12-28T00:39:48Z,2025-05-04T00:39:48Z,0.63,duplicate_observation,OBS_011769
IDENT_001409,ACT_0032,handle,RuneEcho,SRC_004574,2025-08-05T17:55:46Z,2026-07-25T17:55:46Z,0.27,duplicate_observation,
IDENT_001410,ACT_0006,handle,ShadowForge,SRC_004740,2024-03-10T08:56:39Z,2024-07-04T08:56:39Z,0.3,duplicate_observation,
IDENT_001411,ACT_0003,handle,IronLedger,SRC_004941,2025-11-12T18:21:03Z,2026-09-01T00:00:00Z,0.35,duplicate_observation,
IDENT_001412,ACT_0037,handle,VoidMoth,SRC_000102,2025-01-18T20:05:11Z,2025-07-23T20:05:11Z,0.53,duplicate_observation,
IDENT_001413,ACT_0012,handle,CipherSpire,SRC_002861,2025-02-04T10:37:19Z,2025-10-28T10:37:19Z,0.43,duplicate_observation,OBS_003797
IDENT_001414,ACT_0020,handle,ChromeHarbor,SRC_000590,2025-07-12T15:43:16Z,2025-11-02T15:43:16Z,0.27,duplicate_observation,OBS_006538
IDENT_001415,ACT_0041,handle,RogueSpire80,SRC_004806,2025-01-06T19:31:51Z,2025-10-24T19:31:51Z,0.21,duplicate_observation,
IDENT_001416,ACT_0019,handle,EmberWolf,SRC_000899,2026-10-20T00:00:00Z,2026-09-01T00:00:00Z,0.36,duplicate_observation,
IDENT_001417,ACT_0040,handle,StormPulse,SRC_002657,2026-10-14T00:00:00Z,2026-09-01T00:00:00Z,0.47,duplicate_observation,OBS_013402
IDENT_001418,ACT_0050,handle,CipherForge,SRC_002855,2026-10-28T00:00:00Z,2026-09-01T00:00:00Z,0.38,duplicate_observation,OBS_002442
IDENT_001419,ACT_0047,handle,AshForge54,SRC_002162,2024-11-26T22:38:20Z,2026-02-17T22:38:20Z,0.31,duplicate_observation,
IDENT_001420,ACT_0045,handle,PhantomWolf,SRC_002979,2025-11-16T07:17:31Z,2026-09-01T00:00:00Z,0.41,duplicate_observation,OBS_010060
IDENT_001421,ACT_0017,handle,BlackCipher,SRC_003624,2026-09-03T11:28:43Z,2026-09-01T00:00:00Z,0.4,duplicate_observation,
IDENT_001422,ACT_0008,handle,FrostMoth,SRC_002372,2026-10-06T10:13:36Z,2026-09-01T00:00:00Z,0.26,duplicate_observation,
IDENT_001423,ACT_0032,handle,RuneEcho,SRC_000772,2025-08-01T17:55:46Z,2026-07-28T17:55:46Z,0.69,duplicate_observation,
IDENT_001424,ACT_0012,handle,ObsidianRoot49,SRC_005156,2024-12-24T10:37:19Z,2025-01-16T10:37:19Z,0.7,duplicate_observation,
IDENT_001425,ACT_0024,handle,OnyxEcho,SRC_004585,2026-10-24T00:47:04Z,2026-09-01T00:00:00Z,0.34,duplicate_observation,
IDENT_001426,ACT_0035,handle,StormDrift,SRC_002345,2026-10-05T00:00:00Z,2026-09-01T00:00:00Z,0.5,duplicate_observation,
IDENT_001427,ACT_0001,handle,SilentTrace,SRC_004333,2024-02-17T20:28:06Z,2024-12-23T20:28:06Z,0.1,duplicate_observation,
IDENT_001428,ACT_0015,handle,NullCipher,SRC_000340,2025-10-21T12:12:24Z,2026-09-01T00:00:00Z,0.23,duplicate_observation,
IDENT_001429,ACT_0035,handle,BlackReaper60,SRC_002536,2026-11-09T00:00:00Z,2026-09-01T00:00:00Z,0.6,duplicate_observation,OBS_011373
IDENT_001430,ACT_0023,handle,NullEcho,SRC_000709,2026-11-10T00:00:00Z,2026-09-01T00:00:00Z,0.36,duplicate_observation,
IDENT_001431,ACT_0028,handle,OnyxPulse,SRC_002998,2024-12-31T00:39:48Z,2025-05-19T00:39:48Z,0.33,duplicate_observation,
IDENT_001432,ACT_0050,handle,FrostReaper,SRC_004488,2026-07-11T02:56:43Z,2026-09-01T00:00:00Z,0.1,duplicate_observation,OBS_003773
IDENT_001433,ACT_0006,handle,ForgeVector,SRC_005379,2024-08-16T08:56:39Z,2025-08-18T08:56:39Z,0.28,duplicate_observation,OBS_013082
IDENT_001434,ACT_0037,handle,AshMoth,SRC_005267,2024-09-10T20:05:11Z,2024-11-24T20:05:11Z,0.38,duplicate_observation,
IDENT_001435,ACT_0021,handle,StormWolf89,SRC_001122,2026-10-05T00:00:00Z,2026-09-01T00:00:00Z,0.15,duplicate_observation,
IDENT_001436,ACT_0031,handle,WraithWarden,SRC_002105,2025-09-05T19:36:25Z,2026-03-11T19:36:25Z,0.1,duplicate_observation,
IDENT_001437,ACT_0040,handle,ObsidianHex,SRC_002937,2026-01-06T18:08:11Z,2026-09-01T00:00:00Z,0.42,duplicate_observation,OBS_008788
IDENT_001438,ACT_0005,handle,CipherHollow,SRC_000262,2026-09-12T00:00:00Z,2026-09-01T00:00:00Z,0.23,duplicate_observation,OBS_013593
IDENT_001439,ACT_0015,handle,NullCipher,SRC_000667,2025-10-19T12:12:24Z,2026-09-01T00:00:00Z,0.41,duplicate_observation,OBS_009855
IDENT_001440,ACT_0050,handle,ShadowNode,SRC_001569,2026-09-27T00:00:00Z,2026-09-01T00:00:00Z,0.69,duplicate_observation,OBS_004360
IDENT_001441,ACT_0021,handle,StormLedger,SRC_005699,2026-09-14T00:00:00Z,2026-09-01T00:00:00Z,0.26,duplicate_observation,OBS_007936
IDENT_001442,ACT_0023,handle,NullEcho,SRC_001791,2026-11-08T00:00:00Z,2026-09-01T00:00:00Z,0.26,duplicate_observation,
IDENT_001443,ACT_0009,handle,CrimsonReaper,SRC_003688,2026-10-03T00:00:00Z,2026-09-01T00:00:00Z,0.67,duplicate_observation,
IDENT_001444,ACT_0006,handle,RogueRoot,SRC_002347,2025-09-05T08:56:39Z,2025-12-17T08:56:39Z,0.34,duplicate_observation,OBS_007435
IDENT_001445,ACT_0023,handle,SilverPulse,SRC_003924,2026-10-13T00:00:00Z,2026-09-01T00:00:00Z,0.15,duplicate_observation,
IDENT_001446,ACT_0026,handle,RuneCrow,SRC_002184,2025-09-22T18:43:51Z,2026-02-28T18:43:51Z,0.23,duplicate_observation,OBS_012560
IDENT_001447,ACT_0034,handle,ObsidianMoth89,SRC_002915,2026-10-15T00:00:00Z,2026-09-01T00:00:00Z,0.49,duplicate_observation,
IDENT_001448,ACT_0056,handle,NightCrow,SRC_003086,2025-03-30T10:20:14Z,2026-01-14T10:20:14Z,0.29,duplicate_observation,OBS_006028
IDENT_001449,ACT_0002,handle,ShadowDrift,SRC_003228,2025-01-18T10:13:48Z,2025-03-08T10:13:48Z,0.16,duplicate_observation,
IDENT_001450,ACT_0044,handle,NightSentinel32,SRC_005094,2026-03-24T18:00:37Z,2026-08-02T18:00:37Z,0.38,duplicate_observation,OBS_009262
IDENT_001451,ACT_0032,handle,VoidHollow,SRC_002272,2026-08-17T17:55:46Z,2026-09-01T00:00:00Z,0.51,duplicate_observation,OBS_014391
IDENT_001452,ACT_0040,handle,FrostWolf,SRC_000290,2025-05-28T18:08:11Z,2025-11-29T18:08:11Z,0.57,duplicate_observation,OBS_004035
IDENT_001453,ACT_0010,handle,SilentFox,SRC_005251,2026-06-05T20:43:57Z,2026-09-01T00:00:00Z,0.21,duplicate_observation,OBS_003316
IDENT_001454,ACT_0054,handle,UmbraHollow,SRC_000009,2026-02-05T15:36:14Z,2026-05-13T15:36:14Z,0.29,duplicate_observation,OBS_014198
IDENT_001455,ACT_0017,handle,BlackCipher,SRC_002064,2026-08-28T11:28:43Z,2026-09-01T00:00:00Z,0.52,duplicate_observation,
IDENT_001456,ACT_0060,handle,CipherEcho,SRC_000887,2026-04-06T22:48:45Z,2026-09-01T00:00:00Z,0.16,duplicate_observation,OBS_012472
IDENT_001457,ACT_0053,handle,OnyxFang,SRC_003661,2025-03-09T21:22:52Z,2026-03-25T21:22:52Z,0.39,duplicate_observation,OBS_001305
IDENT_001458,ACT_0032,handle,RuneEcho,SRC_004506,2025-08-07T17:55:46Z,2026-08-02T17:55:46Z,0.17,duplicate_observation,OBS_010387
IDENT_001459,ACT_0053,handle,OnyxFang,SRC_003571,2025-03-05T21:22:52Z,2026-03-09T21:22:52Z,0.28,duplicate_observation,
IDENT_001460,ACT_0009,handle,WraithHex25,SRC_004670,2026-10-03T00:00:00Z,2026-09-01T00:00:00Z,0.42,duplicate_observation,
IDENT_001461,ACT_0009,handle,CrimsonReaper,SRC_003642,2026-10-13T00:00:00Z,2026-09-01T00:00:00Z,0.1,duplicate_observation,OBS_001614
IDENT_001462,ACT_0054,handle,UmbraHollow,SRC_004723,2026-02-10T15:36:14Z,2026-05-10T15:36:14Z,0.67,duplicate_observation,OBS_000950
IDENT_001463,ACT_0040,handle,ChromeShade,SRC_004137,2026-10-12T00:00:00Z,2026-09-01T00:00:00Z,0.37,duplicate_observation,
IDENT_001464,ACT_0034,handle,ObsidianMoth89,SRC_003332,2026-10-18T00:00:00Z,2026-09-01T00:00:00Z,0.46,duplicate_observation,OBS_003636
IDENT_001465,ACT_0046,handle,ObsidianFalcon,SRC_002195,2025-09-24T14:13:34Z,2026-02-04T14:13:34Z,0.7,duplicate_observation,
IDENT_001466,ACT_0035,handle,RogueLedger,SRC_003611,2025-07-04T22:04:42Z,2026-09-01T00:00:00Z,0.29,duplicate_observation,OBS_008238
IDENT_001467,ACT_0045,handle,UmbraMarrow,SRC_005581,2025-05-14T07:17:31Z,2025-11-20T07:17:31Z,0.47,duplicate_observation,
IDENT_001468,ACT_0050,handle,GhostCrow,SRC_004977,2026-11-12T00:00:00Z,2026-09-01T00:00:00Z,0.1,duplicate_observation,
IDENT_001469,ACT_0038,handle,VectorVector,SRC_001152,2025-08-30T11:07:27Z,2025-10-30T11:07:27Z,0.54,duplicate_observation,OBS_013582
IDENT_001470,ACT_0060,handle,CipherEcho,SRC_003035,2026-04-16T22:48:45Z,2026-09-01T00:00:00Z,0.31,duplicate_observation,OBS_000056
IDENT_001471,ACT_0034,handle,PhantomOrbit,SRC_002622,2026-10-25T00:00:00Z,2026-09-01T00:00:00Z,0.21,duplicate_observation,
IDENT_001472,ACT_0047,handle,StormFox,SRC_004096,2024-08-27T22:38:20Z,2024-10-31T22:38:20Z,0.11,duplicate_observation,OBS_003676
IDENT_001473,ACT_0040,handle,StormPulse,SRC_004727,2026-10-13T00:00:00Z,2026-09-01T00:00:00Z,0.47,duplicate_observation,
IDENT_001474,ACT_0016,handle,PhantomHollow,SRC_002798,2025-03-11T15:47:40Z,2025-09-06T15:47:40Z,0.28,duplicate_observation,OBS_011487
IDENT_001475,ACT_0051,handle,FrostSignal,SRC_004937,2026-10-10T00:00:00Z,2026-09-01T00:00:00Z,0.21,duplicate_observation,OBS_008145
IDENT_001476,ACT_0040,handle,StormPulse,SRC_000088,2026-10-15T00:00:00Z,2026-09-01T00:00:00Z,0.1,duplicate_observation,OBS_014370
IDENT_001477,ACT_0025,handle,ChromeOrbit,SRC_001408,2026-09-17T00:00:00Z,2026-09-01T00:00:00Z,0.48,duplicate_observation,OBS_001533
IDENT_001478,ACT_0037,handle,AshMoth,SRC_002480,2024-09-23T20:05:11Z,2024-11-26T20:05:11Z,0.56,duplicate_observation,OBS_003342
IDENT_001479,ACT_0007,handle,GhostForge71,SRC_004628,2024-05-25T13:12:42Z,2024-10-23T13:12:42Z,0.36,duplicate_observation,
IDENT_001480,ACT_0050,handle,RogueWarden,SRC_001056,2026-10-25T00:00:00Z,2026-09-01T00:00:00Z,0.2,duplicate_observation,OBS_006521
IDENT_001481,ACT_0039,handle,UmbraWarden,SRC_004136,2026-05-26T04:35:29Z,2026-07-10T04:35:29Z,0.54,duplicate_observation,OBS_009481
IDENT_001482,ACT_0059,handle,FrostRunner37,SRC_004651,2026-10-14T00:00:00Z,2026-09-01T00:00:00Z,0.37,duplicate_observation,OBS_005335
IDENT_001483,ACT_0040,handle,StormPulse,SRC_002752,2026-10-08T00:00:00Z,2026-09-01T00:00:00Z,0.1,duplicate_observation,OBS_013507
IDENT_001484,ACT_0001,handle,SilentTrace,SRC_003906,2024-02-12T20:28:06Z,2024-12-22T20:28:06Z,0.56,duplicate_observation,OBS_007730
IDENT_001485,ACT_0008,handle,FrostMoth,SRC_004890,2026-09-20T10:13:36Z,2026-09-01T00:00:00Z,0.13,duplicate_observation,OBS_006720
IDENT_001486,ACT_0006,handle,RogueRoot,SRC_003600,2025-09-12T08:56:39Z,2025-12-12T08:56:39Z,0.53,duplicate_observation,OBS_005624
IDENT_001487,ACT_0050,handle,RogueWarden,SRC_004339,2026-11-01T00:00:00Z,2026-09-01T00:00:00Z,0.3,duplicate_observation,OBS_011613
IDENT_001488,ACT_0011,handle,IronSpecter,SRC_000221,2026-11-06T00:00:00Z,2026-09-01T00:00:00Z,0.1,duplicate_observation,OBS_008172
IDENT_001489,ACT_0046,handle,PhantomGrid,SRC_000799,2026-01-27T14:13:34Z,2026-06-29T14:13:34Z,0.19,duplicate_observation,OBS_014398
IDENT_001490,ACT_0006,handle,ShadowForge,SRC_003126,2024-03-09T08:56:39Z,2024-07-18T08:56:39Z,0.48,duplicate_observation,
IDENT_001491,ACT_0011,handle,StormMarrow12,SRC_001597,2026-05-15T12:53:27Z,2026-09-01T00:00:00Z,0.28,duplicate_observation,OBS_014147
IDENT_001492,ACT_0004,handle,OnyxNode,SRC_003564,2026-05-11T04:44:17Z,2026-09-01T00:00:00Z,0.19,duplicate_observation,OBS_004969
IDENT_001493,ACT_0048,handle,CrimsonTrace,SRC_004411,2024-08-11T21:47:44Z,2025-11-03T21:47:44Z,0.57,duplicate_observation,
IDENT_001494,ACT_0023,handle,GreyOrbit,SRC_001755,2026-04-25T00:01:56Z,2026-09-01T00:00:00Z,0.64,duplicate_observation,
IDENT_001495,ACT_0015,handle,SilverLedger,SRC_002696,2026-10-22T00:00:00Z,2026-09-01T00:00:00Z,0.34,duplicate_observation,OBS_006992
IDENT_001496,ACT_0051,handle,EmberOrbit93,SRC_000026,2026-09-17T00:00:00Z,2026-09-01T00:00:00Z,0.1,duplicate_observation,
IDENT_001497,ACT_0046,handle,VectorSentinel,SRC_002849,2026-07-07T14:13:34Z,2026-09-01T00:00:00Z,0.6,duplicate_observation,OBS_006805
IDENT_001498,ACT_0020,handle,EmberNode,SRC_004505,2026-09-25T00:00:00Z,2026-09-01T00:00:00Z,0.38,duplicate_observation,
IDENT_001499,ACT_0056,handle,VoidNode,SRC_005578,2024-09-07T10:20:14Z,2025-03-30T10:20:14Z,0.53,duplicate_observation,
IDENT_001500,ACT_0002,handle,ShadowDrift,SRC_005845,2025-02-01T10:13:48Z,2025-02-23T10:13:48Z,0.54,duplicate_observation,OBS_003729
IDENT_001501,ACT_0023,handle,SilverPulse,SRC_001539,2026-10-16T00:00:00Z,2026-09-01T00:00:00Z,0.65,duplicate_observation,OBS_009221
IDENT_001502,ACT_0034,handle,DarkVector32,SRC_002390,2024-12-09T10:59:17Z,2025-08-21T10:59:17Z,0.21,duplicate_observation,
IDENT_001503,ACT_0016,handle,PhantomHollow,SRC_001209,2025-03-18T15:47:40Z,2025-08-20T15:47:40Z,0.21,duplicate_observation,OBS_010339
IDENT_001504,ACT_0053,handle,IronHarbor,SRC_002744,2024-08-09T21:22:52Z,2025-02-10T21:22:52Z,0.41,duplicate_observation,
IDENT_001505,ACT_0040,handle,ChromeShade,SRC_002282,2026-10-05T00:00:00Z,2026-09-01T00:00:00Z,0.28,duplicate_observation,OBS_008251
IDENT_001506,ACT_0056,handle,NightCrow,SRC_000778,2025-03-31T10:20:14Z,2026-01-17T10:20:14Z,0.32,duplicate_observation,
IDENT_001507,ACT_0056,handle,NightCrow,SRC_002546,2025-04-12T10:20:14Z,2026-01-06T10:20:14Z,0.26,duplicate_observation,OBS_002899
IDENT_001508,ACT_0055,handle,StormRunner,SRC_004967,2024-03-15T04:37:32Z,2024-06-29T04:37:32Z,0.3,duplicate_observation,OBS_003453
IDENT_001509,ACT_0056,handle,VoidCipher,SRC_004363,2026-10-13T00:00:00Z,2026-09-01T00:00:00Z,0.48,duplicate_observation,
IDENT_001510,ACT_0050,handle,ShadowNode,SRC_000167,2026-09-28T00:00:00Z,2026-09-01T00:00:00Z,0.1,duplicate_observation,
IDENT_001511,ACT_0054,handle,ShadowGrid,SRC_000020,2026-10-04T00:00:00Z,2026-09-01T00:00:00Z,0.1,duplicate_observation,OBS_011823
IDENT_001512,ACT_0004,handle,OnyxNode,SRC_001071,2026-05-16T04:44:17Z,2026-09-01T00:00:00Z,0.25,duplicate_observation,
IDENT_001513,ACT_0027,handle,RuneWarden,SRC_001802,2024-05-01T01:12:14Z,2024-06-29T01:12:14Z,0.28,duplicate_observation,OBS_004226
IDENT_001514,ACT_0050,handle,CipherForge,SRC_003777,2026-10-10T00:00:00Z,2026-09-01T00:00:00Z,0.19,duplicate_observation,OBS_008519
IDENT_001515,ACT_0011,handle,IronSpecter,SRC_003017,2026-11-13T00:00:00Z,2026-09-01T00:00:00Z,0.42,duplicate_observation,OBS_009023
IDENT_001516,ACT_0031,handle,StormMarrow37,SRC_004027,2025-03-27T19:36:25Z,2025-08-09T19:36:25Z,0.1,duplicate_observation,OBS_002016
IDENT_001517,ACT_0019,handle,VoidDrift,SRC_000071,2025-08-21T04:42:59Z,2026-09-01T00:00:00Z,0.66,duplicate_observation,
IDENT_001518,ACT_0051,handle,FrostSignal,SRC_000317,2026-10-15T00:00:00Z,2026-09-01T00:00:00Z,0.7,duplicate_observation,OBS_005904
IDENT_001519,ACT_0023,handle,GreyOrbit,SRC_003506,2026-05-01T00:01:56Z,2026-09-01T00:00:00Z,0.31,duplicate_observation,
IDENT_001520,ACT_0016,handle,ChromeGrid,SRC_002310,2025-09-17T15:47:40Z,2026-02-18T15:47:40Z,0.1,duplicate_observation,OBS_010327
IDENT_001521,ACT_0045,handle,VectorCrow,SRC_001822,2024-12-13T07:17:31Z,2025-04-02T07:17:31Z,0.35,duplicate_observation,
IDENT_001522,ACT_0030,handle,SilentOrbit,SRC_003610,2025-01-13T21:36:22Z,2025-08-24T21:36:22Z,0.4,duplicate_observation,OBS_005900
IDENT_001523,ACT_0008,handle,IronCrow,SRC_004355,2025-04-10T10:13:36Z,2025-09-08T10:13:36Z,0.39,duplicate_observation,OBS_012337
IDENT_001524,ACT_0044,handle,SilentNode,SRC_003422,2026-09-23T18:00:37Z,2026-09-01T00:00:00Z,0.1,duplicate_observation,OBS_014335
IDENT_001525,ACT_0040,handle,RuneMoth,SRC_004813,2026-10-15T00:00:00Z,2026-09-01T00:00:00Z,0.46,duplicate_observation,OBS_000767
IDENT_001526,ACT_0020,handle,BlackRoot71,SRC_003900,2025-11-17T15:43:16Z,2026-03-01T15:43:16Z,0.1,duplicate_observation,
IDENT_001527,ACT_0001,handle,SilentTrace,SRC_003587,2024-02-26T20:28:06Z,2024-12-13T20:28:06Z,0.69,duplicate_observation,
IDENT_001528,ACT_0059,handle,FrostRunner37,SRC_003784,2026-10-17T00:00:00Z,2026-09-01T00:00:00Z,0.37,duplicate_observation,
IDENT_001529,ACT_0002,handle,ShadowDrift,SRC_000411,2025-01-25T10:13:48Z,2025-03-09T10:13:48Z,0.15,duplicate_observation,OBS_000386
IDENT_001530,ACT_0056,handle,AshShade20,SRC_002135,2026-04-21T10:20:14Z,2026-09-01T00:00:00Z,0.18,duplicate_observation,OBS_013398
IDENT_001531,ACT_0023,handle,SilverPulse,SRC_002929,2026-10-18T00:00:00Z,2026-09-01T00:00:00Z,0.1,duplicate_observation,
IDENT_001532,ACT_0047,handle,StormFox,SRC_001479,2024-08-27T22:38:20Z,2024-10-28T22:38:20Z,0.27,duplicate_observation,
IDENT_001533,ACT_0033,handle,TalonSentinel,SRC_001680,2025-07-30T01:20:48Z,2026-02-22T01:20:48Z,0.55,duplicate_observation,OBS_009911
IDENT_001534,ACT_0060,handle,CipherEcho,SRC_002767,2026-04-08T22:48:45Z,2026-09-01T00:00:00Z,0.22,duplicate_observation,OBS_001941
IDENT_001535,ACT_0016,handle,ChromeGrid,SRC_001069,2025-09-03T15:47:40Z,2026-03-01T15:47:40Z,0.1,duplicate_observation,OBS_012351
IDENT_001536,ACT_0052,handle,StormHollow,SRC_001120,2026-03-29T08:12:20Z,2026-09-01T00:00:00Z,0.25,duplicate_observation,OBS_008033
IDENT_001537,ACT_0035,handle,CrimsonMoth,SRC_000160,2024-04-20T22:04:42Z,2025-05-19T22:04:42Z,0.1,duplicate_observation,
IDENT_001538,ACT_0024,handle,WraithSpire,SRC_002534,2025-08-24T00:47:04Z,2026-08-31T00:47:04Z,0.1,duplicate_observation,OBS_007198
IDENT_001539,ACT_0044,handle,GreyMoth,SRC_002693,2024-12-11T18:00:37Z,2026-01-29T18:00:37Z,0.36,duplicate_observation,OBS_012894
IDENT_001540,ACT_0042,handle,AshFox60,SRC_002181,2025-07-05T00:56:31Z,2025-11-07T00:56:31Z,0.5,duplicate_observation,OBS_008362
IDENT_001541,ACT_0050,handle,GhostCrow,SRC_003374,2026-11-01T00:00:00Z,2026-09-01T00:00:00Z,0.3,duplicate_observation,OBS_012801
IDENT_001542,ACT_0056,handle,NightCrow,SRC_005469,2025-03-31T10:20:14Z,2026-01-10T10:20:14Z,0.54,duplicate_observation,
IDENT_001543,ACT_0029,handle,ChromeHex39,SRC_004335,2025-05-15T22:51:37Z,2026-03-07T22:51:37Z,0.22,duplicate_observation,OBS_009419
IDENT_001544,ACT_0027,handle,RuneWarden,SRC_002519,2024-05-04T01:12:14Z,2024-06-22T01:12:14Z,0.39,duplicate_observation,OBS_009995
IDENT_001545,ACT_0020,handle,ZeroOrbit,SRC_003502,2026-03-26T15:43:16Z,2026-09-01T00:00:00Z,0.17,duplicate_observation,OBS_009654
IDENT_001546,ACT_0008,handle,FrostMoth,SRC_003489,2026-09-28T10:13:36Z,2026-09-01T00:00:00Z,0.1,duplicate_observation,OBS_012149
IDENT_001547,ACT_0052,handle,IronRunner,SRC_002558,2025-07-26T08:12:20Z,2026-02-27T08:12:20Z,0.34,duplicate_observation,
IDENT_001548,ACT_0036,handle,OnyxHex,SRC_005243,2026-09-22T00:00:00Z,2026-09-01T00:00:00Z,0.69,duplicate_observation,OBS_011482
IDENT_001549,ACT_0023,handle,GreySentinel,SRC_000065,2026-09-22T00:00:00Z,2026-09-01T00:00:00Z,0.14,duplicate_observation,OBS_001059
IDENT_001550,ACT_0026,handle,ZeroFox,SRC_004516,2026-11-02T00:00:00Z,2026-09-01T00:00:00Z,0.4,duplicate_observation,OBS_005895
IDENT_001551,ACT_0054,handle,UmbraHollow,SRC_005418,2026-02-13T15:36:14Z,2026-05-16T15:36:14Z,0.45,duplicate_observation,OBS_006194
IDENT_001552,ACT_0020,handle,BlackRoot71,SRC_001381,2025-11-09T15:43:16Z,2026-03-04T15:43:16Z,0.48,duplicate_observation,OBS_012398
IDENT_001553,ACT_0025,handle,GhostSentinel,SRC_002643,2026-11-16T00:00:00Z,2026-09-01T00:00:00Z,0.55,duplicate_observation,OBS_013967
IDENT_001554,ACT_0056,handle,VoidNode,SRC_001913,2024-08-27T10:20:14Z,2025-03-26T10:20:14Z,0.14,duplicate_observation,OBS_007040
IDENT_001555,ACT_0017,handle,BlackCipher,SRC_002700,2026-08-28T11:28:43Z,2026-09-01T00:00:00Z,0.3,duplicate_observation,OBS_008801
IDENT_001556,ACT_0015,handle,SilverLedger,SRC_000337,2026-10-19T00:00:00Z,2026-09-01T00:00:00Z,0.28,duplicate_observation,OBS_001220
IDENT_001557,ACT_0036,handle,IronMarrow,SRC_000366,2026-10-29T00:00:00Z,2026-09-01T00:00:00Z,0.51,duplicate_observation,
IDENT_001558,ACT_0036,handle,IronMarrow,SRC_003585,2026-11-08T00:00:00Z,2026-09-01T00:00:00Z,0.3,duplicate_observation,
IDENT_001559,ACT_0038,handle,CrimsonLedger,SRC_000464,2025-11-13T11:07:27Z,2026-07-20T11:07:27Z,0.61,duplicate_observation,OBS_009821
IDENT_001560,ACT_0040,handle,StormPulse,SRC_003910,2026-10-13T00:00:00Z,2026-09-01T00:00:00Z,0.59,duplicate_observation,OBS_001408
IDENT_001561,ACT_0059,handle,NullWolf,SRC_005225,2026-07-27T16:19:50Z,2026-09-01T00:00:00Z,0.3,duplicate_observation,
IDENT_001562,ACT_0059,handle,NullWolf,SRC_001024,2026-07-29T16:19:50Z,2026-09-01T00:00:00Z,0.1,duplicate_observation,
IDENT_001563,ACT_0034,handle,PhantomOrbit,SRC_005667,2026-10-31T00:00:00Z,2026-09-01T00:00:00Z,0.35,duplicate_observation,OBS_003395
IDENT_001564,ACT_0051,handle,EmberOrbit93,SRC_002007,2026-09-14T00:00:00Z,2026-09-01T00:00:00Z,0.38,duplicate_observation,
IDENT_001565,ACT_0043,handle,UmbraRoot,SRC_002423,2025-03-05T22:06:12Z,2026-04-18T22:06:12Z,0.29,duplicate_observation,OBS_010211
IDENT_001566,ACT_0056,handle,VoidCipher,SRC_000762,2026-10-17T00:00:00Z,2026-09-01T00:00:00Z,0.66,duplicate_observation,
IDENT_001567,ACT_0046,handle,PhantomGrid,SRC_001679,2026-02-06T14:13:34Z,2026-06-25T14:13:34Z,0.18,duplicate_observation,
IDENT_001568,ACT_0025,handle,TalonEcho,SRC_003909,2026-10-05T00:00:00Z,2026-09-01T00:00:00Z,0.19,duplicate_observation,
IDENT_001569,ACT_0008,handle,IronCrow,SRC_004206,2025-04-05T10:13:36Z,2025-09-03T10:13:36Z,0.32,duplicate_observation,OBS_014436
IDENT_001570,ACT_0016,handle,PhantomHollow,SRC_004745,2025-03-23T15:47:40Z,2025-08-28T15:47:40Z,0.29,duplicate_observation,OBS_004076
IDENT_001571,ACT_0015,handle,SilverLedger,SRC_000344,2026-10-18T00:00:00Z,2026-09-01T00:00:00Z,0.21,duplicate_observation,OBS_008964
IDENT_001572,ACT_0017,handle,ChromeSignal,SRC_000466,2024-12-04T11:28:43Z,2025-06-24T11:28:43Z,0.19,duplicate_observation,
IDENT_001573,ACT_0019,handle,EmberWolf,SRC_003539,2026-10-25T00:00:00Z,2026-09-01T00:00:00Z,0.29,duplicate_observation,
IDENT_001574,ACT_0051,handle,EmberOrbit93,SRC_001292,2026-09-18T00:00:00Z,2026-09-01T00:00:00Z,0.1,duplicate_observation,
IDENT_001575,ACT_0019,handle,VoidDrift,SRC_001196,2025-09-01T04:42:59Z,2026-09-01T00:00:00Z,0.1,duplicate_observation,
IDENT_001576,ACT_0009,handle,AshSignal52,SRC_002534,2026-10-22T00:00:00Z,2026-09-01T00:00:00Z,0.5,duplicate_observation,
IDENT_001577,ACT_0011,handle,IronSpecter,SRC_005472,2026-11-12T00:00:00Z,2026-09-01T00:00:00Z,0.25,duplicate_observation,OBS_003075
IDENT_001578,ACT_0027,handle,CrimsonWolf,SRC_001353,2024-07-27T01:12:14Z,2025-10-18T01:12:14Z,0.44,duplicate_observation,
IDENT_001579,ACT_0036,handle,TalonSpire,SRC_000934,2026-04-22T18:10:40Z,2026-09-01T00:00:00Z,0.13,duplicate_observation,
IDENT_001580,ACT_0056,handle,TalonCipher,SRC_001707,2026-01-07T10:20:14Z,2026-04-02T10:20:14Z,0.17,duplicate_observation,
IDENT_001581,ACT_0052,handle,ZeroTrace,SRC_005214,2026-10-10T00:00:00Z,2026-09-01T00:00:00Z,0.33,duplicate_observation,
IDENT_001582,ACT_0029,handle,ChromeHex39,SRC_001652,2025-05-27T22:51:37Z,2026-03-13T22:51:37Z,0.61,duplicate_observation,
IDENT_001583,ACT_0006,handle,RogueRoot,SRC_003664,2025-09-12T08:56:39Z,2025-12-20T08:56:39Z,0.44,duplicate_observation,OBS_006877
IDENT_001584,ACT_0051,handle,FrostSignal,SRC_002373,2026-10-21T00:00:00Z,2026-09-01T00:00:00Z,0.13,duplicate_observation,
IDENT_001585,ACT_0035,handle,BlackReaper60,SRC_000895,2026-11-01T00:00:00Z,2026-09-01T00:00:00Z,0.27,duplicate_observation,
IDENT_001586,ACT_0009,handle,CrimsonReaper,SRC_002679,2026-10-16T00:00:00Z,2026-09-01T00:00:00Z,0.1,duplicate_observation,
IDENT_001587,ACT_0052,handle,ZeroTrace,SRC_003539,2026-10-19T00:00:00Z,2026-09-01T00:00:00Z,0.12,duplicate_observation,
IDENT_001588,ACT_0053,handle,OnyxFang,SRC_004570,2025-03-09T21:22:52Z,2026-03-21T21:22:52Z,0.31,duplicate_observation,
IDENT_001589,ACT_0044,handle,NightSentinel32,SRC_000336,2026-03-16T18:00:37Z,2026-07-19T18:00:37Z,0.29,duplicate_observation,OBS_001963
IDENT_001590,ACT_0056,handle,VoidNode,SRC_001932,2024-08-26T10:20:14Z,2025-03-22T10:20:14Z,0.38,duplicate_observation,OBS_002735
IDENT_001591,ACT_0035,handle,RogueLedger,SRC_002356,2025-06-26T22:04:42Z,2026-09-01T00:00:00Z,0.15,duplicate_observation,
IDENT_001592,ACT_0009,handle,WraithHex25,SRC_001442,2026-10-02T00:00:00Z,2026-09-01T00:00:00Z,0.65,duplicate_observation,OBS_001022
IDENT_001593,ACT_0035,handle,BlackReaper60,SRC_004774,2026-10-28T00:00:00Z,2026-09-01T00:00:00Z,0.27,duplicate_observation,OBS_014328
IDENT_001594,ACT_0026,handle,ZeroFox,SRC_000314,2026-10-26T00:00:00Z,2026-09-01T00:00:00Z,0.17,duplicate_observation,
IDENT_001595,ACT_0050,handle,CipherForge,SRC_004810,2026-10-20T00:00:00Z,2026-09-01T00:00:00Z,0.27,duplicate_observation,OBS_010824
IDENT_001596,ACT_0014,handle,HavocHollow,SRC_000695,2025-01-11T02:17:28Z,2025-10-25T02:17:28Z,0.2,duplicate_observation,
IDENT_001597,ACT_0020,handle,NightCipher,SRC_000813,2026-11-09T00:00:00Z,2026-09-01T00:00:00Z,0.36,duplicate_observation,OBS_001206
IDENT_001598,ACT_0017,handle,ChromeSignal,SRC_000213,2024-12-11T11:28:43Z,2025-06-22T11:28:43Z,0.22,duplicate_observation,OBS_001750
IDENT_001599,ACT_0032,handle,RuneEcho,SRC_004222,2025-07-28T17:55:46Z,2026-08-07T17:55:46Z,0.16,duplicate_observation,
IDENT_001600,ACT_0009,handle,CrimsonReaper,SRC_001342,2026-10-08T00:00:00Z,2026-09-01T00:00:00Z,0.1,duplicate_observation,
IDENT_001601,ACT_0019,handle,VoidDrift,SRC_004326,2025-08-15T04:42:59Z,2026-09-01T00:00:00Z,0.51,duplicate_observation,OBS_002805
IDENT_001602,ACT_0056,handle,VoidNode,SRC_001649,2024-09-04T10:20:14Z,2025-03-30T10:20:14Z,0.46,duplicate_observation,OBS_002436
IDENT_001603,ACT_0021,handle,NullPulse,SRC_004587,2026-10-01T00:00:00Z,2026-09-01T00:00:00Z,0.28,duplicate_observation,
IDENT_001604,ACT_0013,handle,VectorNode,SRC_000902,2026-11-01T00:00:00Z,2026-09-01T00:00:00Z,0.45,duplicate_observation,OBS_007279
IDENT_001605,ACT_0059,handle,FrostRunner37,SRC_002999,2026-10-21T00:00:00Z,2026-09-01T00:00:00Z,0.31,duplicate_observation,
IDENT_001606,ACT_0024,handle,WraithSpire,SRC_000998,2025-08-26T00:47:04Z,2026-08-18T00:47:04Z,0.1,duplicate_observation,OBS_010680
IDENT_001607,ACT_0028,handle,OnyxPulse,SRC_003729,2024-12-23T00:39:48Z,2025-05-18T00:39:48Z,0.52,duplicate_observation,
IDENT_001608,ACT_0049,handle,EmberSignal,SRC_005202,2026-06-01T01:19:15Z,2026-09-01T00:00:00Z,0.34,duplicate_observation,
IDENT_001609,ACT_0035,handle,RogueDrift,SRC_003094,2026-11-16T00:00:00Z,2026-09-01T00:00:00Z,0.17,duplicate_observation,OBS_013139
IDENT_001610,ACT_0031,handle,WraithWarden,SRC_000291,2025-09-04T19:36:25Z,2026-03-02T19:36:25Z,0.29,duplicate_observation,OBS_003111
IDENT_001611,ACT_0040,handle,ChromeShade,SRC_000034,2026-10-01T00:00:00Z,2026-09-01T00:00:00Z,0.32,duplicate_observation,OBS_004035
IDENT_001612,ACT_0055,handle,HavocSentinel,SRC_003706,2024-07-30T04:37:32Z,2025-11-26T04:37:32Z,0.2,duplicate_observation,OBS_005010
IDENT_001613,ACT_0042,handle,ObsidianWarden,SRC_000048,2025-05-14T00:56:31Z,2025-06-26T00:56:31Z,0.1,duplicate_observation,OBS_004369
IDENT_001614,ACT_0051,handle,EmberOrbit93,SRC_001565,2026-09-14T00:00:00Z,2026-09-01T00:00:00Z,0.34,duplicate_observation,OBS_006917
IDENT_001615,ACT_0026,handle,ChromeMarrow,SRC_003249,2025-07-27T18:43:51Z,2025-09-06T18:43:51Z,0.32,duplicate_observation,OBS_007223
IDENT_001616,ACT_0036,handle,OnyxHex,SRC_001667,2026-09-12T00:00:00Z,2026-09-01T00:00:00Z,0.37,duplicate_observation,OBS_005669
IDENT_001617,ACT_0009,handle,WraithHex25,SRC_002761,2026-10-11T00:00:00Z,2026-09-01T00:00:00Z,0.37,duplicate_observation,OBS_005849
IDENT_001618,ACT_0040,handle,FrostWolf,SRC_004657,2025-05-27T18:08:11Z,2025-11-16T18:08:11Z,0.56,duplicate_observation,
IDENT_001619,ACT_0015,handle,SilverLedger,SRC_002662,2026-10-18T00:00:00Z,2026-09-01T00:00:00Z,0.26,duplicate_observation,OBS_012748
IDENT_001620,ACT_0050,handle,ShadowNode,SRC_005078,2026-10-06T00:00:00Z,2026-09-01T00:00:00Z,0.44,duplicate_observation,OBS_011337
IDENT_001621,ACT_0043,handle,UmbraRoot,SRC_002360,2025-03-03T22:06:12Z,2026-04-10T22:06:12Z,0.21,duplicate_observation,OBS_004688
IDENT_001622,ACT_0029,handle,GhostShade,SRC_004308,2024-05-23T22:51:37Z,2025-04-27T22:51:37Z,0.43,duplicate_observation,
IDENT_001623,ACT_0023,handle,GreyOrbit,SRC_005636,2026-04-20T00:01:56Z,2026-09-01T00:00:00Z,0.36,duplicate_observation,
IDENT_001624,ACT_0040,handle,StormPulse,SRC_002260,2026-10-04T00:00:00Z,2026-09-01T00:00:00Z,0.55,duplicate_observation,
IDENT_001625,ACT_0056,handle,NightCrow,SRC_004255,2025-04-06T10:20:14Z,2026-01-13T10:20:14Z,0.18,duplicate_observation,
IDENT_001626,ACT_0054,handle,DarkRunner,SRC_000552,2026-06-25T15:36:14Z,2026-09-01T00:00:00Z,0.1,duplicate_observation,
IDENT_001627,ACT_0024,handle,WraithSpire,SRC_005766,2025-08-11T00:47:04Z,2026-09-01T00:00:00Z,0.13,duplicate_observation,OBS_004107
IDENT_001628,ACT_0011,handle,StormMarrow12,SRC_002105,2026-04-28T12:53:27Z,2026-09-01T00:00:00Z,0.62,duplicate_observation,OBS_010653
IDENT_001629,ACT_0056,handle,TalonCipher,SRC_001334,2026-01-16T10:20:14Z,2026-03-27T10:20:14Z,0.38,duplicate_observation,OBS_009309
IDENT_001630,ACT_0006,handle,RogueRoot,SRC_005152,2025-09-21T08:56:39Z,2025-12-14T08:56:39Z,0.22,duplicate_observation,
IDENT_001631,ACT_0014,handle,NightLedger,SRC_003329,2024-01-19T02:17:28Z,2024-10-28T02:17:28Z,0.47,duplicate_observation,
IDENT_001632,ACT_0035,handle,RogueLedger,SRC_000758,2025-06-14T22:04:42Z,2026-09-01T00:00:00Z,0.4,duplicate_observation,
IDENT_001633,ACT_0020,handle,ZeroOrbit,SRC_005327,2026-03-30T15:43:16Z,2026-09-01T00:00:00Z,0.42,duplicate_observation,OBS_001857
IDENT_001634,ACT_0024,handle,WraithSpire,SRC_002975,2025-08-30T00:47:04Z,2026-09-01T00:00:00Z,0.39,duplicate_observation,
IDENT_001635,ACT_0057,handle,DriftReaper,SRC_004647,2026-09-20T00:00:00Z,2026-09-01T00:00:00Z,0.51,duplicate_observation,OBS_000113
IDENT_001636,ACT_0032,handle,RuneEcho,SRC_000564,2025-07-21T17:55:46Z,2026-07-24T17:55:46Z,0.31,duplicate_observation,
IDENT_001637,ACT_0021,handle,ShadowForge,SRC_002087,2026-08-02T20:32:16Z,2026-09-01T00:00:00Z,0.27,duplicate_observation,
IDENT_001638,ACT_0054,handle,ShadowGrid,SRC_000522,2026-09-27T00:00:00Z,2026-09-01T00:00:00Z,0.7,duplicate_observation,OBS_000668
IDENT_001639,ACT_0042,handle,ObsidianWarden,SRC_002400,2025-05-13T00:56:31Z,2025-06-30T00:56:31Z,0.3,duplicate_observation,OBS_006946
IDENT_001640,ACT_0017,handle,UmbraSpire59,SRC_004207,2025-08-20T11:28:43Z,2026-08-07T11:28:43Z,0.37,duplicate_observation,OBS_012684
IDENT_001641,ACT_0052,handle,IronRunner,SRC_003064,2025-07-16T08:12:20Z,2026-03-09T08:12:20Z,0.1,duplicate_observation,OBS_012182
IDENT_001642,ACT_0003,handle,IronLedger,SRC_005604,2025-11-27T18:21:03Z,2026-09-01T00:00:00Z,0.1,duplicate_observation,
IDENT_001643,ACT_0035,handle,CrimsonMoth,SRC_002003,2024-05-07T22:04:42Z,2025-05-24T22:04:42Z,0.19,duplicate_observation,OBS_002267
IDENT_001644,ACT_0006,handle,ForgeVector,SRC_000236,2024-08-25T08:56:39Z,2025-08-21T08:56:39Z,0.37,duplicate_observation,
IDENT_001645,ACT_0012,handle,CipherSpire,SRC_002888,2025-02-02T10:37:19Z,2025-11-11T10:37:19Z,0.14,duplicate_observation,
IDENT_001646,ACT_0055,handle,HavocSentinel,SRC_002350,2024-08-16T04:37:32Z,2025-11-20T04:37:32Z,0.53,duplicate_observation,OBS_003622
IDENT_001647,ACT_0016,handle,ChromeGrid,SRC_004610,2025-09-19T15:47:40Z,2026-02-19T15:47:40Z,0.32,duplicate_observation,
IDENT_001648,ACT_0047,handle,StormFox,SRC_004559,2024-08-09T22:38:20Z,2024-10-27T22:38:20Z,0.35,duplicate_observation,OBS_011699
IDENT_001649,ACT_0020,handle,ChromeHarbor,SRC_004957,2025-07-31T15:43:16Z,2025-11-04T15:43:16Z,0.54,duplicate_observation,
IDENT_001650,ACT_0034,handle,HavocSentinel54,SRC_000277,2025-10-16T10:59:17Z,2026-09-01T00:00:00Z,0.46,duplicate_observation,
IDENT_001651,ACT_0013,handle,VectorNode,SRC_004855,2026-10-28T00:00:00Z,2026-09-01T00:00:00Z,0.61,duplicate_observation,
IDENT_001652,ACT_0023,handle,SilverPulse,SRC_001512,2026-09-28T00:00:00Z,2026-09-01T00:00:00Z,0.2,duplicate_observation,
IDENT_001653,ACT_0054,handle,DarkRunner,SRC_001869,2026-06-20T15:36:14Z,2026-09-01T00:00:00Z,0.3,duplicate_observation,
IDENT_001654,ACT_0025,handle,DarkMarrow,SRC_004315,2026-05-19T13:33:59Z,2026-09-01T00:00:00Z,0.48,duplicate_observation,OBS_009519
IDENT_001655,ACT_0030,handle,CrimsonForge,SRC_002348,2024-06-13T21:36:22Z,2024-12-20T21:36:22Z,0.2,duplicate_observation,
IDENT_001656,ACT_0040,handle,FrostWolf,SRC_005146,2025-05-18T18:08:11Z,2025-11-20T18:08:11Z,0.62,duplicate_observation,
IDENT_001657,ACT_0043,handle,CrimsonCrow,SRC_001045,2026-06-17T22:06:12Z,2026-09-01T00:00:00Z,0.45,duplicate_observation,
IDENT_001658,ACT_0002,handle,ShadowDrift,SRC_002188,2025-01-15T10:13:48Z,2025-03-13T10:13:48Z,0.61,duplicate_observation,OBS_006309
IDENT_001659,ACT_0025,handle,ChromeOrbit,SRC_001053,2026-09-11T00:00:00Z,2026-09-01T00:00:00Z,0.57,duplicate_observation,
IDENT_001660,ACT_0054,handle,ShadowGrid,SRC_003086,2026-10-10T00:00:00Z,2026-09-01T00:00:00Z,0.18,duplicate_observation,
IDENT_001661,ACT_0038,handle,VectorVector,SRC_004815,2025-09-01T11:07:27Z,2025-11-01T11:07:27Z,0.1,duplicate_observation,
IDENT_001662,ACT_0031,handle,WraithWarden,SRC_005516,2025-08-24T19:36:25Z,2026-03-08T19:36:25Z,0.1,duplicate_observation,
IDENT_001663,ACT_0013,handle,VectorNode,SRC_001058,2026-10-27T00:00:00Z,2026-09-01T00:00:00Z,0.1,duplicate_observation,
IDENT_001664,ACT_0035,handle,RogueDrift,SRC_000973,2026-11-04T00:00:00Z,2026-09-01T00:00:00Z,0.28,duplicate_observation,
IDENT_001665,ACT_0031,handle,WraithWarden,SRC_005737,2025-09-06T19:36:25Z,2026-03-06T19:36:25Z,0.3,duplicate_observation,
IDENT_001666,ACT_0018,handle,DriftTrace,SRC_001660,2024-06-20T18:40:31Z,2025-09-30T18:40:31Z,0.46,duplicate_observation,
IDENT_001667,ACT_0016,handle,PhantomHollow,SRC_005313,2025-03-10T15:47:40Z,2025-08-25T15:47:40Z,0.1,duplicate_observation,OBS_010327
IDENT_001668,ACT_0042,handle,AshFox60,SRC_004819,2025-06-30T00:56:31Z,2025-10-30T00:56:31Z,0.52,duplicate_observation,OBS_004369
IDENT_001669,ACT_0052,handle,StormHollow,SRC_004969,2026-03-23T08:12:20Z,2026-09-01T00:00:00Z,0.16,duplicate_observation,OBS_012833
IDENT_001670,ACT_0033,handle,TalonSentinel,SRC_001933,2025-07-29T01:20:48Z,2026-02-02T01:20:48Z,0.41,duplicate_observation,OBS_005456
IDENT_001671,ACT_0037,handle,VoidMoth,SRC_003501,2025-01-09T20:05:11Z,2025-07-22T20:05:11Z,0.18,duplicate_observation,
IDENT_001672,ACT_0035,handle,CrimsonMoth,SRC_004748,2024-04-26T22:04:42Z,2025-05-28T22:04:42Z,0.49,duplicate_observation,
IDENT_001673,ACT_0036,handle,OnyxHex,SRC_001966,2026-09-27T00:00:00Z,2026-09-01T00:00:00Z,0.1,duplicate_observation,
IDENT_001674,ACT_0040,handle,ObsidianHex,SRC_001261,2026-01-20T18:08:11Z,2026-09-01T00:00:00Z,0.41,duplicate_observation,
IDENT_001675,ACT_0012,handle,CipherSpire,SRC_003513,2025-02-03T10:37:19Z,2025-11-05T10:37:19Z,0.12,duplicate_observation,
IDENT_001676,ACT_0040,handle,FrostWolf,SRC_003008,2025-05-25T18:08:11Z,2025-11-19T18:08:11Z,0.21,duplicate_observation,OBS_009465
IDENT_001677,ACT_0031,handle,StormMarrow37,SRC_000522,2025-03-07T19:36:25Z,2025-07-22T19:36:25Z,0.1,duplicate_observation,OBS_012379
IDENT_001678,ACT_0006,handle,RogueRoot,SRC_000628,2025-09-24T08:56:39Z,2025-12-10T08:56:39Z,0.1,duplicate_observation,
IDENT_001679,ACT_0010,handle,SilentFox,SRC_001331,2026-06-04T20:43:57Z,2026-09-01T00:00:00Z,0.63,duplicate_observation,
IDENT_001680,ACT_0036,handle,TalonSpire,SRC_002382,2026-04-19T18:10:40Z,2026-09-01T00:00:00Z,0.1,duplicate_observation,
IDENT_001681,ACT_0021,handle,StormWolf89,SRC_002636,2026-10-05T00:00:00Z,2026-09-01T00:00:00Z,0.46,duplicate_observation,
IDENT_001682,ACT_0020,handle,NightCipher,SRC_000208,2026-10-31T00:00:00Z,2026-09-01T00:00:00Z,0.14,duplicate_observation,OBS_005234
IDENT_001683,ACT_0025,handle,DarkMarrow,SRC_003519,2026-05-08T13:33:59Z,2026-09-01T00:00:00Z,0.52,duplicate_observation,
IDENT_001684,ACT_0047,handle,StormFox,SRC_000865,2024-08-17T22:38:20Z,2024-10-21T22:38:20Z,0.24,duplicate_observation,
IDENT_001685,ACT_0041,handle,RogueSpire80,SRC_005028,2024-12-24T19:31:51Z,2025-10-29T19:31:51Z,0.44,duplicate_observation,OBS_011708
IDENT_001686,ACT_0025,handle,GhostSentinel,SRC_001950,2026-11-13T00:00:00Z,2026-09-01T00:00:00Z,0.1,duplicate_observation,OBS_006263
IDENT_001687,ACT_0042,handle,ObsidianWarden,SRC_000817,2025-05-21T00:56:31Z,2025-06-30T00:56:31Z,0.18,duplicate_observation,
IDENT_001688,ACT_0056,handle,AshShade20,SRC_005008,2026-04-19T10:20:14Z,2026-09-01T00:00:00Z,0.34,duplicate_observation,
IDENT_001689,ACT_0015,handle,NullCipher,SRC_002822,2025-11-04T12:12:24Z,2026-09-01T00:00:00Z,0.1,duplicate_observation,OBS_010178
IDENT_001690,ACT_0002,handle,ShadowDrift,SRC_001382,2025-01-19T10:13:48Z,2025-03-12T10:13:48Z,0.25,duplicate_observation,OBS_007886
IDENT_001691,ACT_0045,handle,PhantomWolf,SRC_001192,2025-11-27T07:17:31Z,2026-09-01T00:00:00Z,0.5,duplicate_observation,OBS_013239
IDENT_001692,ACT_0035,handle,RogueDrift,SRC_003510,2026-11-15T00:00:00Z,2026-09-01T00:00:00Z,0.63,duplicate_observation,
IDENT_001693,ACT_0003,handle,GreyRoot,SRC_000232,2024-08-24T18:21:03Z,2025-11-07T18:21:03Z,0.22,duplicate_observation,OBS_013122
IDENT_001694,ACT_0048,handle,CrimsonTrace,SRC_001155,2024-08-21T21:47:44Z,2025-11-17T21:47:44Z,0.36,duplicate_observation,OBS_006695
IDENT_001695,ACT_0018,handle,GreyRunner,SRC_001587,2025-10-30T18:40:31Z,2026-09-01T00:00:00Z,0.65,duplicate_observation,OBS_009621
IDENT_001696,ACT_0048,handle,CrimsonTrace,SRC_003714,2024-08-08T21:47:44Z,2025-11-04T21:47:44Z,0.27,duplicate_observation,OBS_007026
IDENT_001697,ACT_0050,handle,GhostCrow,SRC_003214,2026-11-09T00:00:00Z,2026-09-01T00:00:00Z,0.54,duplicate_observation,
IDENT_001698,ACT_0046,handle,PhantomGrid,SRC_002843,2026-02-01T14:13:34Z,2026-07-09T14:13:34Z,0.61,duplicate_observation,OBS_009048
IDENT_001699,ACT_0053,handle,IronHarbor,SRC_003061,2024-08-06T21:22:52Z,2025-02-14T21:22:52Z,0.59,duplicate_observation,
IDENT_001700,ACT_0032,handle,VoidHollow,SRC_000910,2026-08-10T17:55:46Z,2026-09-01T00:00:00Z,0.57,duplicate_observation,
IDENT_001701,ACT_0015,handle,IronFalcon73,SRC_003195,2026-10-31T00:00:00Z,2026-09-01T00:00:00Z,0.37,duplicate_observation,
IDENT_001702,ACT_0051,handle,GreyEcho,SRC_000935,2026-07-10T11:41:03Z,2026-09-01T00:00:00Z,0.2,duplicate_observation,
IDENT_001703,ACT_0035,handle,RogueLedger,SRC_000429,2025-06-19T22:04:42Z,2026-09-01T00:00:00Z,0.23,duplicate_observation,
IDENT_001704,ACT_0051,handle,EmberOrbit93,SRC_005478,2026-09-16T00:00:00Z,2026-09-01T00:00:00Z,0.67,duplicate_observation,
IDENT_001705,ACT_0011,handle,StormMarrow12,SRC_003698,2026-05-03T12:53:27Z,2026-09-01T00:00:00Z,0.51,duplicate_observation,OBS_007519
IDENT_001706,ACT_0053,handle,DarkOrbit,SRC_004652,2026-04-08T21:22:52Z,2026-09-01T00:00:00Z,0.27,duplicate_observation,OBS_012615
IDENT_001707,ACT_0057,handle,CrimsonDrift,SRC_000536,2025-10-19T19:15:51Z,2026-09-01T00:00:00Z,0.35,duplicate_observation,
IDENT_001708,ACT_0013,handle,VectorPulse,SRC_005823,2026-07-20T09:25:01Z,2026-09-01T00:00:00Z,0.29,duplicate_observation,
IDENT_001709,ACT_0042,handle,CipherFalcon,SRC_005711,2025-11-04T00:56:31Z,2026-07-30T00:56:31Z,0.23,duplicate_observation,
IDENT_001710,ACT_0058,handle,PhantomDrift95,SRC_000903,2025-09-01T17:09:54Z,2025-11-24T17:09:54Z,0.1,duplicate_observation,
IDENT_001711,ACT_0029,handle,GhostShade,SRC_001009,2024-05-07T22:51:37Z,2025-04-19T22:51:37Z,0.1,duplicate_observation,
IDENT_001712,ACT_0057,handle,CrimsonDrift,SRC_000656,2025-11-02T19:15:51Z,2026-09-01T00:00:00Z,0.18,duplicate_observation,OBS_005244
IDENT_001713,ACT_0029,handle,GhostShade,SRC_001513,2024-05-17T22:51:37Z,2025-04-17T22:51:37Z,0.53,duplicate_observation,OBS_009681
IDENT_001714,ACT_0052,handle,StormHollow,SRC_005645,2026-04-09T08:12:20Z,2026-09-01T00:00:00Z,0.39,duplicate_observation,OBS_012133
IDENT_001715,ACT_0015,handle,NullCipher,SRC_002998,2025-10-30T12:12:24Z,2026-09-01T00:00:00Z,0.45,duplicate_observation,OBS_009171
IDENT_001716,ACT_0017,handle,UmbraSpire59,SRC_002891,2025-08-17T11:28:43Z,2026-08-11T11:28:43Z,0.29,duplicate_observation,OBS_005351
IDENT_001717,ACT_0018,handle,GreyRunner,SRC_005336,2025-10-26T18:40:31Z,2026-09-01T00:00:00Z,0.68,duplicate_observation,
IDENT_001718,ACT_0026,handle,ZeroFox,SRC_005511,2026-10-22T00:00:00Z,2026-09-01T00:00:00Z,0.21,duplicate_observation,
IDENT_001719,ACT_0014,handle,NightLedger,SRC_002219,2024-01-20T02:17:28Z,2024-11-09T02:17:28Z,0.17,duplicate_observation,
IDENT_001720,ACT_0009,handle,WraithHex25,SRC_004618,2026-10-12T00:00:00Z,2026-09-01T00:00:00Z,0.55,duplicate_observation,
IDENT_001721,ACT_0037,handle,VoidMoth,SRC_003421,2025-01-22T20:05:11Z,2025-08-01T20:05:11Z,0.7,duplicate_observation,
IDENT_001722,ACT_0026,handle,RuneCrow,SRC_004546,2025-09-24T18:43:51Z,2026-03-05T18:43:51Z,0.22,duplicate_observation,
IDENT_001723,ACT_0057,handle,CrimsonDrift,SRC_000681,2025-10-27T19:15:51Z,2026-09-01T00:00:00Z,0.4,duplicate_observation,OBS_006490
IDENT_001724,ACT_0018,handle,GreyRunner,SRC_001322,2025-10-25T18:40:31Z,2026-09-01T00:00:00Z,0.1,duplicate_observation,
IDENT_001725,ACT_0015,handle,IronFalcon73,SRC_005340,2026-11-08T00:00:00Z,2026-09-01T00:00:00Z,0.36,duplicate_observation,OBS_009394
IDENT_001726,ACT_0043,handle,UmbraRoot,SRC_002540,2025-03-08T22:06:12Z,2026-04-17T22:06:12Z,0.46,duplicate_observation,OBS_010033
IDENT_001727,ACT_0032,handle,VoidHollow,SRC_005340,2026-08-09T17:55:46Z,2026-09-01T00:00:00Z,0.43,duplicate_observation,OBS_007875
IDENT_001728,ACT_0015,handle,SilverLedger,SRC_004541,2026-10-14T00:00:00Z,2026-09-01T00:00:00Z,0.26,duplicate_observation,OBS_013529
IDENT_001729,ACT_0008,handle,IronCrow,SRC_005380,2025-04-07T10:13:36Z,2025-09-09T10:13:36Z,0.4,duplicate_observation,
IDENT_001730,ACT_0053,handle,OnyxFang,SRC_003733,2025-02-27T21:22:52Z,2026-03-17T21:22:52Z,0.24,duplicate_observation,OBS_007474
IDENT_001731,ACT_0030,handle,CrimsonForge,SRC_002356,2024-06-19T21:36:22Z,2024-12-09T21:36:22Z,0.64,duplicate_observation,
IDENT_001732,ACT_0035,handle,RogueLedger,SRC_004826,2025-06-19T22:04:42Z,2026-09-01T00:00:00Z,0.27,duplicate_observation,
IDENT_001733,ACT_0042,handle,CipherFalcon,SRC_000810,2025-11-03T00:56:31Z,2026-07-29T00:56:31Z,0.41,duplicate_observation,OBS_002157
IDENT_001734,ACT_0051,handle,EmberOrbit93,SRC_005258,2026-09-13T00:00:00Z,2026-09-01T00:00:00Z,0.1,duplicate_observation,OBS_008492
IDENT_001735,ACT_0053,handle,DarkOrbit,SRC_000368,2026-03-19T21:22:52Z,2026-09-01T00:00:00Z,0.13,duplicate_observation,
IDENT_001736,ACT_0038,handle,CrimsonLedger,SRC_001305,2025-11-18T11:07:27Z,2026-08-01T11:07:27Z,0.2,duplicate_observation,OBS_001030
IDENT_001737,ACT_0035,handle,CrimsonMoth,SRC_002772,2024-05-10T22:04:42Z,2025-05-19T22:04:42Z,0.5,duplicate_observation,
IDENT_001738,ACT_0007,handle,IronWolf81,SRC_000603,2024-11-29T13:12:42Z,2025-02-07T13:12:42Z,0.42,duplicate_observation,OBS_006620
IDENT_001739,ACT_0022,handle,CrimsonVector47,SRC_003076,2024-03-22T11:56:59Z,2025-07-16T11:56:59Z,0.7,duplicate_observation,OBS_010854
IDENT_001740,ACT_0050,handle,ShadowNode,SRC_003380,2026-09-28T00:00:00Z,2026-09-01T00:00:00Z,0.52,duplicate_observation,OBS_001238
IDENT_001741,ACT_0048,handle,CrimsonTrace,SRC_005757,2024-08-20T21:47:44Z,2025-11-02T21:47:44Z,0.51,duplicate_observation,OBS_009626
IDENT_001742,ACT_0051,handle,SilverGrid,SRC_003061,2026-11-10T00:00:00Z,2026-09-01T00:00:00Z,0.16,duplicate_observation,OBS_000911
IDENT_001743,ACT_0026,handle,ChromeMarrow,SRC_003670,2025-07-24T18:43:51Z,2025-09-06T18:43:51Z,0.42,duplicate_observation,OBS_014233
IDENT_001744,ACT_0022,handle,CrimsonVector47,SRC_002637,2024-03-14T11:56:59Z,2025-07-23T11:56:59Z,0.21,duplicate_observation,OBS_000735
IDENT_001745,ACT_0040,handle,ChromeShade,SRC_002364,2026-10-14T00:00:00Z,2026-09-01T00:00:00Z,0.13,duplicate_observation,
IDENT_001746,ACT_0003,handle,GreyRoot,SRC_002410,2024-08-24T18:21:03Z,2025-11-03T18:21:03Z,0.11,duplicate_observation,OBS_000795
IDENT_001747,ACT_0031,handle,RogueReaper,SRC_001349,2026-04-15T19:36:25Z,2026-09-01T00:00:00Z,0.45,duplicate_observation,
IDENT_001748,ACT_0029,handle,GhostShade,SRC_001925,2024-05-21T22:51:37Z,2025-04-25T22:51:37Z,0.24,duplicate_observation,OBS_007685
IDENT_001749,ACT_0025,handle,ChromeOrbit,SRC_004703,2026-09-08T00:00:00Z,2026-09-01T00:00:00Z,0.15,duplicate_observation,
IDENT_001750,ACT_0009,handle,AshSignal52,SRC_002969,2026-11-03T00:00:00Z,2026-09-01T00:00:00Z,0.36,duplicate_observation,
IDENT_001751,ACT_0002,handle,ShadowDrift,SRC_001158,2025-01-20T10:13:48Z,2025-03-09T10:13:48Z,0.29,duplicate_observation,OBS_010600
IDENT_001752,ACT_0025,handle,ChromeOrbit,SRC_005603,2026-09-13T00:00:00Z,2026-09-01T00:00:00Z,0.32,duplicate_observation,OBS_010014
IDENT_001753,ACT_0054,handle,UmbraHollow,SRC_003330,2026-02-11T15:36:14Z,2026-05-16T15:36:14Z,0.37,duplicate_observation,
IDENT_001754,ACT_0045,handle,UmbraMarrow,SRC_004062,2025-05-13T07:17:31Z,2025-11-11T07:17:31Z,0.2,duplicate_observation,OBS_004924
IDENT_001755,ACT_0058,handle,DarkSignal,SRC_001776,2025-12-28T17:09:54Z,2026-09-01T00:00:00Z,0.55,duplicate_observation,
IDENT_001756,ACT_0008,handle,IronCrow,SRC_000959,2025-04-10T10:13:36Z,2025-09-09T10:13:36Z,0.11,duplicate_observation,
IDENT_001757,ACT_0010,handle,SilentFox,SRC_000197,2026-06-08T20:43:57Z,2026-09-01T00:00:00Z,0.29,duplicate_observation,
IDENT_001758,ACT_0044,handle,GreyMoth,SRC_001872,2024-12-07T18:00:37Z,2026-01-31T18:00:37Z,0.64,duplicate_observation,
IDENT_001759,ACT_0054,handle,ShadowGrid,SRC_003498,2026-10-10T00:00:00Z,2026-09-01T00:00:00Z,0.17,duplicate_observation,OBS_000668
IDENT_001760,ACT_0051,handle,EmberOrbit93,SRC_002684,2026-09-02T00:00:00Z,2026-09-01T00:00:00Z,0.45,duplicate_observation,
IDENT_001761,ACT_0050,handle,RogueWarden,SRC_001176,2026-11-01T00:00:00Z,2026-09-01T00:00:00Z,0.64,duplicate_observation,
IDENT_001762,ACT_0046,handle,VectorSentinel,SRC_003661,2026-07-07T14:13:34Z,2026-09-01T00:00:00Z,0.28,duplicate_observation,OBS_011813
IDENT_001763,ACT_0021,handle,ShadowForge,SRC_004803,2026-08-05T20:32:16Z,2026-09-01T00:00:00Z,0.16,duplicate_observation,OBS_003378
IDENT_001764,ACT_0010,handle,SilentFox,SRC_002927,2026-05-26T20:43:57Z,2026-09-01T00:00:00Z,0.7,duplicate_observation,OBS_007181
IDENT_001765,ACT_0035,handle,CrimsonMoth,SRC_001864,2024-04-22T22:04:42Z,2025-05-16T22:04:42Z,0.1,duplicate_observation,
IDENT_001766,ACT_0031,handle,RogueReaper,SRC_005195,2026-04-01T19:36:25Z,2026-09-01T00:00:00Z,0.69,duplicate_observation,OBS_006484
IDENT_001767,ACT_0025,handle,TalonEcho,SRC_003954,2026-09-22T00:00:00Z,2026-09-01T00:00:00Z,0.1,duplicate_observation,OBS_004754
IDENT_001768,ACT_0025,handle,GhostSentinel,SRC_002391,2026-11-02T00:00:00Z,2026-09-01T00:00:00Z,0.1,duplicate_observation,OBS_006173
IDENT_001769,ACT_0030,handle,CrimsonForge,SRC_004897,2024-06-22T21:36:22Z,2024-12-14T21:36:22Z,0.7,duplicate_observation,
IDENT_001770,ACT_0035,handle,RogueLedger,SRC_002783,2025-06-29T22:04:42Z,2026-09-01T00:00:00Z,0.7,duplicate_observation,
IDENT_001771,ACT_0009,handle,AshSignal52,SRC_003637,2026-10-25T00:00:00Z,2026-09-01T00:00:00Z,0.33,duplicate_observation,
IDENT_001772,ACT_0058,handle,PhantomDrift95,SRC_003907,2025-08-20T17:09:54Z,2025-11-19T17:09:54Z,0.53,duplicate_observation,OBS_010152
IDENT_001773,ACT_0009,handle,BlackHarbor,SRC_004124,2026-08-01T04:53:06Z,2026-09-01T00:00:00Z,0.5,duplicate_observation,OBS_014125
IDENT_001774,ACT_0052,handle,StormHollow,SRC_003113,2026-04-11T08:12:20Z,2026-09-01T00:00:00Z,0.1,duplicate_observation,
IDENT_001775,ACT_0053,handle,DarkOrbit,SRC_003154,2026-04-02T21:22:52Z,2026-09-01T00:00:00Z,0.34,duplicate_observation,OBS_006691
IDENT_001776,ACT_0015,handle,IronFalcon73,SRC_002479,2026-11-02T00:00:00Z,2026-09-01T00:00:00Z,0.35,duplicate_observation,
IDENT_001777,ACT_0006,handle,ForgeVector,SRC_000485,2024-09-02T08:56:39Z,2025-09-01T08:56:39Z,0.56,duplicate_observation,
IDENT_001778,ACT_0034,handle,DarkVector32,SRC_000068,2024-12-05T10:59:17Z,2025-08-26T10:59:17Z,0.39,duplicate_observation,
IDENT_001779,ACT_0016,handle,PhantomHollow,SRC_003582,2025-03-17T15:47:40Z,2025-09-05T15:47:40Z,0.48,duplicate_observation,
IDENT_001780,ACT_0024,handle,WraithSpire,SRC_001692,2025-08-29T00:47:04Z,2026-08-18T00:47:04Z,0.46,duplicate_observation,
IDENT_001781,ACT_0057,handle,CrimsonDrift,SRC_003887,2025-10-24T19:15:51Z,2026-09-01T00:00:00Z,0.5,duplicate_observation,
IDENT_001782,ACT_0009,handle,CrimsonReaper,SRC_002078,2026-10-16T00:00:00Z,2026-09-01T00:00:00Z,0.16,duplicate_observation,OBS_009811
IDENT_001783,ACT_0043,handle,CrimsonCrow,SRC_000756,2026-06-17T22:06:12Z,2026-09-01T00:00:00Z,0.34,duplicate_observation,OBS_013206
IDENT_001784,ACT_0003,handle,IronLedger,SRC_001271,2025-11-13T18:21:03Z,2026-09-01T00:00:00Z,0.42,duplicate_observation,
IDENT_001785,ACT_0023,handle,NullEcho,SRC_001463,2026-11-15T00:00:00Z,2026-09-01T00:00:00Z,0.5,duplicate_observation,OBS_003589
IDENT_001786,ACT_0046,handle,WraithHarbor,SRC_004584,2026-10-20T00:00:00Z,2026-09-01T00:00:00Z,0.36,duplicate_observation,
IDENT_001787,ACT_0007,handle,GhostForge71,SRC_002771,2024-06-13T13:12:42Z,2024-11-04T13:12:42Z,0.21,duplicate_observation,OBS_000146
IDENT_001788,ACT_0056,handle,TalonCipher,SRC_003486,2026-01-11T10:20:14Z,2026-03-16T10:20:14Z,0.15,duplicate_observation,
IDENT_001789,ACT_0015,handle,IronFalcon73,SRC_005484,2026-11-09T00:00:00Z,2026-09-01T00:00:00Z,0.1,duplicate_observation,OBS_007774
IDENT_001790,ACT_0007,handle,IronWolf81,SRC_005591,2024-12-07T13:12:42Z,2025-02-07T13:12:42Z,0.29,duplicate_observation,
IDENT_001791,ACT_0051,handle,FrostSignal,SRC_001294,2026-10-20T00:00:00Z,2026-09-01T00:00:00Z,0.25,duplicate_observation,OBS_006953
IDENT_001792,ACT_0048,handle,CrimsonTrace,SRC_003931,2024-08-12T21:47:44Z,2025-11-20T21:47:44Z,0.4,duplicate_observation,
IDENT_001793,ACT_0001,handle,SilentTrace,SRC_000884,2024-02-14T20:28:06Z,2024-12-19T20:28:06Z,0.48,duplicate_observation,OBS_009040
IDENT_001794,ACT_0045,handle,PhantomWolf,SRC_003268,2025-11-12T07:17:31Z,2026-09-01T00:00:00Z,0.43,duplicate_observation,OBS_012953
IDENT_001795,ACT_0001,handle,SilentTrace,SRC_004975,2024-02-25T20:28:06Z,2024-12-20T20:28:06Z,0.39,duplicate_observation,
IDENT_001796,ACT_0014,handle,HavocHollow,SRC_004892,2025-01-04T02:17:28Z,2025-10-20T02:17:28Z,0.32,duplicate_observation,OBS_011933
IDENT_001797,ACT_0034,handle,DarkVector32,SRC_000564,2024-12-01T10:59:17Z,2025-09-02T10:59:17Z,0.16,duplicate_observation,
IDENT_001798,ACT_0015,handle,SilverLedger,SRC_003834,2026-10-15T00:00:00Z,2026-09-01T00:00:00Z,0.1,duplicate_observation,OBS_012721
IDENT_001799,ACT_0024,handle,WraithSpire,SRC_002489,2025-08-31T00:47:04Z,2026-09-01T00:00:00Z,0.3,duplicate_observation,OBS_008208
IDENT_001800,ACT_0044,handle,NightSentinel32,SRC_000372,2026-03-22T18:00:37Z,2026-07-23T18:00:37Z,0.33,duplicate_observation,OBS_005379
IDENT_001801,ACT_0056,handle,VoidNode,SRC_005281,2024-08-25T10:20:14Z,2025-03-18T10:20:14Z,0.48,duplicate_observation,OBS_011290
IDENT_001802,ACT_0056,handle,NightCrow,SRC_002331,2025-04-01T10:20:14Z,2026-01-13T10:20:14Z,0.45,duplicate_observation,
IDENT_001803,ACT_0050,handle,FrostReaper,SRC_001564,2026-07-12T02:56:43Z,2026-09-01T00:00:00Z,0.1,duplicate_observation,OBS_013708
IDENT_001804,ACT_0038,handle,CrimsonLedger,SRC_001966,2025-11-13T11:07:27Z,2026-07-24T11:07:27Z,0.31,duplicate_observation,
IDENT_001805,ACT_0016,handle,PhantomHollow,SRC_003992,2025-03-22T15:47:40Z,2025-09-01T15:47:40Z,0.35,duplicate_observation,OBS_009666
IDENT_001806,ACT_0016,handle,ChromeGrid,SRC_005523,2025-09-01T15:47:40Z,2026-02-13T15:47:40Z,0.19,duplicate_observation,
IDENT_001807,ACT_0038,handle,VectorVector,SRC_003259,2025-09-01T11:07:27Z,2025-10-14T11:07:27Z,0.42,duplicate_observation,
IDENT_001808,ACT_0038,handle,CrimsonLedger,SRC_000709,2025-11-11T11:07:27Z,2026-07-19T11:07:27Z,0.25,duplicate_observation,
IDENT_001809,ACT_0023,handle,NullEcho,SRC_000597,2026-11-04T00:00:00Z,2026-09-01T00:00:00Z,0.11,duplicate_observation,
IDENT_001810,ACT_0057,handle,CrimsonDrift,SRC_002228,2025-11-04T19:15:51Z,2026-09-01T00:00:00Z,0.7,duplicate_observation,
IDENT_001811,ACT_0003,handle,IronLedger,SRC_001273,2025-11-19T18:21:03Z,2026-09-01T00:00:00Z,0.22,duplicate_observation,
IDENT_001812,ACT_0020,handle,BlackRoot71,SRC_003346,2025-11-07T15:43:16Z,2026-02-27T15:43:16Z,0.31,duplicate_observation,OBS_005974
IDENT_001813,ACT_0026,handle,BlackDrift,SRC_004475,2026-03-10T18:43:51Z,2026-09-01T00:00:00Z,0.43,duplicate_observation,OBS_008217
IDENT_001814,ACT_0014,handle,NightLedger,SRC_002315,2024-01-28T02:17:28Z,2024-10-25T02:17:28Z,0.42,duplicate_observation,OBS_000636
IDENT_001815,ACT_0026,handle,BlackDrift,SRC_005112,2026-02-25T18:43:51Z,2026-09-01T00:00:00Z,0.52,duplicate_observation,
IDENT_001816,ACT_0031,handle,WraithWarden,SRC_001847,2025-08-23T19:36:25Z,2026-03-11T19:36:25Z,0.39,duplicate_observation,
IDENT_001817,ACT_0038,handle,CrimsonLedger,SRC_000795,2025-11-16T11:07:27Z,2026-07-20T11:07:27Z,0.32,duplicate_observation,OBS_001158
IDENT_001818,ACT_0031,handle,WraithWarden,SRC_004383,2025-08-31T19:36:25Z,2026-03-20T19:36:25Z,0.64,duplicate_observation,
IDENT_001819,ACT_0035,handle,BlackReaper60,SRC_002275,2026-11-09T00:00:00Z,2026-09-01T00:00:00Z,0.19,duplicate_observation,
IDENT_001820,ACT_0042,handle,ObsidianWarden,SRC_002450,2025-05-13T00:56:31Z,2025-07-03T00:56:31Z,0.41,duplicate_observation,OBS_003936
IDENT_001821,ACT_0035,handle,BlackReaper60,SRC_000406,2026-11-03T00:00:00Z,2026-09-01T00:00:00Z,0.35,duplicate_observation,OBS_009517
IDENT_001822,ACT_0035,handle,CrimsonMoth,SRC_004605,2024-04-30T22:04:42Z,2025-05-14T22:04:42Z,0.45,duplicate_observation,OBS_011639
IDENT_001823,ACT_0048,handle,CrimsonTrace,SRC_002667,2024-08-04T21:47:44Z,2025-11-03T21:47:44Z,0.15,duplicate_observation,
IDENT_001824,ACT_0030,handle,CrimsonForge,SRC_001253,2024-06-17T21:36:22Z,2024-12-09T21:36:22Z,0.43,duplicate_observation,
IDENT_001825,ACT_0050,handle,FrostReaper,SRC_003764,2026-07-12T02:56:43Z,2026-09-01T00:00:00Z,0.39,duplicate_observation,OBS_000109
IDENT_001826,ACT_0040,handle,StormPulse,SRC_005010,2026-10-07T00:00:00Z,2026-09-01T00:00:00Z,0.27,duplicate_observation,
IDENT_001827,ACT_0056,handle,VoidNode,SRC_001660,2024-09-03T10:20:14Z,2025-03-31T10:20:14Z,0.33,duplicate_observation,
IDENT_001828,ACT_0009,handle,WraithHex25,SRC_003163,2026-09-30T00:00:00Z,2026-09-01T00:00:00Z,0.62,duplicate_observation,
IDENT_001829,ACT_0003,handle,GreyRoot,SRC_003128,2024-08-24T18:21:03Z,2025-11-05T18:21:03Z,0.13,duplicate_observation,
IDENT_001830,ACT_0053,handle,DarkOrbit,SRC_005335,2026-04-07T21:22:52Z,2026-09-01T00:00:00Z,0.54,duplicate_observation,
IDENT_001831,ACT_0050,handle,FrostReaper,SRC_000755,2026-06-27T02:56:43Z,2026-09-01T00:00:00Z,0.36,duplicate_observation,
IDENT_001832,ACT_0040,handle,ChromeShade,SRC_002832,2026-09-30T00:00:00Z,2026-09-01T00:00:00Z,0.31,duplicate_observation,OBS_004084
IDENT_001833,ACT_0040,handle,StormPulse,SRC_000308,2026-10-04T00:00:00Z,2026-09-01T00:00:00Z,0.25,duplicate_observation,OBS_000505
IDENT_001834,ACT_0021,handle,StormLedger,SRC_002190,2026-09-30T00:00:00Z,2026-09-01T00:00:00Z,0.22,duplicate_observation,
IDENT_001835,ACT_0036,handle,IronMarrow,SRC_002108,2026-11-01T00:00:00Z,2026-09-01T00:00:00Z,0.54,duplicate_observation,OBS_011766
IDENT_001836,ACT_0046,handle,PhantomGrid,SRC_004339,2026-01-22T14:13:34Z,2026-06-27T14:13:34Z,0.1,duplicate_observation,
IDENT_001837,ACT_0056,handle,VoidNode,SRC_004031,2024-08-30T10:20:14Z,2025-03-18T10:20:14Z,0.18,duplicate_observation,OBS_008292
IDENT_001838,ACT_0035,handle,StormDrift,SRC_002950,2026-10-19T00:00:00Z,2026-09-01T00:00:00Z,0.21,duplicate_observation,
IDENT_001839,ACT_0045,handle,VectorCrow,SRC_001208,2024-12-03T07:17:31Z,2025-03-27T07:17:31Z,0.26,duplicate_observation,OBS_009321
IDENT_001840,ACT_0026,handle,RuneCrow,SRC_003670,2025-09-13T18:43:51Z,2026-02-21T18:43:51Z,0.17,duplicate_observation,OBS_012165
IDENT_001841,ACT_0044,handle,GreyMoth,SRC_000821,2024-12-07T18:00:37Z,2026-02-13T18:00:37Z,0.28,duplicate_observation,
IDENT_001842,ACT_0027,handle,CrimsonWolf,SRC_005535,2024-07-27T01:12:14Z,2025-10-14T01:12:14Z,0.35,duplicate_observation,OBS_002969
IDENT_001843,ACT_0020,handle,EmberNode,SRC_003752,2026-09-22T00:00:00Z,2026-09-01T00:00:00Z,0.5,duplicate_observation,OBS_007779
IDENT_001844,ACT_0023,handle,GreyOrbit,SRC_000293,2026-04-26T00:01:56Z,2026-09-01T00:00:00Z,0.53,duplicate_observation,OBS_001854
IDENT_001845,ACT_0046,handle,WraithHarbor,SRC_001667,2026-10-10T00:00:00Z,2026-09-01T00:00:00Z,0.25,duplicate_observation,OBS_012861
IDENT_001846,ACT_0030,handle,CrimsonForge,SRC_001874,2024-06-21T21:36:22Z,2024-12-15T21:36:22Z,0.59,duplicate_observation,
IDENT_001847,ACT_0052,handle,IronRunner,SRC_004755,2025-08-03T08:12:20Z,2026-02-24T08:12:20Z,0.33,duplicate_observation,
IDENT_001848,ACT_0024,handle,WraithSpire,SRC_004473,2025-08-14T00:47:04Z,2026-09-01T00:00:00Z,0.48,duplicate_observation,OBS_004333
IDENT_001849,ACT_0034,handle,DarkVector32,SRC_002831,2024-11-23T10:59:17Z,2025-09-02T10:59:17Z,0.31,duplicate_observation,OBS_001894
IDENT_001850,ACT_0036,handle,TalonSpire,SRC_005425,2026-04-16T18:10:40Z,2026-09-01T00:00:00Z,0.32,duplicate_observation,OBS_010664
IDENT_001851,ACT_0040,handle,ObsidianHex,SRC_005665,2026-01-21T18:08:11Z,2026-09-01T00:00:00Z,0.46,duplicate_observation,
IDENT_001852,ACT_0016,handle,ChromeGrid,SRC_004217,2025-09-11T15:47:40Z,2026-02-22T15:47:40Z,0.13,duplicate_observation,OBS_012632
IDENT_001853,ACT_0059,handle,FrostRunner37,SRC_002728,2026-10-30T00:00:00Z,2026-09-01T00:00:00Z,0.19,duplicate_observation,
IDENT_001854,ACT_0059,handle,FrostRunner37,SRC_004008,2026-10-24T00:00:00Z,2026-09-01T00:00:00Z,0.1,duplicate_observation,
IDENT_001855,ACT_0044,handle,GreyMoth,SRC_005836,2024-12-01T18:00:37Z,2026-02-10T18:00:37Z,0.34,duplicate_observation,
IDENT_001856,ACT_0017,handle,UmbraSpire59,SRC_002408,2025-08-21T11:28:43Z,2026-08-09T11:28:43Z,0.35,duplicate_observation,OBS_009018
IDENT_001857,ACT_0023,handle,GreyOrbit,SRC_002551,2026-04-28T00:01:56Z,2026-09-01T00:00:00Z,0.21,duplicate_observation,OBS_001468
IDENT_001858,ACT_0035,handle,BlackReaper60,SRC_001665,2026-10-26T00:00:00Z,2026-09-01T00:00:00Z,0.55,duplicate_observation,OBS_011539
IDENT_001859,ACT_0056,handle,NightCrow,SRC_000968,2025-04-18T10:20:14Z,2026-01-02T10:20:14Z,0.31,duplicate_observation,OBS_001356
IDENT_001860,ACT_0058,handle,DarkSignal,SRC_003209,2026-01-04T17:09:54Z,2026-09-01T00:00:00Z,0.51,duplicate_observation,OBS_001089
IDENT_001861,ACT_0029,handle,ChromeHex39,SRC_000529,2025-05-19T22:51:37Z,2026-03-11T22:51:37Z,0.27,duplicate_observation,
IDENT_001862,ACT_0041,handle,RogueSpire80,SRC_003190,2025-01-05T19:31:51Z,2025-10-25T19:31:51Z,0.4,duplicate_observation,OBS_013815
IDENT_001863,ACT_0025,handle,ChromeOrbit,SRC_000955,2026-09-20T00:00:00Z,2026-09-01T00:00:00Z,0.27,duplicate_observation,OBS_000075
IDENT_001864,ACT_0003,handle,GreyRoot,SRC_003155,2024-08-23T18:21:03Z,2025-10-21T18:21:03Z,0.54,duplicate_observation,OBS_005502
IDENT_001865,ACT_0008,handle,IronCrow,SRC_001904,2025-04-14T10:13:36Z,2025-09-05T10:13:36Z,0.14,duplicate_observation,
IDENT_001866,ACT_0051,handle,GreyEcho,SRC_001484,2026-07-14T11:41:03Z,2026-09-01T00:00:00Z,0.65,duplicate_observation,
IDENT_001867,ACT_0053,handle,OnyxFang,SRC_000914,2025-02-24T21:22:52Z,2026-03-08T21:22:52Z,0.4,duplicate_observation,
IDENT_001868,ACT_0035,handle,BlackReaper60,SRC_003393,2026-10-31T00:00:00Z,2026-09-01T00:00:00Z,0.32,duplicate_observation,
IDENT_001869,ACT_0051,handle,SilverGrid,SRC_005024,2026-11-06T00:00:00Z,2026-09-01T00:00:00Z,0.36,duplicate_observation,
IDENT_001870,ACT_0053,handle,OnyxFang,SRC_001483,2025-03-06T21:22:52Z,2026-03-14T21:22:52Z,0.43,duplicate_observation,OBS_000826
IDENT_001871,ACT_0024,handle,WraithSpire,SRC_004561,2025-08-17T00:47:04Z,2026-08-19T00:47:04Z,0.18,duplicate_observation,OBS_005146
IDENT_001872,ACT_0051,handle,FrostSignal,SRC_000822,2026-10-05T00:00:00Z,2026-09-01T00:00:00Z,0.18,duplicate_observation,
IDENT_001873,ACT_0026,handle,RuneCrow,SRC_002020,2025-09-11T18:43:51Z,2026-03-01T18:43:51Z,0.23,duplicate_observation,
IDENT_001874,ACT_0026,handle,RuneCrow,SRC_003476,2025-09-17T18:43:51Z,2026-03-08T18:43:51Z,0.52,duplicate_observation,OBS_004914
IDENT_001875,ACT_0023,handle,GreySentinel,SRC_000156,2026-09-23T00:00:00Z,2026-09-01T00:00:00Z,0.1,duplicate_observation,OBS_007860
IDENT_001876,ACT_0032,handle,RuneEcho,SRC_001830,2025-07-25T17:55:46Z,2026-07-25T17:55:46Z,0.47,duplicate_observation,OBS_010241
IDENT_001877,ACT_0001,handle,SilentTrace,SRC_005403,2024-02-08T20:28:06Z,2024-12-25T20:28:06Z,0.1,duplicate_observation,
IDENT_001878,ACT_0050,handle,GhostCrow,SRC_004689,2026-10-31T00:00:00Z,2026-09-01T00:00:00Z,0.21,duplicate_observation,
IDENT_001879,ACT_0056,handle,NightCrow,SRC_005340,2025-04-10T10:20:14Z,2026-01-16T10:20:14Z,0.42,duplicate_observation,
IDENT_001880,ACT_0018,handle,GreyRunner,SRC_004464,2025-11-03T18:40:31Z,2026-09-01T00:00:00Z,0.29,duplicate_observation,OBS_003592
IDENT_001881,ACT_0055,handle,HavocSentinel,SRC_000107,2024-08-03T04:37:32Z,2025-11-24T04:37:32Z,0.48,duplicate_observation,
IDENT_001882,ACT_0005,handle,SilentVector,SRC_002630,2026-07-15T07:09:23Z,2026-09-01T00:00:00Z,0.1,duplicate_observation,OBS_011680
IDENT_001883,ACT_0039,handle,UmbraWarden,SRC_005043,2026-05-28T04:35:29Z,2026-06-24T04:35:29Z,0.23,duplicate_observation,
IDENT_001884,ACT_0046,handle,ObsidianFalcon,SRC_002487,2025-09-15T14:13:34Z,2026-01-16T14:13:34Z,0.15,duplicate_observation,OBS_001958
IDENT_001885,ACT_0026,handle,ZeroFox,SRC_000902,2026-10-28T00:00:00Z,2026-09-01T00:00:00Z,0.57,duplicate_observation,OBS_008220
IDENT_001886,ACT_0007,handle,IronWolf81,SRC_005089,2024-12-12T13:12:42Z,2025-02-07T13:12:42Z,0.35,duplicate_observation,OBS_006841
IDENT_001887,ACT_0053,handle,IronHarbor,SRC_000193,2024-08-22T21:22:52Z,2025-02-14T21:22:52Z,0.48,duplicate_observation,OBS_005280
IDENT_001888,ACT_0005,handle,SilentVector,SRC_003603,2026-07-22T07:09:23Z,2026-09-01T00:00:00Z,0.19,duplicate_observation,OBS_002532
IDENT_001889,ACT_0037,handle,AshMoth,SRC_005471,2024-09-28T20:05:11Z,2024-12-06T20:05:11Z,0.54,duplicate_observation,
IDENT_001890,ACT_0057,handle,CrimsonDrift,SRC_000442,2025-10-21T19:15:51Z,2026-09-01T00:00:00Z,0.5,duplicate_observation,OBS_002864
IDENT_001891,ACT_0040,handle,FrostWolf,SRC_004537,2025-05-31T18:08:11Z,2025-11-19T18:08:11Z,0.24,duplicate_observation,
IDENT_001892,ACT_0046,handle,PhantomGrid,SRC_005696,2026-01-30T14:13:34Z,2026-06-26T14:13:34Z,0.45,duplicate_observation,OBS_009406
IDENT_001893,ACT_0016,handle,PhantomHollow,SRC_004168,2025-03-17T15:47:40Z,2025-08-19T15:47:40Z,0.44,duplicate_observation,
IDENT_001894,ACT_0038,handle,VectorVector,SRC_005566,2025-08-23T11:07:27Z,2025-10-31T11:07:27Z,0.61,duplicate_observation,OBS_009024
IDENT_001895,ACT_0023,handle,SilverPulse,SRC_004586,2026-10-04T00:00:00Z,2026-09-01T00:00:00Z,0.1,duplicate_observation,
IDENT_001896,ACT_0048,handle,CrimsonTrace,SRC_000511,2024-08-05T21:47:44Z,2025-11-16T21:47:44Z,0.48,duplicate_observation,OBS_002256
IDENT_001897,ACT_0016,handle,PhantomHollow,SRC_005126,2025-03-20T15:47:40Z,2025-08-20T15:47:40Z,0.1,duplicate_observation,OBS_006837
IDENT_001898,ACT_0026,handle,RuneCrow,SRC_001527,2025-09-05T18:43:51Z,2026-03-04T18:43:51Z,0.22,duplicate_observation,OBS_001873
IDENT_001899,ACT_0054,handle,DarkRunner,SRC_004745,2026-07-10T15:36:14Z,2026-09-01T00:00:00Z,0.38,duplicate_observation,
IDENT_001900,ACT_0055,handle,StormRunner,SRC_004633,2024-03-29T04:37:32Z,2024-07-06T04:37:32Z,0.1,duplicate_observation,OBS_004922
IDENT_001901,ACT_0017,handle,UmbraSpire59,SRC_000101,2025-08-10T11:28:43Z,2026-07-25T11:28:43Z,0.36,duplicate_observation,
IDENT_001902,ACT_0009,handle,WraithHex25,SRC_002478,2026-10-13T00:00:00Z,2026-09-01T00:00:00Z,0.17,duplicate_observation,OBS_008383
IDENT_001903,ACT_0040,handle,ChromeShade,SRC_005426,2026-10-02T00:00:00Z,2026-09-01T00:00:00Z,0.21,duplicate_observation,
IDENT_001904,ACT_0045,handle,VectorCrow,SRC_002937,2024-12-09T07:17:31Z,2025-03-26T07:17:31Z,0.31,duplicate_observation,OBS_007066
IDENT_001905,ACT_0009,handle,AshSignal52,SRC_004806,2026-10-18T00:00:00Z,2026-09-01T00:00:00Z,0.62,duplicate_observation,OBS_005849
IDENT_001906,ACT_0042,handle,ObsidianWarden,SRC_001239,2025-05-22T00:56:31Z,2025-07-07T00:56:31Z,0.19,duplicate_observation,
IDENT_001907,ACT_0006,handle,RogueRoot,SRC_002850,2025-09-06T08:56:39Z,2025-12-20T08:56:39Z,0.44,duplicate_observation,OBS_005183
IDENT_001908,ACT_0058,handle,DarkSignal,SRC_000288,2026-01-15T17:09:54Z,2026-09-01T00:00:00Z,0.4,duplicate_observation,OBS_002353
IDENT_001909,ACT_0042,handle,ObsidianWarden,SRC_005597,2025-05-18T00:56:31Z,2025-06-26T00:56:31Z,0.34,duplicate_observation,OBS_007262
IDENT_001910,ACT_0034,handle,DarkVector32,SRC_000554,2024-12-10T10:59:17Z,2025-08-28T10:59:17Z,0.27,duplicate_observation,OBS_000227
IDENT_001911,ACT_0031,handle,StormMarrow37,SRC_005590,2025-03-26T19:36:25Z,2025-07-29T19:36:25Z,0.44,duplicate_observation,OBS_004603
IDENT_001912,ACT_0003,handle,GreyRoot,SRC_004757,2024-08-21T18:21:03Z,2025-11-04T18:21:03Z,0.21,duplicate_observation,
IDENT_001913,ACT_0034,handle,HavocSentinel54,SRC_005825,2025-10-11T10:59:17Z,2026-09-01T00:00:00Z,0.25,duplicate_observation,OBS_000952
IDENT_001914,ACT_0027,handle,RuneWarden,SRC_001042,2024-04-29T01:12:14Z,2024-06-13T01:12:14Z,0.53,duplicate_observation,OBS_011681
IDENT_001915,ACT_0034,handle,PhantomOrbit,SRC_003010,2026-10-21T00:00:00Z,2026-09-01T00:00:00Z,0.15,duplicate_observation,
IDENT_001916,ACT_0045,handle,UmbraMarrow,SRC_005413,2025-05-13T07:17:31Z,2025-11-09T07:17:31Z,0.64,duplicate_observation,OBS_013216
IDENT_001917,ACT_0052,handle,ZeroTrace,SRC_003633,2026-10-24T00:00:00Z,2026-09-01T00:00:00Z,0.54,duplicate_observation,OBS_008814
IDENT_001918,ACT_0009,handle,WraithHex25,SRC_003109,2026-10-06T00:00:00Z,2026-09-01T00:00:00Z,0.43,duplicate_observation,
IDENT_001919,ACT_0005,handle,SilentVector,SRC_000643,2026-07-24T07:09:23Z,2026-09-01T00:00:00Z,0.12,duplicate_observation,OBS_013593
IDENT_001920,ACT_0020,handle,NightCipher,SRC_005261,2026-10-30T00:00:00Z,2026-09-01T00:00:00Z,0.2,duplicate_observation,
IDENT_001921,ACT_0021,handle,NullPulse,SRC_004042,2026-10-03T00:00:00Z,2026-09-01T00:00:00Z,0.17,duplicate_observation,OBS_007400
IDENT_001922,ACT_0024,handle,WraithSpire,SRC_004720,2025-08-14T00:47:04Z,2026-09-01T00:00:00Z,0.46,duplicate_observation,
IDENT_001923,ACT_0056,handle,VoidNode,SRC_003171,2024-08-30T10:20:14Z,2025-03-22T10:20:14Z,0.34,duplicate_observation,
IDENT_001924,ACT_0059,handle,FrostRunner37,SRC_004381,2026-10-13T00:00:00Z,2026-09-01T00:00:00Z,0.62,duplicate_observation,OBS_003930
IDENT_001925,ACT_0026,handle,ChromeMarrow,SRC_000600,2025-07-29T18:43:51Z,2025-09-10T18:43:51Z,0.28,duplicate_observation,
IDENT_001926,ACT_0039,handle,UmbraWarden,SRC_004000,2026-06-04T04:35:29Z,2026-06-28T04:35:29Z,0.18,duplicate_observation,OBS_010924
IDENT_001927,ACT_0006,handle,ForgeVector,SRC_004065,2024-08-30T08:56:39Z,2025-08-25T08:56:39Z,0.67,duplicate_observation,
IDENT_001928,ACT_0054,handle,DarkRunner,SRC_004582,2026-06-21T15:36:14Z,2026-09-01T00:00:00Z,0.57,duplicate_observation,OBS_006254
IDENT_001929,ACT_0044,handle,GreyMoth,SRC_000777,2024-12-13T18:00:37Z,2026-02-08T18:00:37Z,0.1,duplicate_observation,
IDENT_001930,ACT_0040,handle,RuneMoth,SRC_005485,2026-10-22T00:00:00Z,2026-09-01T00:00:00Z,0.36,duplicate_observation,
IDENT_001931,ACT_0056,handle,VoidCipher,SRC_002339,2026-10-09T00:00:00Z,2026-09-01T00:00:00Z,0.13,duplicate_observation,OBS_005308
IDENT_001932,ACT_0044,handle,SilentNode,SRC_000054,2026-09-28T18:00:37Z,2026-09-01T00:00:00Z,0.64,duplicate_observation,OBS_008411
IDENT_001933,ACT_0014,handle,NightLedger,SRC_004212,2024-01-12T02:17:28Z,2024-11-01T02:17:28Z,0.26,duplicate_observation,
IDENT_001934,ACT_0035,handle,RogueDrift,SRC_001055,2026-11-10T00:00:00Z,2026-09-01T00:00:00Z,0.44,duplicate_observation,
IDENT_001935,ACT_0051,handle,FrostSignal,SRC_002530,2026-10-13T00:00:00Z,2026-09-01T00:00:00Z,0.37,duplicate_observation,
IDENT_001936,ACT_0026,handle,ZeroFox,SRC_004701,2026-11-01T00:00:00Z,2026-09-01T00:00:00Z,0.22,duplicate_observation,
IDENT_001937,ACT_0046,handle,WraithHarbor,SRC_000840,2026-10-12T00:00:00Z,2026-09-01T00:00:00Z,0.25,duplicate_observation,OBS_008771
IDENT_001938,ACT_0036,handle,TalonSpire,SRC_000982,2026-04-14T18:10:40Z,2026-09-01T00:00:00Z,0.15,duplicate_observation,OBS_003407
IDENT_001939,ACT_0054,handle,DarkRunner,SRC_005287,2026-06-27T15:36:14Z,2026-09-01T00:00:00Z,0.7,duplicate_observation,OBS_001319
IDENT_001940,ACT_0047,handle,StormFox,SRC_000092,2024-08-09T22:38:20Z,2024-10-28T22:38:20Z,0.57,duplicate_observation,
IDENT_001941,ACT_0035,handle,CrimsonMoth,SRC_005113,2024-05-09T22:04:42Z,2025-05-27T22:04:42Z,0.33,duplicate_observation,
IDENT_001942,ACT_0056,handle,VoidNode,SRC_002929,2024-09-13T10:20:14Z,2025-03-27T10:20:14Z,0.13,duplicate_observation,
IDENT_001943,ACT_0022,handle,CrimsonVector47,SRC_004284,2024-03-26T11:56:59Z,2025-07-30T11:56:59Z,0.7,duplicate_observation,
IDENT_001944,ACT_0040,handle,ChromeShade,SRC_000984,2026-10-01T00:00:00Z,2026-09-01T00:00:00Z,0.41,duplicate_observation,OBS_008454
IDENT_001945,ACT_0024,handle,OnyxEcho,SRC_005320,2026-10-18T00:47:04Z,2026-09-01T00:00:00Z,0.22,duplicate_observation,OBS_005755
IDENT_001946,ACT_0007,handle,IronWolf81,SRC_002509,2024-12-03T13:12:42Z,2025-02-03T13:12:42Z,0.34,duplicate_observation,
IDENT_001947,ACT_0025,handle,GhostSentinel,SRC_003056,2026-11-06T00:00:00Z,2026-09-01T00:00:00Z,0.23,duplicate_observation,
IDENT_001948,ACT_0051,handle,FrostSignal,SRC_000292,2026-10-19T00:00:00Z,2026-09-01T00:00:00Z,0.19,duplicate_observation,OBS_004216
IDENT_001949,ACT_0014,handle,NightLedger,SRC_004118,2024-01-15T02:17:28Z,2024-11-10T02:17:28Z,0.1,duplicate_observation,
IDENT_001950,ACT_0009,handle,BlackHarbor,SRC_001263,2026-07-24T04:53:06Z,2026-09-01T00:00:00Z,0.1,duplicate_observation,
IDENT_001951,ACT_0017,handle,UmbraSpire59,SRC_001542,2025-08-09T11:28:43Z,2026-07-26T11:28:43Z,0.7,duplicate_observation,OBS_012065
IDENT_001952,ACT_0034,handle,HavocSentinel54,SRC_002780,2025-10-07T10:59:17Z,2026-09-01T00:00:00Z,0.3,duplicate_observation,
IDENT_001953,ACT_0015,handle,SilverLedger,SRC_002826,2026-10-25T00:00:00Z,2026-09-01T00:00:00Z,0.34,duplicate_observation,OBS_000292
IDENT_001954,ACT_0020,handle,BlackRoot71,SRC_002977,2025-11-06T15:43:16Z,2026-02-23T15:43:16Z,0.31,duplicate_observation,OBS_009432
IDENT_001955,ACT_0030,handle,SilentOrbit,SRC_004146,2025-01-18T21:36:22Z,2025-08-24T21:36:22Z,0.2,duplicate_observation,OBS_009600
IDENT_001956,ACT_0020,handle,EmberNode,SRC_000615,2026-09-18T00:00:00Z,2026-09-01T00:00:00Z,0.42,duplicate_observation,OBS_000577
IDENT_001957,ACT_0053,handle,OnyxFang,SRC_005226,2025-03-08T21:22:52Z,2026-03-26T21:22:52Z,0.7,duplicate_observation,OBS_006119
IDENT_001958,ACT_0006,handle,ShadowForge,SRC_002477,2024-03-07T08:56:39Z,2024-07-02T08:56:39Z,0.29,duplicate_observation,OBS_006597
IDENT_001959,ACT_0004,handle,OnyxNode,SRC_005233,2026-05-05T04:44:17Z,2026-09-01T00:00:00Z,0.51,duplicate_observation,
IDENT_001960,ACT_0026,handle,RuneCrow,SRC_003826,2025-09-24T18:43:51Z,2026-02-18T18:43:51Z,0.1,duplicate_observation,OBS_000615
IDENT_001961,ACT_0049,handle,EmberSignal,SRC_003955,2026-05-23T01:19:15Z,2026-09-01T00:00:00Z,0.68,duplicate_observation,
IDENT_001962,ACT_0029,handle,GhostShade,SRC_005350,2024-05-10T22:51:37Z,2025-04-28T22:51:37Z,0.1,duplicate_observation,
IDENT_001963,ACT_0020,handle,BlackRoot71,SRC_003445,2025-11-19T15:43:16Z,2026-03-09T15:43:16Z,0.37,duplicate_observation,
IDENT_001964,ACT_0006,handle,RogueRoot,SRC_004579,2025-09-24T08:56:39Z,2025-12-12T08:56:39Z,0.44,duplicate_observation,
IDENT_001965,ACT_0060,handle,CipherEcho,SRC_000751,2026-04-20T22:48:45Z,2026-09-01T00:00:00Z,0.7,duplicate_observation,
IDENT_001966,ACT_0020,handle,ZeroOrbit,SRC_004195,2026-03-29T15:43:16Z,2026-09-01T00:00:00Z,0.33,duplicate_observation,OBS_003903
IDENT_001967,ACT_0025,handle,TalonEcho,SRC_000108,2026-09-26T00:00:00Z,2026-09-01T00:00:00Z,0.1,duplicate_observation,
IDENT_001968,ACT_0017,handle,ChromeSignal,SRC_005621,2024-12-14T11:28:43Z,2025-06-28T11:28:43Z,0.35,duplicate_observation,
IDENT_001969,ACT_0046,handle,WraithHarbor,SRC_003301,2026-10-18T00:00:00Z,2026-09-01T00:00:00Z,0.47,duplicate_observation,OBS_001920
IDENT_001970,ACT_0031,handle,RogueReaper,SRC_004812,2026-04-14T19:36:25Z,2026-09-01T00:00:00Z,0.1,duplicate_observation,OBS_005056
IDENT_001971,ACT_0040,handle,ChromeShade,SRC_005831,2026-10-01T00:00:00Z,2026-09-01T00:00:00Z,0.42,duplicate_observation,OBS_011998
IDENT_001972,ACT_0051,handle,FrostSignal,SRC_004213,2026-10-20T00:00:00Z,2026-09-01T00:00:00Z,0.1,duplicate_observation,
IDENT_001973,ACT_0004,handle,OnyxNode,SRC_002846,2026-05-05T04:44:17Z,2026-09-01T00:00:00Z,0.1,duplicate_observation,OBS_014046
IDENT_001974,ACT_0058,handle,PhantomDrift95,SRC_001915,2025-09-04T17:09:54Z,2025-11-22T17:09:54Z,0.51,duplicate_observation,
IDENT_001975,ACT_0045,handle,UmbraMarrow,SRC_001103,2025-05-04T07:17:31Z,2025-11-11T07:17:31Z,0.3,duplicate_observation,
IDENT_001976,ACT_0003,handle,IronLedger,SRC_003618,2025-11-16T18:21:03Z,2026-09-01T00:00:00Z,0.19,duplicate_observation,OBS_003891
IDENT_001977,ACT_0002,handle,ShadowDrift,SRC_002808,2025-01-22T10:13:48Z,2025-03-08T10:13:48Z,0.2,duplicate_observation,OBS_000217
IDENT_001978,ACT_0034,handle,PhantomOrbit,SRC_004657,2026-10-28T00:00:00Z,2026-09-01T00:00:00Z,0.43,duplicate_observation,
IDENT_001979,ACT_0046,handle,VectorSentinel,SRC_005186,2026-07-01T14:13:34Z,2026-09-01T00:00:00Z,0.37,duplicate_observation,OBS_000990
IDENT_001980,ACT_0026,handle,ChromeMarrow,SRC_002332,2025-07-18T18:43:51Z,2025-09-03T18:43:51Z,0.31,duplicate_observation,OBS_008578
IDENT_001981,ACT_0034,handle,DarkVector32,SRC_000889,2024-11-28T10:59:17Z,2025-09-10T10:59:17Z,0.5,duplicate_observation,OBS_011343
IDENT_001982,ACT_0039,handle,UmbraWarden,SRC_004402,2026-05-20T04:35:29Z,2026-07-05T04:35:29Z,0.48,duplicate_observation,OBS_005399
IDENT_001983,ACT_0008,handle,FrostMoth,SRC_002259,2026-10-07T10:13:36Z,2026-09-01T00:00:00Z,0.18,duplicate_observation,OBS_004561
IDENT_001984,ACT_0048,handle,CrimsonTrace,SRC_004406,2024-08-24T21:47:44Z,2025-11-18T21:47:44Z,0.63,duplicate_observation,
IDENT_001985,ACT_0052,handle,ZeroTrace,SRC_003441,2026-10-16T00:00:00Z,2026-09-01T00:00:00Z,0.65,duplicate_observation,
IDENT_001986,ACT_0059,handle,NullWolf,SRC_000477,2026-07-18T16:19:50Z,2026-09-01T00:00:00Z,0.32,duplicate_observation,
IDENT_001987,ACT_0037,handle,VoidMoth,SRC_004539,2025-01-19T20:05:11Z,2025-07-15T20:05:11Z,0.21,duplicate_observation,OBS_004243
IDENT_001988,ACT_0016,handle,PhantomHollow,SRC_005148,2025-03-15T15:47:40Z,2025-08-30T15:47:40Z,0.22,duplicate_observation,OBS_010134
IDENT_001989,ACT_0032,handle,VoidHollow,SRC_005317,2026-07-28T17:55:46Z,2026-09-01T00:00:00Z,0.29,duplicate_observation,OBS_004324
IDENT_001990,ACT_0054,handle,UmbraHollow,SRC_003151,2026-02-22T15:36:14Z,2026-05-10T15:36:14Z,0.36,duplicate_observation,OBS_002650
IDENT_001991,ACT_0029,handle,GhostShade,SRC_005449,2024-05-03T22:51:37Z,2025-05-05T22:51:37Z,0.33,duplicate_observation,
IDENT_001992,ACT_0036,handle,IronMarrow,SRC_004056,2026-10-23T00:00:00Z,2026-09-01T00:00:00Z,0.45,duplicate_observation,OBS_011655
IDENT_001993,ACT_0019,handle,VoidDrift,SRC_005130,2025-08-23T04:42:59Z,2026-09-01T00:00:00Z,0.65,duplicate_observation,
IDENT_001994,ACT_0009,handle,WraithHex25,SRC_000342,2026-10-02T00:00:00Z,2026-09-01T00:00:00Z,0.24,duplicate_observation,OBS_013133
IDENT_001995,ACT_0002,handle,ShadowDrift,SRC_001857,2025-01-17T10:13:48Z,2025-03-11T10:13:48Z,0.12,duplicate_observation,
IDENT_001996,ACT_0034,handle,DarkVector32,SRC_004480,2024-12-08T10:59:17Z,2025-09-09T10:59:17Z,0.4,duplicate_observation,OBS_006719
IDENT_001997,ACT_0017,handle,ChromeSignal,SRC_002537,2024-12-06T11:28:43Z,2025-06-27T11:28:43Z,0.51,duplicate_observation,OBS_014422
IDENT_001998,ACT_0035,handle,RogueLedger,SRC_005763,2025-06-23T22:04:42Z,2026-09-01T00:00:00Z,0.46,duplicate_observation,
IDENT_001999,ACT_0060,handle,CipherEcho,SRC_004933,2026-04-04T22:48:45Z,2026-09-01T00:00:00Z,0.1,duplicate_observation,
IDENT_002000,ACT_0003,handle,IronLedger,SRC_001327,2025-11-23T18:21:03Z,2026-09-01T00:00:00Z,0.25,duplicate_observation,
IDENT_002001,ACT_0013,handle,NightWarden,SRC_004157,2026-09-18T00:00:00Z,2026-09-01T00:00:00Z,0.33,duplicate_observation,OBS_001202
IDENT_002002,ACT_0009,handle,CrimsonReaper,SRC_003531,2026-10-15T00:00:00Z,2026-09-01T00:00:00Z,0.27,duplicate_observation,OBS_005849
IDENT_002003,ACT_0027,handle,RuneWarden,SRC_002510,2024-04-21T01:12:14Z,2024-06-27T01:12:14Z,0.23,duplicate_observation,OBS_006464
IDENT_002004,ACT_0020,handle,NightCipher,SRC_005748,2026-10-29T00:00:00Z,2026-09-01T00:00:00Z,0.26,duplicate_observation,
IDENT_002005,ACT_0050,handle,ShadowNode,SRC_004973,2026-10-09T00:00:00Z,2026-09-01T00:00:00Z,0.42,duplicate_observation,
IDENT_002006,ACT_0045,handle,VectorCrow,SRC_000094,2024-12-01T07:17:31Z,2025-04-01T07:17:31Z,0.66,duplicate_observation,
IDENT_002007,ACT_0026,handle,ChromeMarrow,SRC_002228,2025-08-02T18:43:51Z,2025-08-28T18:43:51Z,0.15,duplicate_observation,
IDENT_002008,ACT_0038,handle,CrimsonLedger,SRC_002411,2025-11-13T11:07:27Z,2026-07-28T11:07:27Z,0.33,duplicate_observation,
IDENT_002009,ACT_0017,handle,BlackCipher,SRC_005463,2026-08-29T11:28:43Z,2026-09-01T00:00:00Z,0.26,duplicate_observation,
IDENT_002010,ACT_0023,handle,GreySentinel,SRC_003624,2026-09-18T00:00:00Z,2026-09-01T00:00:00Z,0.1,duplicate_observation,
IDENT_002011,ACT_0024,handle,WraithSpire,SRC_005647,2025-08-13T00:47:04Z,2026-09-01T00:00:00Z,0.17,duplicate_observation,OBS_011246
IDENT_002012,ACT_0041,handle,RogueSpire80,SRC_002270,2024-12-27T19:31:51Z,2025-11-03T19:31:51Z,0.31,duplicate_observation,
IDENT_002013,ACT_0024,handle,VectorHarbor,SRC_002931,2026-11-09T00:00:00Z,2026-09-01T00:00:00Z,0.4,duplicate_observation,OBS_004286
IDENT_002014,ACT_0015,handle,IronFalcon73,SRC_000387,2026-11-13T00:00:00Z,2026-09-01T00:00:00Z,0.31,duplicate_observation,
IDENT_002015,ACT_0027,handle,RuneWarden,SRC_002343,2024-05-08T01:12:14Z,2024-06-17T01:12:14Z,0.15,duplicate_observation,
IDENT_002016,ACT_0056,handle,VoidNode,SRC_001363,2024-09-12T10:20:14Z,2025-03-19T10:20:14Z,0.69,duplicate_observation,
IDENT_002017,ACT_0051,handle,EmberOrbit93,SRC_005594,2026-09-10T00:00:00Z,2026-09-01T00:00:00Z,0.42,duplicate_observation,OBS_004216
IDENT_002018,ACT_0040,handle,ChromeShade,SRC_003538,2026-10-15T00:00:00Z,2026-09-01T00:00:00Z,0.36,duplicate_observation,OBS_008969
IDENT_002019,ACT_0035,handle,BlackReaper60,SRC_003764,2026-11-14T00:00:00Z,2026-09-01T00:00:00Z,0.45,duplicate_observation,
IDENT_002020,ACT_0035,handle,CrimsonMoth,SRC_005511,2024-05-04T22:04:42Z,2025-05-23T22:04:42Z,0.49,duplicate_observation,OBS_000225
IDENT_002021,ACT_0027,handle,RuneWarden,SRC_004285,2024-05-02T01:12:14Z,2024-06-25T01:12:14Z,0.24,duplicate_observation,
IDENT_002022,ACT_0015,handle,NullCipher,SRC_003257,2025-10-21T12:12:24Z,2026-09-01T00:00:00Z,0.1,duplicate_observation,
IDENT_002023,ACT_0035,handle,RogueDrift,SRC_005662,2026-11-04T00:00:00Z,2026-09-01T00:00:00Z,0.16,duplicate_observation,OBS_002267
IDENT_002024,ACT_0005,handle,SilentVector,SRC_002540,2026-07-26T07:09:23Z,2026-09-01T00:00:00Z,0.39,duplicate_observation,
IDENT_002025,ACT_0053,handle,IronHarbor,SRC_003360,2024-08-12T21:22:52Z,2025-02-15T21:22:52Z,0.1,duplicate_observation,OBS_000111
IDENT_002026,ACT_0046,handle,VectorSentinel,SRC_005173,2026-07-10T14:13:34Z,2026-09-01T00:00:00Z,0.53,duplicate_observation,OBS_008263
IDENT_002027,ACT_0046,handle,PhantomGrid,SRC_005502,2026-02-09T14:13:34Z,2026-06-23T14:13:34Z,0.67,duplicate_observation,
IDENT_002028,ACT_0030,handle,SilentOrbit,SRC_002561,2025-01-09T21:36:22Z,2025-09-04T21:36:22Z,0.34,duplicate_observation,
IDENT_002029,ACT_0039,handle,UmbraWarden,SRC_003753,2026-05-23T04:35:29Z,2026-07-12T04:35:29Z,0.6,duplicate_observation,OBS_012647
IDENT_002030,ACT_0044,handle,SilentNode,SRC_000146,2026-09-18T18:00:37Z,2026-09-01T00:00:00Z,0.26,duplicate_observation,
IDENT_002031,ACT_0023,handle,GreyOrbit,SRC_003531,2026-04-19T00:01:56Z,2026-09-01T00:00:00Z,0.12,duplicate_observation,OBS_008946
IDENT_002032,ACT_0038,handle,CrimsonLedger,SRC_001098,2025-11-25T11:07:27Z,2026-07-26T11:07:27Z,0.51,duplicate_observation,
IDENT_002033,ACT_0053,handle,IronHarbor,SRC_001028,2024-08-21T21:22:52Z,2025-02-27T21:22:52Z,0.25,duplicate_observation,
IDENT_002034,ACT_0015,handle,SilverLedger,SRC_003780,2026-10-13T00:00:00Z,2026-09-01T00:00:00Z,0.56,duplicate_observation,
IDENT_002035,ACT_0033,handle,TalonSentinel,SRC_003470,2025-08-05T01:20:48Z,2026-02-07T01:20:48Z,0.15,duplicate_observation,
IDENT_002036,ACT_0047,handle,AshForge54,SRC_000459,2024-11-28T22:38:20Z,2026-02-21T22:38:20Z,0.34,duplicate_observation,
IDENT_002037,ACT_0056,handle,TalonCipher,SRC_005143,2026-01-15T10:20:14Z,2026-03-21T10:20:14Z,0.34,duplicate_observation,OBS_012583
IDENT_002038,ACT_0030,handle,OnyxRoot,SRC_001388,2025-10-11T21:36:22Z,2026-09-01T00:00:00Z,0.24,duplicate_observation,
IDENT_002039,ACT_0040,handle,RuneMoth,SRC_002580,2026-10-14T00:00:00Z,2026-09-01T00:00:00Z,0.58,duplicate_observation,OBS_014370
IDENT_002040,ACT_0028,handle,OnyxPulse,SRC_003075,2024-12-28T00:39:48Z,2025-05-15T00:39:48Z,0.56,duplicate_observation,OBS_002715
IDENT_002041,ACT_0025,handle,ChromeOrbit,SRC_005654,2026-09-13T00:00:00Z,2026-09-01T00:00:00Z,0.7,duplicate_observation,OBS_002480
IDENT_002042,ACT_0056,handle,VoidNode,SRC_005460,2024-08-27T10:20:14Z,2025-03-17T10:20:14Z,0.47,duplicate_observation,OBS_010691
IDENT_002043,ACT_0054,handle,ShadowGrid,SRC_003330,2026-10-06T00:00:00Z,2026-09-01T00:00:00Z,0.36,duplicate_observation,
IDENT_002044,ACT_0059,handle,FrostRunner37,SRC_000479,2026-10-13T00:00:00Z,2026-09-01T00:00:00Z,0.5,duplicate_observation,
IDENT_002045,ACT_0058,handle,PhantomDrift95,SRC_001923,2025-08-21T17:09:54Z,2025-11-27T17:09:54Z,0.42,duplicate_observation,OBS_011611
IDENT_002046,ACT_0043,handle,UmbraRoot,SRC_005341,2025-03-09T22:06:12Z,2026-04-23T22:06:12Z,0.21,duplicate_observation,
IDENT_002047,ACT_0055,handle,StormRunner,SRC_004567,2024-03-30T04:37:32Z,2024-06-26T04:37:32Z,0.1,duplicate_observation,OBS_007958
IDENT_002048,ACT_0030,handle,CrimsonForge,SRC_000721,2024-06-10T21:36:22Z,2024-12-15T21:36:22Z,0.13,duplicate_observation,
IDENT_002049,ACT_0025,handle,GhostSentinel,SRC_000831,2026-11-11T00:00:00Z,2026-09-01T00:00:00Z,0.34,duplicate_observation,
IDENT_002050,ACT_0024,handle,VectorHarbor,SRC_005054,2026-10-31T00:00:00Z,2026-09-01T00:00:00Z,0.34,duplicate_observation,OBS_014023
IDENT_002051,ACT_0024,handle,OnyxEcho,SRC_001357,2026-11-01T00:47:04Z,2026-09-01T00:00:00Z,0.33,duplicate_observation,
IDENT_002052,ACT_0026,handle,BlackDrift,SRC_004035,2026-02-26T18:43:51Z,2026-09-01T00:00:00Z,0.37,duplicate_observation,OBS_014072
IDENT_002053,ACT_0045,handle,UmbraMarrow,SRC_004163,2025-04-29T07:17:31Z,2025-11-16T07:17:31Z,0.25,duplicate_observation,OBS_009000
IDENT_002054,ACT_0017,handle,UmbraSpire59,SRC_001811,2025-08-13T11:28:43Z,2026-08-03T11:28:43Z,0.4,duplicate_observation,
IDENT_002055,ACT_0042,handle,CipherFalcon,SRC_004046,2025-11-17T00:56:31Z,2026-07-27T00:56:31Z,0.26,duplicate_observation,
IDENT_002056,ACT_0060,handle,CipherEcho,SRC_005371,2026-04-17T22:48:45Z,2026-09-01T00:00:00Z,0.49,duplicate_observation,OBS_006290
IDENT_002057,ACT_0027,handle,RuneWarden,SRC_000765,2024-04-29T01:12:14Z,2024-06-25T01:12:14Z,0.11,duplicate_observation,OBS_005364
IDENT_002058,ACT_0018,handle,DriftTrace,SRC_004427,2024-06-19T18:40:31Z,2025-10-18T18:40:31Z,0.46,duplicate_observation,
IDENT_002059,ACT_0052,handle,StormHollow,SRC_001696,2026-03-28T08:12:20Z,2026-09-01T00:00:00Z,0.69,duplicate_observation,
IDENT_002060,ACT_0031,handle,RogueReaper,SRC_001211,2026-04-17T19:36:25Z,2026-09-01T00:00:00Z,0.25,duplicate_observation,
IDENT_002061,ACT_0018,handle,GreyRunner,SRC_001424,2025-10-29T18:40:31Z,2026-09-01T00:00:00Z,0.27,duplicate_observation,
IDENT_002062,ACT_0059,handle,FrostRunner37,SRC_001552,2026-10-18T00:00:00Z,2026-09-01T00:00:00Z,0.7,duplicate_observation,OBS_001945
IDENT_002063,ACT_0025,handle,ChromeOrbit,SRC_003214,2026-09-03T00:00:00Z,2026-09-01T00:00:00Z,0.2,duplicate_observation,OBS_003947
IDENT_002064,ACT_0054,handle,UmbraHollow,SRC_000096,2026-02-08T15:36:14Z,2026-05-05T15:36:14Z,0.23,duplicate_observation,OBS_007028
IDENT_002065,ACT_0005,handle,SilentVector,SRC_004329,2026-07-12T07:09:23Z,2026-09-01T00:00:00Z,0.51,duplicate_observation,
IDENT_002066,ACT_0019,handle,EmberWolf,SRC_004562,2026-10-15T00:00:00Z,2026-09-01T00:00:00Z,0.17,duplicate_observation,
IDENT_002067,ACT_0054,handle,ShadowGrid,SRC_001886,2026-09-27T00:00:00Z,2026-09-01T00:00:00Z,0.1,duplicate_observation,
IDENT_002068,ACT_0050,handle,GhostCrow,SRC_003918,2026-11-12T00:00:00Z,2026-09-01T00:00:00Z,0.58,duplicate_observation,
IDENT_002069,ACT_0060,handle,CipherEcho,SRC_000922,2026-04-12T22:48:45Z,2026-09-01T00:00:00Z,0.52,duplicate_observation,
IDENT_002070,ACT_0004,handle,OnyxNode,SRC_000902,2026-05-16T04:44:17Z,2026-09-01T00:00:00Z,0.56,duplicate_observation,OBS_012611
IDENT_002071,ACT_0040,handle,FrostWolf,SRC_001981,2025-05-31T18:08:11Z,2025-12-06T18:08:11Z,0.36,duplicate_observation,
IDENT_002072,ACT_0059,handle,FrostRunner37,SRC_002460,2026-10-29T00:00:00Z,2026-09-01T00:00:00Z,0.19,duplicate_observation,OBS_003336
IDENT_002073,ACT_0011,handle,IronSpecter,SRC_004994,2026-11-12T00:00:00Z,2026-09-01T00:00:00Z,0.29,duplicate_observation,OBS_008815
IDENT_002074,ACT_0020,handle,EmberNode,SRC_004983,2026-09-22T00:00:00Z,2026-09-01T00:00:00Z,0.49,duplicate_observation,OBS_005608
IDENT_002075,ACT_0018,handle,DriftTrace,SRC_001378,2024-06-14T18:40:31Z,2025-10-05T18:40:31Z,0.46,duplicate_observation,OBS_013643
IDENT_002076,ACT_0057,handle,DriftReaper,SRC_003943,2026-09-28T00:00:00Z,2026-09-01T00:00:00Z,0.35,duplicate_observation,
IDENT_002077,ACT_0046,handle,ObsidianFalcon,SRC_003528,2025-09-06T14:13:34Z,2026-02-01T14:13:34Z,0.27,duplicate_observation,
IDENT_002078,ACT_0023,handle,GreySentinel,SRC_001912,2026-09-17T00:00:00Z,2026-09-01T00:00:00Z,0.1,duplicate_observation,OBS_010201
IDENT_002079,ACT_0011,handle,IronSpecter,SRC_000548,2026-11-15T00:00:00Z,2026-09-01T00:00:00Z,0.55,duplicate_observation,OBS_013779
IDENT_002080,ACT_0049,handle,EmberSignal,SRC_000496,2026-05-28T01:19:15Z,2026-09-01T00:00:00Z,0.48,duplicate_observation,
IDENT_002081,ACT_0035,handle,RogueLedger,SRC_003151,2025-06-24T22:04:42Z,2026-09-01T00:00:00Z,0.46,duplicate_observation,OBS_009904
IDENT_002082,ACT_0009,handle,BlackHarbor,SRC_003077,2026-08-11T04:53:06Z,2026-09-01T00:00:00Z,0.7,duplicate_observation,
IDENT_002083,ACT_0043,handle,CrimsonCrow,SRC_000257,2026-06-21T22:06:12Z,2026-09-01T00:00:00Z,0.29,duplicate_observation,
IDENT_002084,ACT_0044,handle,NightSentinel32,SRC_004824,2026-03-28T18:00:37Z,2026-08-04T18:00:37Z,0.62,duplicate_observation,
IDENT_002085,ACT_0027,handle,CrimsonWolf,SRC_000410,2024-08-14T01:12:14Z,2025-10-26T01:12:14Z,0.28,duplicate_observation,
IDENT_002086,ACT_0055,handle,HavocSentinel,SRC_004116,2024-07-29T04:37:32Z,2025-11-21T04:37:32Z,0.4,duplicate_observation,OBS_012792
IDENT_002087,ACT_0030,handle,OnyxRoot,SRC_004759,2025-10-08T21:36:22Z,2026-09-01T00:00:00Z,0.61,duplicate_observation,
IDENT_002088,ACT_0050,handle,GhostCrow,SRC_000894,2026-11-12T00:00:00Z,2026-09-01T00:00:00Z,0.12,duplicate_observation,OBS_012194
IDENT_002089,ACT_0034,handle,HavocSentinel54,SRC_005003,2025-10-09T10:59:17Z,2026-09-01T00:00:00Z,0.46,duplicate_observation,
IDENT_002090,ACT_0046,handle,VectorSentinel,SRC_003300,2026-07-20T14:13:34Z,2026-09-01T00:00:00Z,0.54,duplicate_observation,OBS_001731
IDENT_002091,ACT_0037,handle,AshMoth,SRC_004641,2024-09-25T20:05:11Z,2024-12-08T20:05:11Z,0.12,duplicate_observation,
IDENT_002092,ACT_0006,handle,ShadowForge,SRC_003156,2024-02-29T08:56:39Z,2024-07-13T08:56:39Z,0.3,duplicate_observation,
IDENT_002093,ACT_0050,handle,RogueWarden,SRC_004472,2026-11-03T00:00:00Z,2026-09-01T00:00:00Z,0.15,duplicate_observation,
IDENT_002094,ACT_0028,handle,OnyxPulse,SRC_004288,2024-12-20T00:39:48Z,2025-05-15T00:39:48Z,0.1,duplicate_observation,OBS_003564
IDENT_002095,ACT_0053,handle,OnyxFang,SRC_003453,2025-02-24T21:22:52Z,2026-03-11T21:22:52Z,0.5,duplicate_observation,OBS_009948
IDENT_002096,ACT_0040,handle,ChromeShade,SRC_003366,2026-10-07T00:00:00Z,2026-09-01T00:00:00Z,0.27,duplicate_observation,
IDENT_002097,ACT_0029,handle,ChromeHex39,SRC_001827,2025-05-18T22:51:37Z,2026-03-08T22:51:37Z,0.23,duplicate_observation,OBS_011515
IDENT_002098,ACT_0026,handle,ChromeMarrow,SRC_002182,2025-07-26T18:43:51Z,2025-09-01T18:43:51Z,0.3,duplicate_observation,
IDENT_002099,ACT_0018,handle,DriftTrace,SRC_001005,2024-06-16T18:40:31Z,2025-10-04T18:40:31Z,0.52,duplicate_observation,OBS_010186
IDENT_002100,ACT_0037,handle,VoidMoth,SRC_000889,2025-01-09T20:05:11Z,2025-07-20T20:05:11Z,0.63,duplicate_observation,
IDENT_002101,ACT_0042,handle,ObsidianWarden,SRC_002587,2025-05-25T00:56:31Z,2025-07-03T00:56:31Z,0.54,duplicate_observation,OBS_006896
IDENT_002102,ACT_0021,handle,StormWolf89,SRC_002886,2026-10-11T00:00:00Z,2026-09-01T00:00:00Z,0.13,duplicate_observation,OBS_006059
IDENT_002103,ACT_0056,handle,VoidCipher,SRC_002367,2026-10-21T00:00:00Z,2026-09-01T00:00:00Z,0.46,duplicate_observation,
IDENT_002104,ACT_0024,handle,VectorHarbor,SRC_002186,2026-11-05T00:00:00Z,2026-09-01T00:00:00Z,0.4,duplicate_observation,OBS_002246
IDENT_002105,ACT_0058,handle,PhantomDrift95,SRC_004879,2025-08-23T17:09:54Z,2025-11-08T17:09:54Z,0.7,duplicate_observation,
IDENT_002106,ACT_0022,handle,CrimsonVector47,SRC_002512,2024-03-26T11:56:59Z,2025-07-24T11:56:59Z,0.11,duplicate_observation,OBS_003040
IDENT_002107,ACT_0044,handle,GreyMoth,SRC_002742,2024-11-30T18:00:37Z,2026-02-09T18:00:37Z,0.49,duplicate_observation,
IDENT_002108,ACT_0043,handle,UmbraRoot,SRC_001351,2025-03-03T22:06:12Z,2026-04-23T22:06:12Z,0.1,duplicate_observation,OBS_010754
IDENT_002109,ACT_0006,handle,ShadowForge,SRC_004258,2024-03-08T08:56:39Z,2024-07-07T08:56:39Z,0.45,duplicate_observation,
IDENT_002110,ACT_0037,handle,AshMoth,SRC_002736,2024-09-23T20:05:11Z,2024-11-19T20:05:11Z,0.14,duplicate_observation,
IDENT_002111,ACT_0052,handle,IronRunner,SRC_001475,2025-08-03T08:12:20Z,2026-02-26T08:12:20Z,0.15,duplicate_observation,
IDENT_002112,ACT_0009,handle,CrimsonReaper,SRC_005214,2026-10-02T00:00:00Z,2026-09-01T00:00:00Z,0.16,duplicate_observation,
IDENT_002113,ACT_0052,handle,StormHollow,SRC_002941,2026-04-06T08:12:20Z,2026-09-01T00:00:00Z,0.21,duplicate_observation,
IDENT_002114,ACT_0009,handle,WraithHex25,SRC_001922,2026-10-04T00:00:00Z,2026-09-01T00:00:00Z,0.29,duplicate_observation,OBS_013721
IDENT_002115,ACT_0027,handle,CrimsonWolf,SRC_000999,2024-08-12T01:12:14Z,2025-10-24T01:12:14Z,0.7,duplicate_observation,OBS_003058
IDENT_002116,ACT_0015,handle,NullCipher,SRC_003695,2025-10-26T12:12:24Z,2026-09-01T00:00:00Z,0.45,duplicate_observation,OBS_001300
IDENT_002117,ACT_0015,handle,SilverLedger,SRC_001010,2026-10-20T00:00:00Z,2026-09-01T00:00:00Z,0.22,duplicate_observation,OBS_003465
IDENT_002118,ACT_0043,handle,CrimsonCrow,SRC_004444,2026-06-23T22:06:12Z,2026-09-01T00:00:00Z,0.25,duplicate_observation,OBS_009113
IDENT_002119,ACT_0027,handle,RuneWarden,SRC_005744,2024-04-29T01:12:14Z,2024-06-28T01:12:14Z,0.22,duplicate_observation,
IDENT_002120,ACT_0057,handle,DriftReaper,SRC_003096,2026-09-22T00:00:00Z,2026-09-01T00:00:00Z,0.7,duplicate_observation,OBS_002070
IDENT_002121,ACT_0021,handle,NullPulse,SRC_000420,2026-09-22T00:00:00Z,2026-09-01T00:00:00Z,0.21,duplicate_observation,OBS_004591
IDENT_002122,ACT_0014,handle,NightLedger,SRC_004158,2024-01-21T02:17:28Z,2024-11-08T02:17:28Z,0.1,duplicate_observation,OBS_006705
IDENT_002123,ACT_0016,handle,PhantomHollow,SRC_004576,2025-03-22T15:47:40Z,2025-09-04T15:47:40Z,0.53,duplicate_observation,OBS_001336
IDENT_002124,ACT_0016,handle,PhantomHollow,SRC_000404,2025-03-17T15:47:40Z,2025-09-01T15:47:40Z,0.13,duplicate_observation,OBS_007465
IDENT_002125,ACT_0051,handle,FrostSignal,SRC_000657,2026-10-19T00:00:00Z,2026-09-01T00:00:00Z,0.22,duplicate_observation,OBS_014119
IDENT_002126,ACT_0009,handle,WraithHex25,SRC_003224,2026-10-05T00:00:00Z,2026-09-01T00:00:00Z,0.26,duplicate_observation,OBS_009647
IDENT_002127,ACT_0052,handle,ZeroTrace,SRC_003142,2026-10-18T00:00:00Z,2026-09-01T00:00:00Z,0.7,duplicate_observation,
IDENT_002128,ACT_0026,handle,ZeroFox,SRC_002587,2026-11-08T00:00:00Z,2026-09-01T00:00:00Z,0.5,duplicate_observation,OBS_001927
IDENT_002129,ACT_0055,handle,HavocSentinel,SRC_005467,2024-08-02T04:37:32Z,2025-11-16T04:37:32Z,0.38,duplicate_observation,OBS_013192
IDENT_002130,ACT_0035,handle,RogueLedger,SRC_002020,2025-06-22T22:04:42Z,2026-09-01T00:00:00Z,0.34,duplicate_observation,OBS_009458
IDENT_002131,ACT_0036,handle,IronMarrow,SRC_003397,2026-10-28T00:00:00Z,2026-09-01T00:00:00Z,0.15,duplicate_observation,OBS_005669
IDENT_002132,ACT_0015,handle,SilverLedger,SRC_001311,2026-10-27T00:00:00Z,2026-09-01T00:00:00Z,0.11,duplicate_observation,OBS_003185
IDENT_002133,ACT_0010,handle,HavocSpire71,SRC_005271,2026-09-22T00:00:00Z,2026-09-01T00:00:00Z,0.18,duplicate_observation,OBS_008558
IDENT_002134,ACT_0025,handle,DarkMarrow,SRC_003925,2026-05-25T13:33:59Z,2026-09-01T00:00:00Z,0.5,duplicate_observation,
IDENT_002135,ACT_0040,handle,StormPulse,SRC_004248,2026-10-14T00:00:00Z,2026-09-01T00:00:00Z,0.53,duplicate_observation,OBS_013094
IDENT_002136,ACT_0038,handle,CrimsonLedger,SRC_000919,2025-11-12T11:07:27Z,2026-08-01T11:07:27Z,0.2,duplicate_observation,OBS_001030
IDENT_002137,ACT_0035,handle,StormDrift,SRC_001959,2026-10-16T00:00:00Z,2026-09-01T00:00:00Z,0.33,duplicate_observation,
IDENT_002138,ACT_0008,handle,SilentPulse,SRC_004621,2025-10-10T10:13:36Z,2026-08-28T10:13:36Z,0.34,duplicate_observation,OBS_010621
IDENT_002139,ACT_0047,handle,StormFox,SRC_001367,2024-08-12T22:38:20Z,2024-10-31T22:38:20Z,0.28,duplicate_observation,OBS_001950
IDENT_002140,ACT_0030,handle,CrimsonForge,SRC_001096,2024-06-20T21:36:22Z,2024-12-20T21:36:22Z,0.52,duplicate_observation,OBS_008111
IDENT_002141,ACT_0056,handle,TalonCipher,SRC_003840,2026-01-08T10:20:14Z,2026-03-31T10:20:14Z,0.33,duplicate_observation,
IDENT_002142,ACT_0050,handle,CipherForge,SRC_005165,2026-10-19T00:00:00Z,2026-09-01T00:00:00Z,0.11,duplicate_observation,OBS_014111
IDENT_002143,ACT_0056,handle,AshShade20,SRC_001370,2026-04-26T10:20:14Z,2026-09-01T00:00:00Z,0.47,duplicate_observation,
IDENT_002144,ACT_0002,handle,ShadowDrift,SRC_005152,2025-02-01T10:13:48Z,2025-02-28T10:13:48Z,0.41,duplicate_observation,OBS_009098
IDENT_002145,ACT_0050,handle,FrostReaper,SRC_005105,2026-07-09T02:56:43Z,2026-09-01T00:00:00Z,0.68,duplicate_observation,OBS_003712
IDENT_002146,ACT_0031,handle,WraithWarden,SRC_004264,2025-08-25T19:36:25Z,2026-03-14T19:36:25Z,0.32,duplicate_observation,OBS_004042
IDENT_002147,ACT_0030,handle,CrimsonForge,SRC_003212,2024-06-10T21:36:22Z,2024-12-06T21:36:22Z,0.55,duplicate_observation,
IDENT_002148,ACT_0031,handle,RogueReaper,SRC_005850,2026-04-01T19:36:25Z,2026-09-01T00:00:00Z,0.14,duplicate_observation,OBS_002405
IDENT_002149,ACT_0007,handle,IronWolf81,SRC_003386,2024-12-07T13:12:42Z,2025-02-11T13:12:42Z,0.32,duplicate_observation,
IDENT_002150,ACT_0046,handle,VectorSentinel,SRC_000330,2026-07-04T14:13:34Z,2026-09-01T00:00:00Z,0.59,duplicate_observation,
IDENT_002151,ACT_0020,handle,ChromeHarbor,SRC_002034,2025-07-14T15:43:16Z,2025-11-04T15:43:16Z,0.7,duplicate_observation,
IDENT_002152,ACT_0010,handle,HavocSpire71,SRC_004154,2026-09-23T00:00:00Z,2026-09-01T00:00:00Z,0.48,duplicate_observation,OBS_003748
IDENT_002153,ACT_0026,handle,ZeroFox,SRC_005676,2026-11-03T00:00:00Z,2026-09-01T00:00:00Z,0.24,duplicate_observation,
IDENT_002154,ACT_0057,handle,DriftReaper,SRC_000667,2026-10-01T00:00:00Z,2026-09-01T00:00:00Z,0.47,duplicate_observation,
IDENT_002155,ACT_0013,handle,VectorPulse,SRC_004863,2026-07-14T09:25:01Z,2026-09-01T00:00:00Z,0.34,duplicate_observation,OBS_010801
IDENT_002156,ACT_0010,handle,HavocSpire71,SRC_002617,2026-09-21T00:00:00Z,2026-09-01T00:00:00Z,0.42,duplicate_observation,OBS_005506
IDENT_002157,ACT_0038,handle,CrimsonLedger,SRC_003692,2025-11-19T11:07:27Z,2026-07-27T11:07:27Z,0.15,duplicate_observation,
IDENT_002158,ACT_0024,handle,OnyxEcho,SRC_002811,2026-10-26T00:47:04Z,2026-09-01T00:00:00Z,0.27,duplicate_observation,OBS_005256
IDENT_002159,ACT_0017,handle,UmbraSpire59,SRC_003702,2025-08-15T11:28:43Z,2026-08-05T11:28:43Z,0.54,duplicate_observation,
IDENT_002160,ACT_0014,handle,NightLedger,SRC_003800,2024-01-28T02:17:28Z,2024-11-07T02:17:28Z,0.24,duplicate_observation,
IDENT_002161,ACT_0028,handle,OnyxPulse,SRC_003455,2024-12-26T00:39:48Z,2025-05-16T00:39:48Z,0.5,duplicate_observation,OBS_004315
IDENT_002162,ACT_0010,handle,HavocSpire71,SRC_000748,2026-10-05T00:00:00Z,2026-09-01T00:00:00Z,0.31,duplicate_observation,
IDENT_002163,ACT_0018,handle,DriftTrace,SRC_000593,2024-06-21T18:40:31Z,2025-09-30T18:40:31Z,0.19,duplicate_observation,OBS_008869
IDENT_002164,ACT_0040,handle,ChromeShade,SRC_003352,2026-10-08T00:00:00Z,2026-09-01T00:00:00Z,0.22,duplicate_observation,OBS_011286
IDENT_002165,ACT_0021,handle,ShadowForge,SRC_003313,2026-08-05T20:32:16Z,2026-09-01T00:00:00Z,0.52,duplicate_observation,
IDENT_002166,ACT_0025,handle,GhostSentinel,SRC_003984,2026-11-04T00:00:00Z,2026-09-01T00:00:00Z,0.4,duplicate_observation,OBS_006680
IDENT_002167,ACT_0011,handle,StormMarrow12,SRC_002862,2026-05-02T12:53:27Z,2026-09-01T00:00:00Z,0.41,duplicate_observation,OBS_008653
IDENT_002168,ACT_0043,handle,UmbraRoot,SRC_002020,2025-03-02T22:06:12Z,2026-04-30T22:06:12Z,0.49,duplicate_observation,
IDENT_002169,ACT_0026,handle,BlackDrift,SRC_004797,2026-02-27T18:43:51Z,2026-09-01T00:00:00Z,0.52,duplicate_observation,OBS_002075
IDENT_002170,ACT_0056,handle,AshShade20,SRC_005231,2026-04-27T10:20:14Z,2026-09-01T00:00:00Z,0.32,duplicate_observation,OBS_001967
IDENT_002171,ACT_0020,handle,NightCipher,SRC_004426,2026-10-29T00:00:00Z,2026-09-01T00:00:00Z,0.13,duplicate_observation,OBS_009755
IDENT_002172,ACT_0046,handle,ObsidianFalcon,SRC_003314,2025-09-16T14:13:34Z,2026-01-28T14:13:34Z,0.31,duplicate_observation,OBS_003446
IDENT_002173,ACT_0024,handle,VectorHarbor,SRC_004869,2026-10-23T00:00:00Z,2026-09-01T00:00:00Z,0.2,duplicate_observation,
IDENT_002174,ACT_0031,handle,WraithWarden,SRC_002390,2025-08-28T19:36:25Z,2026-03-18T19:36:25Z,0.25,duplicate_observation,
IDENT_002175,ACT_0007,handle,GhostForge71,SRC_001329,2024-06-11T13:12:42Z,2024-10-21T13:12:42Z,0.27,duplicate_observation,
IDENT_002176,ACT_0056,handle,NightCrow,SRC_000990,2025-04-16T10:20:14Z,2026-01-10T10:20:14Z,0.7,duplicate_observation,
IDENT_002177,ACT_0047,handle,AshForge54,SRC_005801,2024-12-02T22:38:20Z,2026-02-17T22:38:20Z,0.14,duplicate_observation,OBS_003598
IDENT_002178,ACT_0009,handle,BlackHarbor,SRC_000420,2026-08-02T04:53:06Z,2026-09-01T00:00:00Z,0.56,duplicate_observation,OBS_009647
IDENT_002179,ACT_0058,handle,DarkSignal,SRC_004731,2025-12-29T17:09:54Z,2026-09-01T00:00:00Z,0.11,duplicate_observation,OBS_012572
IDENT_002180,ACT_0044,handle,SilentNode,SRC_004096,2026-09-22T18:00:37Z,2026-09-01T00:00:00Z,0.46,duplicate_observation,
IDENT_002181,ACT_0054,handle,ShadowGrid,SRC_001115,2026-10-01T00:00:00Z,2026-09-01T00:00:00Z,0.15,duplicate_observation,OBS_009020
IDENT_002182,ACT_0045,handle,UmbraMarrow,SRC_000501,2025-05-09T07:17:31Z,2025-11-10T07:17:31Z,0.29,duplicate_observation,OBS_007066
IDENT_002183,ACT_0006,handle,ForgeVector,SRC_004046,2024-08-15T08:56:39Z,2025-08-14T08:56:39Z,0.66,duplicate_observation,OBS_000711
IDENT_002184,ACT_0003,handle,GreyRoot,SRC_001169,2024-08-21T18:21:03Z,2025-11-02T18:21:03Z,0.41,duplicate_observation,
IDENT_002185,ACT_0001,handle,SilentTrace,SRC_003886,2024-02-21T20:28:06Z,2024-12-25T20:28:06Z,0.19,duplicate_observation,
IDENT_002186,ACT_0056,handle,VoidNode,SRC_003719,2024-08-29T10:20:14Z,2025-04-02T10:20:14Z,0.33,duplicate_observation,OBS_002735
IDENT_002187,ACT_0042,handle,CipherFalcon,SRC_002430,2025-11-08T00:56:31Z,2026-07-19T00:56:31Z,0.44,duplicate_observation,OBS_008403
IDENT_002188,ACT_0017,handle,UmbraSpire59,SRC_000014,2025-08-27T11:28:43Z,2026-08-07T11:28:43Z,0.1,duplicate_observation,OBS_007983
IDENT_002189,ACT_0040,handle,FrostWolf,SRC_004877,2025-06-03T18:08:11Z,2025-11-17T18:08:11Z,0.19,duplicate_observation,OBS_005701
IDENT_002190,ACT_0011,handle,IronSpecter,SRC_000660,2026-11-14T00:00:00Z,2026-09-01T00:00:00Z,0.1,duplicate_observation,
IDENT_002191,ACT_0040,handle,FrostWolf,SRC_001973,2025-06-03T18:08:11Z,2025-11-27T18:08:11Z,0.32,duplicate_observation,
IDENT_002192,ACT_0058,handle,DarkSignal,SRC_003661,2025-12-29T17:09:54Z,2026-09-01T00:00:00Z,0.39,duplicate_observation,OBS_014166
IDENT_002193,ACT_0005,handle,SilentVector,SRC_005055,2026-07-08T07:09:23Z,2026-09-01T00:00:00Z,0.37,duplicate_observation,
IDENT_002194,ACT_0029,handle,GhostShade,SRC_005713,2024-05-15T22:51:37Z,2025-04-21T22:51:37Z,0.49,duplicate_observation,
IDENT_002195,ACT_0024,handle,WraithSpire,SRC_000529,2025-08-22T00:47:04Z,2026-09-01T00:00:00Z,0.17,duplicate_observation,OBS_007199
IDENT_002196,ACT_0051,handle,SilverGrid,SRC_004674,2026-11-15T00:00:00Z,2026-09-01T00:00:00Z,0.31,duplicate_observation,OBS_008902
IDENT_002197,ACT_0020,handle,ZeroOrbit,SRC_005581,2026-03-15T15:43:16Z,2026-09-01T00:00:00Z,0.24,duplicate_observation,OBS_013393
IDENT_002198,ACT_0025,handle,ChromeOrbit,SRC_005408,2026-09-17T00:00:00Z,2026-09-01T00:00:00Z,0.27,duplicate_observation,OBS_006971
IDENT_002199,ACT_0008,handle,IronCrow,SRC_002968,2025-04-23T10:13:36Z,2025-08-31T10:13:36Z,0.1,duplicate_observation,OBS_011462
IDENT_002200,ACT_0056,handle,AshShade20,SRC_004404,2026-05-09T10:20:14Z,2026-09-01T00:00:00Z,0.14,duplicate_observation,OBS_012825
IDENT_002201,ACT_0049,handle,EmberSignal,SRC_002618,2026-06-10T01:19:15Z,2026-09-01T00:00:00Z,0.12,duplicate_observation,OBS_001172
IDENT_002202,ACT_0048,handle,CrimsonTrace,SRC_002960,2024-08-17T21:47:44Z,2025-11-12T21:47:44Z,0.67,duplicate_observation,
IDENT_002203,ACT_0010,handle,HavocSpire71,SRC_003912,2026-09-25T00:00:00Z,2026-09-01T00:00:00Z,0.13,duplicate_observation,OBS_007350
IDENT_002204,ACT_0018,handle,DriftTrace,SRC_002147,2024-06-22T18:40:31Z,2025-09-30T18:40:31Z,0.53,duplicate_observation,
IDENT_002205,ACT_0035,handle,RogueLedger,SRC_002448,2025-07-01T22:04:42Z,2026-09-01T00:00:00Z,0.64,duplicate_observation,OBS_013674
IDENT_002206,ACT_0015,handle,NullCipher,SRC_005842,2025-10-19T12:12:24Z,2026-09-01T00:00:00Z,0.27,duplicate_observation,OBS_005002
IDENT_002207,ACT_0034,handle,DarkVector32,SRC_001632,2024-12-06T10:59:17Z,2025-09-02T10:59:17Z,0.39,duplicate_observation,OBS_009586
IDENT_002208,ACT_0045,handle,UmbraMarrow,SRC_005117,2025-04-30T07:17:31Z,2025-11-08T07:17:31Z,0.47,duplicate_observation,OBS_011330
IDENT_002209,ACT_0044,handle,GreyMoth,SRC_002784,2024-12-03T18:00:37Z,2026-02-12T18:00:37Z,0.63,duplicate_observation,
IDENT_002210,ACT_0055,handle,HavocSentinel,SRC_003053,2024-08-06T04:37:32Z,2025-11-21T04:37:32Z,0.36,duplicate_observation,
IDENT_002211,ACT_0031,handle,WraithWarden,SRC_002076,2025-08-31T19:36:25Z,2026-03-11T19:36:25Z,0.27,duplicate_observation,OBS_007538
IDENT_002212,ACT_0044,handle,NightSentinel32,SRC_002889,2026-03-12T18:00:37Z,2026-08-06T18:00:37Z,0.25,duplicate_observation,
IDENT_002213,ACT_0020,handle,EmberNode,SRC_004901,2026-09-29T00:00:00Z,2026-09-01T00:00:00Z,0.28,duplicate_observation,OBS_012124
IDENT_002214,ACT_0023,handle,GreySentinel,SRC_005155,2026-09-26T00:00:00Z,2026-09-01T00:00:00Z,0.62,duplicate_observation,
IDENT_002215,ACT_0045,handle,UmbraMarrow,SRC_001277,2025-05-06T07:17:31Z,2025-11-10T07:17:31Z,0.1,duplicate_observation,OBS_004340
IDENT_002216,ACT_0051,handle,FrostSignal,SRC_004797,2026-10-03T00:00:00Z,2026-09-01T00:00:00Z,0.22,duplicate_observation,OBS_004218
IDENT_002217,ACT_0051,handle,FrostSignal,SRC_000205,2026-10-07T00:00:00Z,2026-09-01T00:00:00Z,0.12,duplicate_observation,
IDENT_002218,ACT_0033,handle,TalonSentinel,SRC_002159,2025-08-09T01:20:48Z,2026-02-15T01:20:48Z,0.12,duplicate_observation,
IDENT_002219,ACT_0020,handle,EmberNode,SRC_003607,2026-09-25T00:00:00Z,2026-09-01T00:00:00Z,0.25,duplicate_observation,OBS_011175
IDENT_002220,ACT_0040,handle,ObsidianHex,SRC_000492,2026-01-09T18:08:11Z,2026-09-01T00:00:00Z,0.35,duplicate_observation,
IDENT_002221,ACT_0011,handle,StormMarrow12,SRC_005746,2026-05-10T12:53:27Z,2026-09-01T00:00:00Z,0.1,duplicate_observation,OBS_007258
IDENT_002222,ACT_0024,handle,VectorHarbor,SRC_002102,2026-11-02T00:00:00Z,2026-09-01T00:00:00Z,0.42,duplicate_observation,
IDENT_002223,ACT_0035,handle,RogueLedger,SRC_001793,2025-06-25T22:04:42Z,2026-09-01T00:00:00Z,0.49,duplicate_observation,
IDENT_002224,ACT_0020,handle,ZeroOrbit,SRC_005677,2026-03-28T15:43:16Z,2026-09-01T00:00:00Z,0.55,duplicate_observation,OBS_011653
IDENT_002225,ACT_0053,handle,OnyxFang,SRC_005080,2025-03-06T21:22:52Z,2026-03-10T21:22:52Z,0.27,duplicate_observation,OBS_004482
IDENT_002226,ACT_0058,handle,PhantomDrift95,SRC_000427,2025-08-31T17:09:54Z,2025-11-16T17:09:54Z,0.14,duplicate_observation,
IDENT_002227,ACT_0057,handle,CrimsonDrift,SRC_004131,2025-10-21T19:15:51Z,2026-09-01T00:00:00Z,0.21,duplicate_observation,
IDENT_002228,ACT_0012,handle,ObsidianRoot49,SRC_001854,2024-12-14T10:37:19Z,2025-01-14T10:37:19Z,0.37,duplicate_observation,OBS_008781
IDENT_002229,ACT_0057,handle,CrimsonDrift,SRC_001655,2025-11-05T19:15:51Z,2026-09-01T00:00:00Z,0.16,duplicate_observation,OBS_007196
IDENT_002230,ACT_0044,handle,GreyMoth,SRC_004805,2024-12-12T18:00:37Z,2026-02-01T18:00:37Z,0.5,duplicate_observation,OBS_004617
IDENT_002231,ACT_0006,handle,ShadowForge,SRC_002365,2024-02-22T08:56:39Z,2024-07-14T08:56:39Z,0.23,duplicate_observation,
IDENT_002232,ACT_0012,handle,ObsidianRoot49,SRC_000260,2024-12-14T10:37:19Z,2025-01-21T10:37:19Z,0.51,duplicate_observation,
IDENT_002233,ACT_0009,handle,AshSignal52,SRC_001030,2026-10-15T00:00:00Z,2026-09-01T00:00:00Z,0.37,duplicate_observation,OBS_005909
IDENT_002234,ACT_0042,handle,ObsidianWarden,SRC_001009,2025-05-19T00:56:31Z,2025-07-02T00:56:31Z,0.35,duplicate_observation,
IDENT_002235,ACT_0045,handle,VectorCrow,SRC_002124,2024-11-29T07:17:31Z,2025-04-08T07:17:31Z,0.26,duplicate_observation,OBS_007510
IDENT_002236,ACT_0040,handle,ObsidianHex,SRC_005640,2026-01-12T18:08:11Z,2026-09-01T00:00:00Z,0.54,duplicate_observation,OBS_013286
IDENT_002237,ACT_0029,handle,GhostShade,SRC_005740,2024-05-04T22:51:37Z,2025-04-20T22:51:37Z,0.1,duplicate_observation,OBS_007686
IDENT_002238,ACT_0056,handle,VoidCipher,SRC_005033,2026-10-08T00:00:00Z,2026-09-01T00:00:00Z,0.18,duplicate_observation,
IDENT_002239,ACT_0036,handle,OnyxHex,SRC_002335,2026-09-30T00:00:00Z,2026-09-01T00:00:00Z,0.38,duplicate_observation,
IDENT_002240,ACT_0031,handle,RogueReaper,SRC_005479,2026-04-20T19:36:25Z,2026-09-01T00:00:00Z,0.23,duplicate_observation,
IDENT_002241,ACT_0032,handle,RuneEcho,SRC_003319,2025-07-28T17:55:46Z,2026-07-30T17:55:46Z,0.1,duplicate_observation,OBS_009592
IDENT_002242,ACT_0035,handle,StormDrift,SRC_002048,2026-10-09T00:00:00Z,2026-09-01T00:00:00Z,0.28,duplicate_observation,OBS_010770
IDENT_002243,ACT_0052,handle,ZeroTrace,SRC_001774,2026-10-20T00:00:00Z,2026-09-01T00:00:00Z,0.41,duplicate_observation,
IDENT_002244,ACT_0024,handle,WraithSpire,SRC_003635,2025-08-23T00:47:04Z,2026-08-22T00:47:04Z,0.31,duplicate_observation,
IDENT_002245,ACT_0051,handle,FrostSignal,SRC_004998,2026-10-10T00:00:00Z,2026-09-01T00:00:00Z,0.7,duplicate_observation,OBS_010079
IDENT_002246,ACT_0021,handle,StormWolf89,SRC_001121,2026-10-05T00:00:00Z,2026-09-01T00:00:00Z,0.34,duplicate_observation,
IDENT_002247,ACT_0039,handle,UmbraWarden,SRC_003771,2026-05-29T04:35:29Z,2026-07-09T04:35:29Z,0.27,duplicate_observation,
IDENT_002248,ACT_0031,handle,WraithWarden,SRC_001686,2025-08-25T19:36:25Z,2026-03-02T19:36:25Z,0.45,duplicate_observation,OBS_000687
IDENT_002249,ACT_0020,handle,NightCipher,SRC_003516,2026-11-10T00:00:00Z,2026-09-01T00:00:00Z,0.13,duplicate_observation,
IDENT_002250,ACT_0030,handle,CrimsonForge,SRC_000755,2024-06-15T21:36:22Z,2024-12-05T21:36:22Z,0.25,duplicate_observation,
IDENT_002251,ACT_0052,handle,ZeroTrace,SRC_003703,2026-10-14T00:00:00Z,2026-09-01T00:00:00Z,0.23,duplicate_observation,
IDENT_002252,ACT_0017,handle,BlackCipher,SRC_005647,2026-09-17T11:28:43Z,2026-09-01T00:00:00Z,0.13,duplicate_observation,OBS_001750
IDENT_002253,ACT_0038,handle,CrimsonLedger,SRC_003842,2025-11-17T11:07:27Z,2026-07-24T11:07:27Z,0.21,duplicate_observation,
IDENT_002254,ACT_0015,handle,SilverLedger,SRC_003984,2026-10-15T00:00:00Z,2026-09-01T00:00:00Z,0.11,duplicate_observation,OBS_003185
IDENT_002255,ACT_0005,handle,CipherHollow,SRC_001826,2026-09-19T00:00:00Z,2026-09-01T00:00:00Z,0.14,duplicate_observation,
IDENT_002256,ACT_0025,handle,ChromeOrbit,SRC_000552,2026-09-12T00:00:00Z,2026-09-01T00:00:00Z,0.15,duplicate_observation,OBS_005469
IDENT_002257,ACT_0056,handle,AshShade20,SRC_003582,2026-05-01T10:20:14Z,2026-09-01T00:00:00Z,0.35,duplicate_observation,
IDENT_002258,ACT_0006,handle,RogueRoot,SRC_003747,2025-09-16T08:56:39Z,2025-12-19T08:56:39Z,0.35,duplicate_observation,
IDENT_002259,ACT_0023,handle,NullEcho,SRC_001647,2026-11-14T00:00:00Z,2026-09-01T00:00:00Z,0.36,duplicate_observation,
IDENT_002260,ACT_0020,handle,BlackRoot71,SRC_004431,2025-11-19T15:43:16Z,2026-03-04T15:43:16Z,0.51,duplicate_observation,OBS_000642
IDENT_002261,ACT_0050,handle,FrostReaper,SRC_004310,2026-06-30T02:56:43Z,2026-09-01T00:00:00Z,0.29,duplicate_observation,
IDENT_002262,ACT_0055,handle,StormRunner,SRC_002403,2024-03-23T04:37:32Z,2024-06-17T04:37:32Z,0.7,duplicate_observation,
IDENT_002263,ACT_0009,handle,AshSignal52,SRC_005844,2026-11-01T00:00:00Z,2026-09-01T00:00:00Z,0.4,duplicate_observation,OBS_010945
IDENT_002264,ACT_0040,handle,StormPulse,SRC_000393,2026-09-30T00:00:00Z,2026-09-01T00:00:00Z,0.35,duplicate_observation,
IDENT_002265,ACT_0024,handle,VectorHarbor,SRC_003588,2026-11-09T00:00:00Z,2026-09-01T00:00:00Z,0.14,duplicate_observation,
IDENT_002266,ACT_0057,handle,DriftReaper,SRC_000438,2026-09-27T00:00:00Z,2026-09-01T00:00:00Z,0.43,duplicate_observation,OBS_009906
IDENT_002267,ACT_0010,handle,SilentFox,SRC_001812,2026-06-04T20:43:57Z,2026-09-01T00:00:00Z,0.15,duplicate_observation,
IDENT_002268,ACT_0055,handle,HavocSentinel,SRC_003015,2024-08-03T04:37:32Z,2025-11-22T04:37:32Z,0.45,duplicate_observation,OBS_003837
IDENT_002269,ACT_0015,handle,SilverLedger,SRC_004016,2026-10-17T00:00:00Z,2026-09-01T00:00:00Z,0.24,duplicate_observation,OBS_009971
IDENT_002270,ACT_0054,handle,ShadowGrid,SRC_001540,2026-09-25T00:00:00Z,2026-09-01T00:00:00Z,0.68,duplicate_observation,OBS_007556
IDENT_002271,ACT_0041,handle,RogueSpire80,SRC_003436,2024-12-25T19:31:51Z,2025-10-26T19:31:51Z,0.17,duplicate_observation,
IDENT_002272,ACT_0025,handle,TalonEcho,SRC_001332,2026-09-29T00:00:00Z,2026-09-01T00:00:00Z,0.57,duplicate_observation,OBS_012239
IDENT_002273,ACT_0003,handle,IronLedger,SRC_002627,2025-11-12T18:21:03Z,2026-09-01T00:00:00Z,0.1,duplicate_observation,OBS_010739
IDENT_002274,ACT_0029,handle,ChromeHex39,SRC_000872,2025-05-28T22:51:37Z,2026-03-08T22:51:37Z,0.55,duplicate_observation,
IDENT_002275,ACT_0047,handle,AshForge54,SRC_002758,2024-11-16T22:38:20Z,2026-02-09T22:38:20Z,0.41,duplicate_observation,OBS_006186
IDENT_002276,ACT_0003,handle,IronLedger,SRC_004174,2025-11-14T18:21:03Z,2026-09-01T00:00:00Z,0.1,duplicate_observation,OBS_006003
IDENT_002277,ACT_0008,handle,RuneLedger,SRC_000868,2025-01-01T10:13:36Z,2025-03-11T10:13:36Z,0.34,duplicate_observation,OBS_011267
IDENT_002278,ACT_0008,handle,FrostMoth,SRC_003014,2026-09-29T10:13:36Z,2026-09-01T00:00:00Z,0.1,duplicate_observation,OBS_009059
IDENT_002279,ACT_0044,handle,NightSentinel32,SRC_005341,2026-03-24T18:00:37Z,2026-07-25T18:00:37Z,0.41,duplicate_observation,
IDENT_002280,ACT_0045,handle,UmbraMarrow,SRC_004003,2025-05-18T07:17:31Z,2025-11-08T07:17:31Z,0.38,duplicate_observation,OBS_012966
IDENT_002281,ACT_0006,handle,ForgeVector,SRC_002418,2024-08-22T08:56:39Z,2025-08-25T08:56:39Z,0.15,duplicate_observation,
IDENT_002282,ACT_0006,handle,ForgeVector,SRC_000801,2024-08-21T08:56:39Z,2025-08-18T08:56:39Z,0.38,duplicate_observation,OBS_000228
IDENT_002283,ACT_0030,handle,CrimsonForge,SRC_000362,2024-06-09T21:36:22Z,2024-12-20T21:36:22Z,0.55,duplicate_observation,
IDENT_002284,ACT_0042,handle,ObsidianWarden,SRC_002954,2025-05-18T00:56:31Z,2025-06-26T00:56:31Z,0.45,duplicate_observation,OBS_012450
IDENT_002285,ACT_0019,handle,VoidDrift,SRC_005362,2025-08-25T04:42:59Z,2026-09-01T00:00:00Z,0.3,duplicate_observation,OBS_007561
IDENT_002286,ACT_0013,handle,VectorPulse,SRC_000340,2026-07-11T09:25:01Z,2026-09-01T00:00:00Z,0.29,duplicate_observation,OBS_004646
IDENT_002287,ACT_0043,handle,UmbraRoot,SRC_005200,2025-03-04T22:06:12Z,2026-04-22T22:06:12Z,0.37,duplicate_observation,
IDENT_002288,ACT_0004,handle,OnyxNode,SRC_001370,2026-04-28T04:44:17Z,2026-09-01T00:00:00Z,0.64,duplicate_observation,OBS_011955
IDENT_002289,ACT_0036,handle,TalonSpire,SRC_005805,2026-04-28T18:10:40Z,2026-09-01T00:00:00Z,0.7,duplicate_observation,
IDENT_002290,ACT_0037,handle,VoidMoth,SRC_001370,2025-01-14T20:05:11Z,2025-08-04T20:05:11Z,0.49,duplicate_observation,OBS_003854
IDENT_002291,ACT_0006,handle,ShadowForge,SRC_003332,2024-03-03T08:56:39Z,2024-07-03T08:56:39Z,0.23,duplicate_observation,OBS_010494
IDENT_002292,ACT_0044,handle,SilentNode,SRC_000675,2026-09-25T18:00:37Z,2026-09-01T00:00:00Z,0.23,duplicate_observation,OBS_001762
IDENT_002293,ACT_0043,handle,CrimsonCrow,SRC_002895,2026-06-09T22:06:12Z,2026-09-01T00:00:00Z,0.61,duplicate_observation,OBS_013754
IDENT_002294,ACT_0035,handle,RogueLedger,SRC_003129,2025-06-30T22:04:42Z,2026-09-01T00:00:00Z,0.35,duplicate_observation,
IDENT_002295,ACT_0018,handle,DriftTrace,SRC_002118,2024-06-18T18:40:31Z,2025-10-13T18:40:31Z,0.7,duplicate_observation,OBS_008797
IDENT_002296,ACT_0045,handle,VectorCrow,SRC_003415,2024-12-04T07:17:31Z,2025-04-03T07:17:31Z,0.24,duplicate_observation,OBS_006365
IDENT_002297,ACT_0029,handle,GhostShade,SRC_001402,2024-05-03T22:51:37Z,2025-04-23T22:51:37Z,0.33,duplicate_observation,
IDENT_002298,ACT_0011,handle,StormMarrow12,SRC_000713,2026-04-29T12:53:27Z,2026-09-01T00:00:00Z,0.25,duplicate_observation,
IDENT_002299,ACT_0024,handle,OnyxEcho,SRC_003364,2026-10-21T00:47:04Z,2026-09-01T00:00:00Z,0.39,duplicate_observation,
IDENT_002300,ACT_0007,handle,GhostForge71,SRC_003541,2024-06-06T13:12:42Z,2024-11-03T13:12:42Z,0.54,duplicate_observation,OBS_009602
IDENT_002301,ACT_0011,handle,IronSpecter,SRC_003606,2026-10-27T00:00:00Z,2026-09-01T00:00:00Z,0.26,duplicate_observation,
IDENT_002302,ACT_0038,handle,VectorVector,SRC_000988,2025-08-23T11:07:27Z,2025-10-27T11:07:27Z,0.17,duplicate_observation,OBS_010479
IDENT_002303,ACT_0017,handle,BlackCipher,SRC_001291,2026-09-08T11:28:43Z,2026-09-01T00:00:00Z,0.37,duplicate_observation,
IDENT_002304,ACT_0017,handle,BlackCipher,SRC_003317,2026-09-06T11:28:43Z,2026-09-01T00:00:00Z,0.24,duplicate_observation,
IDENT_002305,ACT_0053,handle,IronHarbor,SRC_005837,2024-08-08T21:22:52Z,2025-02-21T21:22:52Z,0.35,duplicate_observation,
IDENT_002306,ACT_0025,handle,GhostSentinel,SRC_000968,2026-11-07T00:00:00Z,2026-09-01T00:00:00Z,0.31,duplicate_observation,
IDENT_002307,ACT_0040,handle,StormPulse,SRC_003413,2026-10-16T00:00:00Z,2026-09-01T00:00:00Z,0.7,duplicate_observation,OBS_013723
IDENT_002308,ACT_0027,handle,RuneWarden,SRC_002190,2024-04-27T01:12:14Z,2024-06-14T01:12:14Z,0.15,duplicate_observation,
IDENT_002309,ACT_0024,handle,OnyxEcho,SRC_000811,2026-10-23T00:47:04Z,2026-09-01T00:00:00Z,0.5,duplicate_observation,OBS_004286
IDENT_002310,ACT_0050,handle,FrostReaper,SRC_005420,2026-07-09T02:56:43Z,2026-09-01T00:00:00Z,0.6,duplicate_observation,
IDENT_002311,ACT_0026,handle,BlackDrift,SRC_004636,2026-02-28T18:43:51Z,2026-09-01T00:00:00Z,0.1,duplicate_observation,
IDENT_002312,ACT_0041,handle,RogueSpire80,SRC_001322,2024-12-28T19:31:51Z,2025-10-30T19:31:51Z,0.7,duplicate_observation,
IDENT_002313,ACT_0021,handle,ShadowForge,SRC_005524,2026-07-26T20:32:16Z,2026-09-01T00:00:00Z,0.35,duplicate_observation,
IDENT_002314,ACT_0035,handle,StormDrift,SRC_003441,2026-10-09T00:00:00Z,2026-09-01T00:00:00Z,0.1,duplicate_observation,OBS_012944
IDENT_002315,ACT_0038,handle,VectorVector,SRC_003683,2025-08-12T11:07:27Z,2025-10-22T11:07:27Z,0.38,duplicate_observation,OBS_009821
IDENT_002316,ACT_0029,handle,ChromeHex39,SRC_002461,2025-05-12T22:51:37Z,2026-02-23T22:51:37Z,0.32,duplicate_observation,
IDENT_002317,ACT_0025,handle,TalonEcho,SRC_003787,2026-10-07T00:00:00Z,2026-09-01T00:00:00Z,0.17,duplicate_observation,
IDENT_002318,ACT_0019,handle,VoidDrift,SRC_000216,2025-08-23T04:42:59Z,2026-09-01T00:00:00Z,0.19,duplicate_observation,OBS_006398
IDENT_002319,ACT_0013,handle,VectorNode,SRC_003653,2026-10-20T00:00:00Z,2026-09-01T00:00:00Z,0.25,duplicate_observation,
IDENT_002320,ACT_0001,handle,SilentTrace,SRC_002534,2024-02-20T20:28:06Z,2024-12-23T20:28:06Z,0.34,duplicate_observation,OBS_004030
IDENT_002321,ACT_0025,handle,TalonEcho,SRC_001178,2026-10-08T00:00:00Z,2026-09-01T00:00:00Z,0.2,duplicate_observation,
IDENT_002322,ACT_0051,handle,FrostSignal,SRC_003140,2026-10-19T00:00:00Z,2026-09-01T00:00:00Z,0.69,duplicate_observation,OBS_012035
IDENT_002323,ACT_0018,handle,GreyRunner,SRC_000758,2025-10-17T18:40:31Z,2026-09-01T00:00:00Z,0.33,duplicate_observation,
IDENT_002324,ACT_0018,handle,GreyRunner,SRC_003062,2025-10-17T18:40:31Z,2026-09-01T00:00:00Z,0.3,duplicate_observation,
IDENT_002325,ACT_0056,handle,AshShade20,SRC_002149,2026-04-22T10:20:14Z,2026-09-01T00:00:00Z,0.45,duplicate_observation,
IDENT_002326,ACT_0030,handle,CrimsonForge,SRC_004636,2024-06-21T21:36:22Z,2024-12-20T21:36:22Z,0.45,duplicate_observation,OBS_009278
IDENT_002327,ACT_0023,handle,NullEcho,SRC_003015,2026-11-15T00:00:00Z,2026-09-01T00:00:00Z,0.45,duplicate_observation,OBS_006260
IDENT_002328,ACT_0016,handle,ChromeGrid,SRC_001405,2025-09-05T15:47:40Z,2026-02-21T15:47:40Z,0.64,duplicate_observation,OBS_010863
IDENT_002329,ACT_0020,handle,ChromeHarbor,SRC_000679,2025-07-23T15:43:16Z,2025-11-05T15:43:16Z,0.22,duplicate_observation,
IDENT_002330,ACT_0008,handle,RuneLedger,SRC_000753,2025-01-01T10:13:36Z,2025-03-11T10:13:36Z,0.13,duplicate_observation,
IDENT_002331,ACT_0014,handle,HavocHollow,SRC_002132,2025-01-04T02:17:28Z,2025-10-26T02:17:28Z,0.11,duplicate_observation,OBS_006868
IDENT_002332,ACT_0012,handle,ObsidianRoot49,SRC_001798,2024-12-19T10:37:19Z,2025-01-25T10:37:19Z,0.1,duplicate_observation,OBS_012506
IDENT_002333,ACT_0027,handle,CrimsonWolf,SRC_002453,2024-08-05T01:12:14Z,2025-10-27T01:12:14Z,0.52,duplicate_observation,
IDENT_002334,ACT_0009,handle,WraithHex25,SRC_003293,2026-10-12T00:00:00Z,2026-09-01T00:00:00Z,0.25,duplicate_observation,OBS_011078
IDENT_002335,ACT_0054,handle,ShadowGrid,SRC_003119,2026-09-28T00:00:00Z,2026-09-01T00:00:00Z,0.1,duplicate_observation,
IDENT_002336,ACT_0016,handle,ChromeGrid,SRC_001511,2025-08-31T15:47:40Z,2026-02-20T15:47:40Z,0.53,duplicate_observation,
IDENT_002337,ACT_0037,handle,VoidMoth,SRC_003723,2025-01-16T20:05:11Z,2025-08-01T20:05:11Z,0.16,duplicate_observation,
IDENT_002338,ACT_0054,handle,UmbraHollow,SRC_005017,2026-02-06T15:36:14Z,2026-05-11T15:36:14Z,0.46,duplicate_observation,OBS_004866
IDENT_002339,ACT_0023,handle,GreySentinel,SRC_003235,2026-09-11T00:00:00Z,2026-09-01T00:00:00Z,0.62,duplicate_observation,OBS_008102
IDENT_002340,ACT_0035,handle,BlackReaper60,SRC_001003,2026-10-31T00:00:00Z,2026-09-01T00:00:00Z,0.35,duplicate_observation,
IDENT_002341,ACT_0015,handle,SilverLedger,SRC_002968,2026-10-19T00:00:00Z,2026-09-01T00:00:00Z,0.41,duplicate_observation,OBS_012092
IDENT_002342,ACT_0009,handle,CrimsonReaper,SRC_002097,2026-10-06T00:00:00Z,2026-09-01T00:00:00Z,0.17,duplicate_observation,OBS_003867
IDENT_002343,ACT_0017,handle,ChromeSignal,SRC_000462,2024-12-17T11:28:43Z,2025-06-14T11:28:43Z,0.19,duplicate_observation,
IDENT_002344,ACT_0009,handle,BlackHarbor,SRC_002454,2026-08-06T04:53:06Z,2026-09-01T00:00:00Z,0.54,duplicate_observation,OBS_005698
IDENT_002345,ACT_0018,handle,GreyRunner,SRC_002897,2025-10-19T18:40:31Z,2026-09-01T00:00:00Z,0.22,duplicate_observation,OBS_007492
IDENT_002346,ACT_0029,handle,ChromeHex39,SRC_001106,2025-05-17T22:51:37Z,2026-02-28T22:51:37Z,0.1,duplicate_observation,
IDENT_002347,ACT_0008,handle,RuneLedger,SRC_003308,2024-12-29T10:13:36Z,2025-03-05T10:13:36Z,0.49,duplicate_observation,
IDENT_002348,ACT_0034,handle,ObsidianMoth89,SRC_004320,2026-10-20T00:00:00Z,2026-09-01T00:00:00Z,0.7,duplicate_observation,
IDENT_002349,ACT_0018,handle,DriftTrace,SRC_004203,2024-06-11T18:40:31Z,2025-10-09T18:40:31Z,0.1,duplicate_observation,OBS_012963
IDENT_002350,ACT_0009,handle,AshSignal52,SRC_004793,2026-11-04T00:00:00Z,2026-09-01T00:00:00Z,0.4,duplicate_observation,
IDENT_002351,ACT_0059,handle,FrostRunner37,SRC_005511,2026-10-12T00:00:00Z,2026-09-01T00:00:00Z,0.22,duplicate_observation,
IDENT_002352,ACT_0057,handle,DriftReaper,SRC_002528,2026-10-04T00:00:00Z,2026-09-01T00:00:00Z,0.7,duplicate_observation,
IDENT_002353,ACT_0059,handle,VectorHex,SRC_002873,2026-10-09T00:00:00Z,2026-09-01T00:00:00Z,0.22,duplicate_observation,OBS_003549
IDENT_002354,ACT_0054,handle,DarkRunner,SRC_004277,2026-06-29T15:36:14Z,2026-09-01T00:00:00Z,0.42,duplicate_observation,
IDENT_002355,ACT_0026,handle,RuneCrow,SRC_002719,2025-09-20T18:43:51Z,2026-02-19T18:43:51Z,0.26,duplicate_observation,OBS_000700
IDENT_002356,ACT_0009,handle,AshSignal52,SRC_003196,2026-10-15T00:00:00Z,2026-09-01T00:00:00Z,0.18,duplicate_observation,
IDENT_002357,ACT_0034,handle,DarkVector32,SRC_004007,2024-12-01T10:59:17Z,2025-08-29T10:59:17Z,0.35,duplicate_observation,OBS_008962
IDENT_002358,ACT_0028,handle,OnyxPulse,SRC_000814,2025-01-05T00:39:48Z,2025-05-09T00:39:48Z,0.1,duplicate_observation,OBS_003388
IDENT_002359,ACT_0011,handle,IronSpecter,SRC_000177,2026-11-14T00:00:00Z,2026-09-01T00:00:00Z,0.37,duplicate_observation,OBS_014403
IDENT_002360,ACT_0037,handle,AshMoth,SRC_000761,2024-09-15T20:05:11Z,2024-11-23T20:05:11Z,0.44,duplicate_observation,OBS_002733
IDENT_002361,ACT_0029,handle,ChromeHex39,SRC_004815,2025-05-25T22:51:37Z,2026-03-02T22:51:37Z,0.2,duplicate_observation,
IDENT_002362,ACT_0036,handle,OnyxHex,SRC_002729,2026-09-21T00:00:00Z,2026-09-01T00:00:00Z,0.22,duplicate_observation,OBS_013291
IDENT_002363,ACT_0034,handle,HavocSentinel54,SRC_001226,2025-10-20T10:59:17Z,2026-09-01T00:00:00Z,0.24,duplicate_observation,OBS_002692
IDENT_002364,ACT_0023,handle,GreySentinel,SRC_002550,2026-09-17T00:00:00Z,2026-09-01T00:00:00Z,0.26,duplicate_observation,
IDENT_002365,ACT_0025,handle,GhostSentinel,SRC_000983,2026-11-08T00:00:00Z,2026-09-01T00:00:00Z,0.39,duplicate_observation,OBS_011918
IDENT_002366,ACT_0035,handle,RogueDrift,SRC_004736,2026-11-07T00:00:00Z,2026-09-01T00:00:00Z,0.25,duplicate_observation,
IDENT_002367,ACT_0050,handle,GhostCrow,SRC_003940,2026-11-19T00:00:00Z,2026-09-01T00:00:00Z,0.7,duplicate_observation,OBS_013018
IDENT_002368,ACT_0029,handle,ChromeHex39,SRC_000632,2025-05-10T22:51:37Z,2026-03-08T22:51:37Z,0.52,duplicate_observation,OBS_009106
IDENT_002369,ACT_0034,handle,PhantomOrbit,SRC_001365,2026-10-27T00:00:00Z,2026-09-01T00:00:00Z,0.18,duplicate_observation,OBS_007947
IDENT_002370,ACT_0054,handle,UmbraHollow,SRC_000681,2026-02-22T15:36:14Z,2026-05-15T15:36:14Z,0.35,duplicate_observation,OBS_005756
IDENT_002371,ACT_0036,handle,OnyxHex,SRC_005745,2026-10-02T00:00:00Z,2026-09-01T00:00:00Z,0.37,duplicate_observation,OBS_010001
IDENT_002372,ACT_0034,handle,PhantomOrbit,SRC_002012,2026-10-12T00:00:00Z,2026-09-01T00:00:00Z,0.47,duplicate_observation,
IDENT_002373,ACT_0030,handle,OnyxRoot,SRC_005099,2025-10-13T21:36:22Z,2026-09-01T00:00:00Z,0.3,duplicate_observation,OBS_003061
IDENT_002374,ACT_0026,handle,ChromeMarrow,SRC_001162,2025-07-28T18:43:51Z,2025-08-31T18:43:51Z,0.2,duplicate_observation,
IDENT_002375,ACT_0037,handle,VoidMoth,SRC_004840,2025-01-12T20:05:11Z,2025-07-15T20:05:11Z,0.55,duplicate_observation,
IDENT_002376,ACT_0006,handle,ForgeVector,SRC_000270,2024-08-22T08:56:39Z,2025-08-24T08:56:39Z,0.27,duplicate_observation,OBS_004988
IDENT_002377,ACT_0009,handle,BlackHarbor,SRC_001986,2026-08-03T04:53:06Z,2026-09-01T00:00:00Z,0.1,duplicate_observation,
IDENT_002378,ACT_0029,handle,GhostShade,SRC_004364,2024-05-15T22:51:37Z,2025-05-07T22:51:37Z,0.31,duplicate_observation,
IDENT_002379,ACT_0045,handle,PhantomWolf,SRC_005456,2025-11-13T07:17:31Z,2026-09-01T00:00:00Z,0.3,duplicate_observation,OBS_012966
IDENT_002380,ACT_0034,handle,ObsidianMoth89,SRC_003996,2026-10-19T00:00:00Z,2026-09-01T00:00:00Z,0.24,duplicate_observation,OBS_012207
IDENT_002381,ACT_0054,handle,ShadowGrid,SRC_003421,2026-09-28T00:00:00Z,2026-09-01T00:00:00Z,0.1,duplicate_observation,
IDENT_002382,ACT_0032,handle,RuneEcho,SRC_005026,2025-07-31T17:55:46Z,2026-08-07T17:55:46Z,0.26,duplicate_observation,OBS_012912
IDENT_002383,ACT_0008,handle,RuneLedger,SRC_002608,2025-01-08T10:13:36Z,2025-03-19T10:13:36Z,0.33,duplicate_observation,OBS_000414
IDENT_002384,ACT_0048,handle,CrimsonTrace,SRC_002176,2024-08-06T21:47:44Z,2025-11-13T21:47:44Z,0.43,duplicate_observation,OBS_013804
IDENT_002385,ACT_0006,handle,ForgeVector,SRC_005259,2024-08-19T08:56:39Z,2025-08-12T08:56:39Z,0.43,duplicate_observation,
IDENT_002386,ACT_0012,handle,CipherSpire,SRC_004051,2025-02-21T10:37:19Z,2025-10-22T10:37:19Z,0.16,duplicate_observation,
IDENT_002387,ACT_0042,handle,CipherFalcon,SRC_000337,2025-11-09T00:56:31Z,2026-07-27T00:56:31Z,0.37,duplicate_observation,OBS_009069
IDENT_002388,ACT_0023,handle,SilverPulse,SRC_002699,2026-10-01T00:00:00Z,2026-09-01T00:00:00Z,0.32,duplicate_observation,OBS_002747
IDENT_002389,ACT_0028,handle,OnyxPulse,SRC_004308,2025-01-05T00:39:48Z,2025-05-01T00:39:48Z,0.1,duplicate_observation,OBS_005792
IDENT_002390,ACT_0024,handle,OnyxEcho,SRC_002515,2026-11-02T00:47:04Z,2026-09-01T00:00:00Z,0.29,duplicate_observation,
IDENT_002391,ACT_0025,handle,ChromeOrbit,SRC_000266,2026-09-12T00:00:00Z,2026-09-01T00:00:00Z,0.1,duplicate_observation,
IDENT_002392,ACT_0058,handle,DarkSignal,SRC_005235,2026-01-04T17:09:54Z,2026-09-01T00:00:00Z,0.47,duplicate_observation,
IDENT_002393,ACT_0038,handle,CrimsonLedger,SRC_000912,2025-11-10T11:07:27Z,2026-07-14T11:07:27Z,0.17,duplicate_observation,OBS_009821
IDENT_002394,ACT_0029,handle,ChromeHex39,SRC_000118,2025-05-26T22:51:37Z,2026-03-05T22:51:37Z,0.31,duplicate_observation,
IDENT_002395,ACT_0055,handle,StormRunner,SRC_000849,2024-03-22T04:37:32Z,2024-07-02T04:37:32Z,0.32,duplicate_observation,
IDENT_002396,ACT_0025,handle,GhostSentinel,SRC_003836,2026-10-31T00:00:00Z,2026-09-01T00:00:00Z,0.46,duplicate_observation,OBS_008215
IDENT_002397,ACT_0013,handle,NightWarden,SRC_005002,2026-09-16T00:00:00Z,2026-09-01T00:00:00Z,0.32,duplicate_observation,
IDENT_002398,ACT_0015,handle,NullCipher,SRC_003229,2025-10-25T12:12:24Z,2026-09-01T00:00:00Z,0.34,duplicate_observation,OBS_007284
IDENT_002399,ACT_0022,handle,CrimsonVector47,SRC_000483,2024-03-24T11:56:59Z,2025-07-12T11:56:59Z,0.48,duplicate_observation,OBS_010346
IDENT_002400,ACT_0019,handle,EmberWolf,SRC_000552,2026-11-01T00:00:00Z,2026-09-01T00:00:00Z,0.21,duplicate_observation,
IDENT_002401,ACT_0013,handle,VectorNode,SRC_000495,2026-10-27T00:00:00Z,2026-09-01T00:00:00Z,0.18,duplicate_observation,OBS_001909
IDENT_002402,ACT_0046,handle,PhantomGrid,SRC_003650,2026-02-01T14:13:34Z,2026-06-27T14:13:34Z,0.47,duplicate_observation,
IDENT_002403,ACT_0025,handle,TalonEcho,SRC_001765,2026-10-01T00:00:00Z,2026-09-01T00:00:00Z,0.12,duplicate_observation,OBS_013908
IDENT_002404,ACT_0030,handle,CrimsonForge,SRC_002487,2024-06-14T21:36:22Z,2024-12-04T21:36:22Z,0.39,duplicate_observation,
IDENT_002405,ACT_0045,handle,PhantomWolf,SRC_002102,2025-11-13T07:17:31Z,2026-09-01T00:00:00Z,0.18,duplicate_observation,OBS_004340
IDENT_002406,ACT_0043,handle,CrimsonCrow,SRC_003692,2026-06-06T22:06:12Z,2026-09-01T00:00:00Z,0.44,duplicate_observation,
IDENT_002407,ACT_0014,handle,HavocHollow,SRC_000488,2025-01-08T02:17:28Z,2025-10-12T02:17:28Z,0.2,duplicate_observation,OBS_000023
IDENT_002408,ACT_0006,handle,ShadowForge,SRC_001043,2024-02-20T08:56:39Z,2024-07-11T08:56:39Z,0.37,duplicate_observation,
IDENT_002409,ACT_0035,handle,StormDrift,SRC_001472,2026-10-18T00:00:00Z,2026-09-01T00:00:00Z,0.56,duplicate_observation,OBS_005854
IDENT_002410,ACT_0035,handle,CrimsonMoth,SRC_002042,2024-05-09T22:04:42Z,2025-05-16T22:04:42Z,0.1,duplicate_observation,OBS_013891
IDENT_002411,ACT_0024,handle,WraithSpire,SRC_005539,2025-08-31T00:47:04Z,2026-09-01T00:00:00Z,0.27,duplicate_observation,OBS_012501
IDENT_002412,ACT_0009,handle,WraithHex25,SRC_002851,2026-09-23T00:00:00Z,2026-09-01T00:00:00Z,0.37,duplicate_observation,OBS_001784
IDENT_002413,ACT_0014,handle,HavocHollow,SRC_001092,2025-01-07T02:17:28Z,2025-10-14T02:17:28Z,0.11,duplicate_observation,OBS_000636
IDENT_002414,ACT_0017,handle,UmbraSpire59,SRC_004684,2025-08-11T11:28:43Z,2026-07-28T11:28:43Z,0.48,duplicate_observation,OBS_007983
IDENT_002415,ACT_0032,handle,RuneEcho,SRC_000257,2025-07-21T17:55:46Z,2026-08-08T17:55:46Z,0.1,duplicate_observation,
IDENT_002416,ACT_0014,handle,NightLedger,SRC_000705,2024-01-20T02:17:28Z,2024-10-26T02:17:28Z,0.2,duplicate_observation,
IDENT_002417,ACT_0040,handle,StormPulse,SRC_001107,2026-09-28T00:00:00Z,2026-09-01T00:00:00Z,0.32,duplicate_observation,
IDENT_002418,ACT_0033,handle,TalonSentinel,SRC_002428,2025-07-29T01:20:48Z,2026-02-20T01:20:48Z,0.46,duplicate_observation,OBS_006579
IDENT_002419,ACT_0024,handle,WraithSpire,SRC_004696,2025-08-30T00:47:04Z,2026-09-01T00:00:00Z,0.46,duplicate_observation,
IDENT_002420,ACT_0040,handle,FrostWolf,SRC_000860,2025-05-22T18:08:11Z,2025-11-16T18:08:11Z,0.1,duplicate_observation,
IDENT_002421,ACT_0059,handle,NullWolf,SRC_000731,2026-07-25T16:19:50Z,2026-09-01T00:00:00Z,0.2,duplicate_observation,
IDENT_002422,ACT_0046,handle,WraithHarbor,SRC_001522,2026-10-10T00:00:00Z,2026-09-01T00:00:00Z,0.12,duplicate_observation,
IDENT_002423,ACT_0050,handle,RogueWarden,SRC_000252,2026-11-07T00:00:00Z,2026-09-01T00:00:00Z,0.1,duplicate_observation,
IDENT_002424,ACT_0055,handle,HavocSentinel,SRC_005055,2024-08-15T04:37:32Z,2025-11-15T04:37:32Z,0.68,duplicate_observation,OBS_005527
IDENT_002425,ACT_0009,handle,WraithHex25,SRC_001137,2026-09-23T00:00:00Z,2026-09-01T00:00:00Z,0.2,duplicate_observation,
IDENT_002426,ACT_0029,handle,GhostShade,SRC_001272,2024-05-19T22:51:37Z,2025-04-28T22:51:37Z,0.46,duplicate_observation,OBS_013551
IDENT_002427,ACT_0034,handle,DarkVector32,SRC_003216,2024-11-25T10:59:17Z,2025-08-24T10:59:17Z,0.42,duplicate_observation,
IDENT_002428,ACT_0012,handle,ObsidianRoot49,SRC_001984,2024-12-20T10:37:19Z,2025-01-13T10:37:19Z,0.35,duplicate_observation,OBS_005522
IDENT_002429,ACT_0021,handle,StormLedger,SRC_002567,2026-09-24T00:00:00Z,2026-09-01T00:00:00Z,0.66,duplicate_observation,OBS_013173
IDENT_002430,ACT_0051,handle,EmberOrbit93,SRC_003412,2026-09-14T00:00:00Z,2026-09-01T00:00:00Z,0.27,duplicate_observation,
IDENT_002431,ACT_0023,handle,NullEcho,SRC_005479,2026-11-11T00:00:00Z,2026-09-01T00:00:00Z,0.26,duplicate_observation,
IDENT_002432,ACT_0059,handle,FrostRunner37,SRC_003793,2026-10-23T00:00:00Z,2026-09-01T00:00:00Z,0.1,duplicate_observation,
IDENT_002433,ACT_0049,handle,EmberSignal,SRC_005849,2026-06-09T01:19:15Z,2026-09-01T00:00:00Z,0.1,duplicate_observation,OBS_011348
IDENT_002434,ACT_0011,handle,IronSpecter,SRC_001988,2026-10-26T00:00:00Z,2026-09-01T00:00:00Z,0.14,duplicate_observation,OBS_004003
IDENT_002435,ACT_0059,handle,NullWolf,SRC_000069,2026-07-26T16:19:50Z,2026-09-01T00:00:00Z,0.47,duplicate_observation,
IDENT_002436,ACT_0003,handle,IronLedger,SRC_005465,2025-11-10T18:21:03Z,2026-09-01T00:00:00Z,0.47,duplicate_observation,OBS_012771
IDENT_002437,ACT_0004,handle,OnyxNode,SRC_005210,2026-05-13T04:44:17Z,2026-09-01T00:00:00Z,0.45,duplicate_observation,OBS_006903
IDENT_002438,ACT_0029,handle,ChromeHex39,SRC_003997,2025-05-20T22:51:37Z,2026-03-09T22:51:37Z,0.29,duplicate_observation,OBS_014133
IDENT_002439,ACT_0008,handle,FrostMoth,SRC_005713,2026-09-21T10:13:36Z,2026-09-01T00:00:00Z,0.1,duplicate_observation,
IDENT_002440,ACT_0034,handle,PhantomOrbit,SRC_002316,2026-10-16T00:00:00Z,2026-09-01T00:00:00Z,0.51,duplicate_observation,
IDENT_002441,ACT_0046,handle,WraithHarbor,SRC_001610,2026-10-27T00:00:00Z,2026-09-01T00:00:00Z,0.23,duplicate_observation,OBS_008139
IDENT_002442,ACT_0021,handle,ShadowForge,SRC_003305,2026-08-06T20:32:16Z,2026-09-01T00:00:00Z,0.29,duplicate_observation,OBS_008733
IDENT_002443,ACT_0020,handle,BlackRoot71,SRC_005337,2025-11-08T15:43:16Z,2026-02-24T15:43:16Z,0.27,duplicate_observation,OBS_011175
IDENT_002444,ACT_0035,handle,StormDrift,SRC_003601,2026-10-11T00:00:00Z,2026-09-01T00:00:00Z,0.46,duplicate_observation,OBS_010872
IDENT_002445,ACT_0024,handle,VectorHarbor,SRC_001512,2026-10-25T00:00:00Z,2026-09-01T00:00:00Z,0.54,duplicate_observation,OBS_008701
IDENT_002446,ACT_0042,handle,CipherFalcon,SRC_005757,2025-10-29T00:56:31Z,2026-08-04T00:56:31Z,0.58,duplicate_observation,
IDENT_002447,ACT_0056,handle,VoidNode,SRC_004570,2024-09-05T10:20:14Z,2025-03-28T10:20:14Z,0.38,duplicate_observation,OBS_007744
IDENT_002448,ACT_0046,handle,WraithHarbor,SRC_002371,2026-10-29T00:00:00Z,2026-09-01T00:00:00Z,0.32,duplicate_observation,OBS_011467
IDENT_002449,ACT_0032,handle,VoidHollow,SRC_004029,2026-07-29T17:55:46Z,2026-09-01T00:00:00Z,0.53,duplicate_observation,
IDENT_002450,ACT_0019,handle,EmberWolf,SRC_003229,2026-10-24T00:00:00Z,2026-09-01T00:00:00Z,0.37,duplicate_observation,OBS_014360
IDENT_002451,ACT_0043,handle,CrimsonCrow,SRC_005084,2026-06-10T22:06:12Z,2026-09-01T00:00:00Z,0.18,duplicate_observation,OBS_013001
IDENT_002452,ACT_0003,handle,GreyRoot,SRC_003633,2024-08-12T18:21:03Z,2025-10-22T18:21:03Z,0.43,duplicate_observation,OBS_014424
IDENT_002453,ACT_0054,handle,UmbraHollow,SRC_004975,2026-02-06T15:36:14Z,2026-05-10T15:36:14Z,0.53,duplicate_observation,OBS_014040
IDENT_002454,ACT_0015,handle,SilverLedger,SRC_002549,2026-10-25T00:00:00Z,2026-09-01T00:00:00Z,0.2,duplicate_observation,
IDENT_002455,ACT_0051,handle,GreyEcho,SRC_001159,2026-06-26T11:41:03Z,2026-09-01T00:00:00Z,0.15,duplicate_observation,OBS_004409
IDENT_002456,ACT_0020,handle,ZeroOrbit,SRC_001342,2026-03-22T15:43:16Z,2026-09-01T00:00:00Z,0.13,duplicate_observation,OBS_009362
IDENT_002457,ACT_0040,handle,ObsidianHex,SRC_003586,2026-01-17T18:08:11Z,2026-09-01T00:00:00Z,0.2,duplicate_observation,
IDENT_002458,ACT_0042,handle,CipherFalcon,SRC_005355,2025-10-31T00:56:31Z,2026-07-20T00:56:31Z,0.18,duplicate_observation,
IDENT_002459,ACT_0003,handle,IronLedger,SRC_001954,2025-11-21T18:21:03Z,2026-09-01T00:00:00Z,0.2,duplicate_observation,
IDENT_002460,ACT_0025,handle,TalonEcho,SRC_000953,2026-09-29T00:00:00Z,2026-09-01T00:00:00Z,0.25,duplicate_observation,OBS_012251
IDENT_002461,ACT_0020,handle,NightCipher,SRC_001014,2026-10-30T00:00:00Z,2026-09-01T00:00:00Z,0.22,duplicate_observation,
IDENT_002462,ACT_0001,handle,SilentTrace,SRC_001459,2024-02-25T20:28:06Z,2024-12-27T20:28:06Z,0.46,duplicate_observation,
IDENT_002463,ACT_0009,handle,CrimsonReaper,SRC_004420,2026-10-19T00:00:00Z,2026-09-01T00:00:00Z,0.1,duplicate_observation,
IDENT_002464,ACT_0005,handle,SilentVector,SRC_002930,2026-07-23T07:09:23Z,2026-09-01T00:00:00Z,0.46,duplicate_observation,
IDENT_002465,ACT_0042,handle,AshFox60,SRC_000889,2025-06-27T00:56:31Z,2025-11-01T00:56:31Z,0.56,duplicate_observation,
IDENT_002466,ACT_0020,handle,EmberNode,SRC_003694,2026-10-08T00:00:00Z,2026-09-01T00:00:00Z,0.21,duplicate_observation,OBS_005397
IDENT_002467,ACT_0011,handle,IronSpecter,SRC_000635,2026-10-30T00:00:00Z,2026-09-01T00:00:00Z,0.15,duplicate_observation,OBS_009004
IDENT_002468,ACT_0011,handle,IronSpecter,SRC_002691,2026-11-12T00:00:00Z,2026-09-01T00:00:00Z,0.43,duplicate_observation,OBS_002846
IDENT_002469,ACT_0046,handle,PhantomGrid,SRC_002004,2026-01-30T14:13:34Z,2026-07-02T14:13:34Z,0.56,duplicate_observation,
IDENT_002470,ACT_0056,handle,VoidNode,SRC_004991,2024-09-12T10:20:14Z,2025-04-03T10:20:14Z,0.56,duplicate_observation,
IDENT_002471,ACT_0008,handle,FrostMoth,SRC_001622,2026-10-08T10:13:36Z,2026-09-01T00:00:00Z,0.24,duplicate_observation,OBS_009142
IDENT_002472,ACT_0026,handle,BlackDrift,SRC_000117,2026-02-25T18:43:51Z,2026-09-01T00:00:00Z,0.29,duplicate_observation,
IDENT_002473,ACT_0045,handle,PhantomWolf,SRC_002113,2025-11-12T07:17:31Z,2026-09-01T00:00:00Z,0.3,duplicate_observation,
IDENT_002474,ACT_0031,handle,StormMarrow37,SRC_004383,2025-03-11T19:36:25Z,2025-08-10T19:36:25Z,0.36,duplicate_observation,OBS_001861
IDENT_002475,ACT_0054,handle,ShadowGrid,SRC_000444,2026-10-08T00:00:00Z,2026-09-01T00:00:00Z,0.15,duplicate_observation,OBS_011501
IDENT_002476,ACT_0010,handle,SilentFox,SRC_001647,2026-05-29T20:43:57Z,2026-09-01T00:00:00Z,0.24,duplicate_observation,
IDENT_002477,ACT_0009,handle,WraithHex25,SRC_002481,2026-10-09T00:00:00Z,2026-09-01T00:00:00Z,0.43,duplicate_observation,OBS_013434
IDENT_002478,ACT_0049,handle,EmberSignal,SRC_000058,2026-06-04T01:19:15Z,2026-09-01T00:00:00Z,0.12,duplicate_observation,OBS_002403
IDENT_002479,ACT_0035,handle,StormDrift,SRC_004773,2026-10-07T00:00:00Z,2026-09-01T00:00:00Z,0.17,duplicate_observation,
IDENT_002480,ACT_0007,handle,IronWolf81,SRC_004543,2024-12-13T13:12:42Z,2025-01-27T13:12:42Z,0.53,duplicate_observation,
IDENT_002481,ACT_0052,handle,ZeroTrace,SRC_001392,2026-10-12T00:00:00Z,2026-09-01T00:00:00Z,0.11,duplicate_observation,
IDENT_002482,ACT_0043,handle,UmbraRoot,SRC_000305,2025-03-11T22:06:12Z,2026-04-22T22:06:12Z,0.32,duplicate_observation,OBS_013206
IDENT_002483,ACT_0019,handle,VoidDrift,SRC_001679,2025-08-24T04:42:59Z,2026-09-01T00:00:00Z,0.61,duplicate_observation,
IDENT_002484,ACT_0018,handle,DriftTrace,SRC_000980,2024-06-15T18:40:31Z,2025-10-09T18:40:31Z,0.2,duplicate_observation,
IDENT_002485,ACT_0011,handle,IronSpecter,SRC_003773,2026-11-01T00:00:00Z,2026-09-01T00:00:00Z,0.6,duplicate_observation,
IDENT_002486,ACT_0006,handle,ForgeVector,SRC_000502,2024-08-18T08:56:39Z,2025-08-27T08:56:39Z,0.53,duplicate_observation,OBS_000711
IDENT_002487,ACT_0029,handle,ChromeHex39,SRC_001754,2025-05-14T22:51:37Z,2026-02-24T22:51:37Z,0.29,duplicate_observation,
IDENT_002488,ACT_0021,handle,StormWolf89,SRC_004271,2026-10-12T00:00:00Z,2026-09-01T00:00:00Z,0.23,duplicate_observation,OBS_011555
IDENT_002489,ACT_0026,handle,BlackDrift,SRC_005096,2026-02-22T18:43:51Z,2026-09-01T00:00:00Z,0.36,duplicate_observation,OBS_011212
IDENT_002490,ACT_0050,handle,RogueWarden,SRC_003520,2026-10-30T00:00:00Z,2026-09-01T00:00:00Z,0.25,duplicate_observation,
IDENT_002491,ACT_0046,handle,ObsidianFalcon,SRC_004888,2025-09-25T14:13:34Z,2026-01-23T14:13:34Z,0.26,duplicate_observation,
IDENT_002492,ACT_0011,handle,StormMarrow12,SRC_001296,2026-05-13T12:53:27Z,2026-09-01T00:00:00Z,0.45,duplicate_observation,OBS_000062
IDENT_002493,ACT_0017,handle,BlackCipher,SRC_002222,2026-09-09T11:28:43Z,2026-09-01T00:00:00Z,0.45,duplicate_observation,OBS_013387
IDENT_002494,ACT_0013,handle,VectorPulse,SRC_005371,2026-07-13T09:25:01Z,2026-09-01T00:00:00Z,0.28,duplicate_observation,OBS_002309
IDENT_002495,ACT_0006,handle,ForgeVector,SRC_003568,2024-08-20T08:56:39Z,2025-08-31T08:56:39Z,0.4,duplicate_observation,
IDENT_002496,ACT_0044,handle,SilentNode,SRC_004562,2026-09-20T18:00:37Z,2026-09-01T00:00:00Z,0.2,duplicate_observation,
IDENT_002497,ACT_0040,handle,StormPulse,SRC_005109,2026-10-14T00:00:00Z,2026-09-01T00:00:00Z,0.13,duplicate_observation,
IDENT_002498,ACT_0059,handle,NullWolf,SRC_004399,2026-07-24T16:19:50Z,2026-09-01T00:00:00Z,0.37,duplicate_observation,OBS_002464
IDENT_002499,ACT_0059,handle,NullWolf,SRC_001572,2026-07-25T16:19:50Z,2026-09-01T00:00:00Z,0.22,duplicate_observation,OBS_003189
IDENT_002500,ACT_0005,handle,SilentVector,SRC_000699,2026-07-07T07:09:23Z,2026-09-01T00:00:00Z,0.27,duplicate_observation,OBS_012581
IDENT_002501,ACT_0025,handle,GhostSentinel,SRC_002154,2026-10-30T00:00:00Z,2026-09-01T00:00:00Z,0.34,duplicate_observation,OBS_000575
IDENT_002502,ACT_0023,handle,SilverPulse,SRC_005440,2026-10-06T00:00:00Z,2026-09-01T00:00:00Z,0.23,duplicate_observation,
IDENT_002503,ACT_0057,handle,CrimsonDrift,SRC_005486,2025-10-31T19:15:51Z,2026-09-01T00:00:00Z,0.25,duplicate_observation,OBS_005244
IDENT_002504,ACT_0013,handle,VectorPulse,SRC_004641,2026-07-05T09:25:01Z,2026-09-01T00:00:00Z,0.34,duplicate_observation,
IDENT_002505,ACT_0051,handle,GreyEcho,SRC_000887,2026-07-14T11:41:03Z,2026-09-01T00:00:00Z,0.48,duplicate_observation,OBS_009013
IDENT_002506,ACT_0046,handle,WraithHarbor,SRC_003043,2026-10-11T00:00:00Z,2026-09-01T00:00:00Z,0.27,duplicate_observation,
IDENT_002507,ACT_0011,handle,IronSpecter,SRC_004255,2026-11-07T00:00:00Z,2026-09-01T00:00:00Z,0.37,duplicate_observation,OBS_007447
IDENT_002508,ACT_0057,handle,DriftReaper,SRC_002557,2026-10-02T00:00:00Z,2026-09-01T00:00:00Z,0.36,duplicate_observation,
IDENT_002509,ACT_0049,handle,EmberSignal,SRC_004889,2026-05-25T01:19:15Z,2026-09-01T00:00:00Z,0.32,duplicate_observation,
IDENT_002510,ACT_0046,handle,ObsidianFalcon,SRC_004150,2025-09-23T14:13:34Z,2026-01-30T14:13:34Z,0.4,duplicate_observation,OBS_008138
IDENT_002511,ACT_0029,handle,ChromeHex39,SRC_005191,2025-05-26T22:51:37Z,2026-03-07T22:51:37Z,0.21,duplicate_observation,
IDENT_002512,ACT_0024,handle,OnyxEcho,SRC_001683,2026-10-13T00:47:04Z,2026-09-01T00:00:00Z,0.19,duplicate_observation,OBS_011418
IDENT_002513,ACT_0053,handle,DarkOrbit,SRC_002930,2026-03-21T21:22:52Z,2026-09-01T00:00:00Z,0.1,duplicate_observation,OBS_007702
IDENT_002514,ACT_0051,handle,FrostSignal,SRC_005586,2026-10-06T00:00:00Z,2026-09-01T00:00:00Z,0.15,duplicate_observation,OBS_004446
IDENT_002515,ACT_0020,handle,ChromeHarbor,SRC_000558,2025-07-16T15:43:16Z,2025-11-05T15:43:16Z,0.51,duplicate_observation,
IDENT_002516,ACT_0017,handle,UmbraSpire59,SRC_001680,2025-08-12T11:28:43Z,2026-07-30T11:28:43Z,0.46,duplicate_observation,
IDENT_002517,ACT_0030,handle,CrimsonForge,SRC_001380,2024-06-25T21:36:22Z,2024-12-07T21:36:22Z,0.27,duplicate_observation,OBS_011136
IDENT_002518,ACT_0018,handle,GreyRunner,SRC_002159,2025-11-01T18:40:31Z,2026-09-01T00:00:00Z,0.13,duplicate_observation,
IDENT_002519,ACT_0040,handle,ChromeShade,SRC_002766,2026-10-06T00:00:00Z,2026-09-01T00:00:00Z,0.3,duplicate_observation,OBS_013438
IDENT_002520,ACT_0034,handle,PhantomOrbit,SRC_000122,2026-10-20T00:00:00Z,2026-09-01T00:00:00Z,0.13,duplicate_observation,
IDENT_002521,ACT_0047,handle,AshForge54,SRC_002291,2024-12-03T22:38:20Z,2026-02-17T22:38:20Z,0.43,duplicate_observation,
IDENT_002522,ACT_0031,handle,RogueReaper,SRC_005842,2026-04-02T19:36:25Z,2026-09-01T00:00:00Z,0.34,duplicate_observation,OBS_012769
IDENT_002523,ACT_0025,handle,ChromeOrbit,SRC_002779,2026-09-18T00:00:00Z,2026-09-01T00:00:00Z,0.49,duplicate_observation,
IDENT_002524,ACT_0023,handle,GreyOrbit,SRC_001756,2026-04-20T00:01:56Z,2026-09-01T00:00:00Z,0.19,duplicate_observation,OBS_006192
IDENT_002525,ACT_0053,handle,OnyxFang,SRC_005782,2025-02-28T21:22:52Z,2026-03-07T21:22:52Z,0.31,duplicate_observation,
IDENT_002526,ACT_0051,handle,GreyEcho,SRC_001178,2026-07-03T11:41:03Z,2026-09-01T00:00:00Z,0.5,duplicate_observation,OBS_011214
IDENT_002527,ACT_0042,handle,CipherFalcon,SRC_001484,2025-11-14T00:56:31Z,2026-07-26T00:56:31Z,0.34,duplicate_observation,OBS_001315
IDENT_002528,ACT_0056,handle,VoidNode,SRC_005283,2024-08-31T10:20:14Z,2025-04-02T10:20:14Z,0.11,duplicate_observation,OBS_005029
IDENT_002529,ACT_0051,handle,FrostSignal,SRC_005835,2026-10-19T00:00:00Z,2026-09-01T00:00:00Z,0.3,duplicate_observation,
IDENT_002530,ACT_0004,handle,OnyxNode,SRC_004679,2026-05-06T04:44:17Z,2026-09-01T00:00:00Z,0.66,duplicate_observation,
IDENT_002531,ACT_0047,handle,AshForge54,SRC_000307,2024-11-23T22:38:20Z,2026-02-17T22:38:20Z,0.32,duplicate_observation,
IDENT_002532,ACT_0026,handle,ChromeMarrow,SRC_002253,2025-08-04T18:43:51Z,2025-09-08T18:43:51Z,0.1,duplicate_observation,
IDENT_002533,ACT_0058,handle,PhantomDrift95,SRC_003147,2025-09-02T17:09:54Z,2025-11-28T17:09:54Z,0.63,duplicate_observation,OBS_009916
IDENT_002534,ACT_0040,handle,ChromeShade,SRC_001746,2026-10-09T00:00:00Z,2026-09-01T00:00:00Z,0.2,duplicate_observation,
IDENT_002535,ACT_0044,handle,SilentNode,SRC_001351,2026-10-01T18:00:37Z,2026-09-01T00:00:00Z,0.6,duplicate_observation,
IDENT_002536,ACT_0052,handle,StormHollow,SRC_004922,2026-03-26T08:12:20Z,2026-09-01T00:00:00Z,0.12,duplicate_observation,OBS_006076
IDENT_002537,ACT_0050,handle,GhostCrow,SRC_005017,2026-11-04T00:00:00Z,2026-09-01T00:00:00Z,0.65,duplicate_observation,OBS_006546
IDENT_002538,ACT_0010,handle,HavocSpire71,SRC_005402,2026-10-01T00:00:00Z,2026-09-01T00:00:00Z,0.28,duplicate_observation,
IDENT_002539,ACT_0051,handle,SilverGrid,SRC_000587,2026-11-08T00:00:00Z,2026-09-01T00:00:00Z,0.4,duplicate_observation,OBS_004594
IDENT_002540,ACT_0035,handle,RogueLedger,SRC_004138,2025-06-15T22:04:42Z,2026-09-01T00:00:00Z,0.24,duplicate_observation,
IDENT_002541,ACT_0024,handle,WraithSpire,SRC_001025,2025-08-30T00:47:04Z,2026-08-22T00:47:04Z,0.44,duplicate_observation,
IDENT_002542,ACT_0010,handle,SilentFox,SRC_000419,2026-05-22T20:43:57Z,2026-09-01T00:00:00Z,0.39,duplicate_observation,OBS_004962
IDENT_002543,ACT_0050,handle,GhostCrow,SRC_001221,2026-10-31T00:00:00Z,2026-09-01T00:00:00Z,0.51,duplicate_observation,OBS_004777
IDENT_002544,ACT_0015,handle,IronFalcon73,SRC_003197,2026-10-29T00:00:00Z,2026-09-01T00:00:00Z,0.17,duplicate_observation,
IDENT_002545,ACT_0047,handle,StormFox,SRC_001460,2024-08-10T22:38:20Z,2024-10-28T22:38:20Z,0.35,duplicate_observation,OBS_000006
IDENT_002546,ACT_0028,handle,OnyxPulse,SRC_003954,2024-12-26T00:39:48Z,2025-05-03T00:39:48Z,0.2,duplicate_observation,OBS_006679
IDENT_002547,ACT_0034,handle,PhantomOrbit,SRC_001043,2026-10-18T00:00:00Z,2026-09-01T00:00:00Z,0.35,duplicate_observation,OBS_005377
IDENT_002548,ACT_0022,handle,CrimsonVector47,SRC_001030,2024-03-08T11:56:59Z,2025-07-18T11:56:59Z,0.12,duplicate_observation,
IDENT_002549,ACT_0012,handle,ObsidianRoot49,SRC_004187,2024-12-22T10:37:19Z,2025-01-08T10:37:19Z,0.1,duplicate_observation,OBS_013347
IDENT_002550,ACT_0026,handle,ChromeMarrow,SRC_004664,2025-08-01T18:43:51Z,2025-09-15T18:43:51Z,0.2,duplicate_observation,
IDENT_002551,ACT_0006,handle,ForgeVector,SRC_002327,2024-08-22T08:56:39Z,2025-08-28T08:56:39Z,0.5,duplicate_observation,OBS_001351
IDENT_002552,ACT_0055,handle,HavocSentinel,SRC_005830,2024-08-11T04:37:32Z,2025-11-16T04:37:32Z,0.59,duplicate_observation,OBS_003143
IDENT_002553,ACT_0031,handle,RogueReaper,SRC_001008,2026-04-18T19:36:25Z,2026-09-01T00:00:00Z,0.24,duplicate_observation,OBS_008822
IDENT_002554,ACT_0056,handle,TalonCipher,SRC_001037,2026-01-15T10:20:14Z,2026-03-25T10:20:14Z,0.22,duplicate_observation,OBS_002418
IDENT_002555,ACT_0006,handle,ShadowForge,SRC_004720,2024-02-27T08:56:39Z,2024-06-30T08:56:39Z,0.26,duplicate_observation,OBS_008159
IDENT_002556,ACT_0047,handle,AshForge54,SRC_003491,2024-11-15T22:38:20Z,2026-02-18T22:38:20Z,0.7,duplicate_observation,OBS_003868
IDENT_002557,ACT_0025,handle,DarkMarrow,SRC_003923,2026-05-13T13:33:59Z,2026-09-01T00:00:00Z,0.17,duplicate_observation,
IDENT_002558,ACT_0015,handle,NullCipher,SRC_004440,2025-10-26T12:12:24Z,2026-09-01T00:00:00Z,0.22,duplicate_observation,
IDENT_002559,ACT_0053,handle,DarkOrbit,SRC_001243,2026-03-26T21:22:52Z,2026-09-01T00:00:00Z,0.1,duplicate_observation,OBS_001648
IDENT_002560,ACT_0025,handle,TalonEcho,SRC_001928,2026-09-27T00:00:00Z,2026-09-01T00:00:00Z,0.33,duplicate_observation,OBS_011428
IDENT_002561,ACT_0020,handle,NightCipher,SRC_005705,2026-11-09T00:00:00Z,2026-09-01T00:00:00Z,0.15,duplicate_observation,
IDENT_002562,ACT_0046,handle,PhantomGrid,SRC_004543,2026-01-24T14:13:34Z,2026-06-26T14:13:34Z,0.24,duplicate_observation,OBS_012234
IDENT_002563,ACT_0056,handle,NightCrow,SRC_001017,2025-04-05T10:20:14Z,2026-01-08T10:20:14Z,0.19,duplicate_observation,
IDENT_002564,ACT_0043,handle,UmbraRoot,SRC_002430,2025-03-09T22:06:12Z,2026-04-23T22:06:12Z,0.5,duplicate_observation,
IDENT_002565,ACT_0031,handle,StormMarrow37,SRC_002091,2025-03-09T19:36:25Z,2025-08-10T19:36:25Z,0.17,duplicate_observation,
IDENT_002566,ACT_0038,handle,VectorVector,SRC_005767,2025-08-23T11:07:27Z,2025-10-22T11:07:27Z,0.5,duplicate_observation,
IDENT_002567,ACT_0031,handle,WraithWarden,SRC_001992,2025-09-06T19:36:25Z,2026-03-04T19:36:25Z,0.23,duplicate_observation,OBS_000651
IDENT_002568,ACT_0047,handle,StormFox,SRC_002032,2024-08-12T22:38:20Z,2024-10-15T22:38:20Z,0.13,duplicate_observation,OBS_000775
IDENT_002569,ACT_0056,handle,NightCrow,SRC_005685,2025-03-30T10:20:14Z,2025-12-30T10:20:14Z,0.65,duplicate_observation,
IDENT_002570,ACT_0053,handle,DarkOrbit,SRC_003319,2026-03-22T21:22:52Z,2026-09-01T00:00:00Z,0.27,duplicate_observation,
IDENT_002571,ACT_0002,handle,ShadowDrift,SRC_003269,2025-01-23T10:13:48Z,2025-02-26T10:13:48Z,0.16,duplicate_observation,
IDENT_002572,ACT_0025,handle,GhostSentinel,SRC_003813,2026-10-30T00:00:00Z,2026-09-01T00:00:00Z,0.13,duplicate_observation,OBS_004253
IDENT_002573,ACT_0025,handle,ChromeOrbit,SRC_001166,2026-09-07T00:00:00Z,2026-09-01T00:00:00Z,0.27,duplicate_observation,
IDENT_002574,ACT_0051,handle,SilverGrid,SRC_002028,2026-11-06T00:00:00Z,2026-09-01T00:00:00Z,0.51,duplicate_observation,OBS_004702
IDENT_002575,ACT_0021,handle,NullPulse,SRC_003500,2026-09-18T00:00:00Z,2026-09-01T00:00:00Z,0.24,duplicate_observation,OBS_008100
IDENT_002576,ACT_0017,handle,UmbraSpire59,SRC_001167,2025-08-20T11:28:43Z,2026-08-05T11:28:43Z,0.1,duplicate_observation,
IDENT_002577,ACT_0059,handle,VectorHex,SRC_001378,2026-10-08T00:00:00Z,2026-09-01T00:00:00Z,0.7,duplicate_observation,OBS_000172
IDENT_002578,ACT_0018,handle,DriftTrace,SRC_003811,2024-06-18T18:40:31Z,2025-10-15T18:40:31Z,0.1,duplicate_observation,OBS_007816
IDENT_002579,ACT_0035,handle,RogueLedger,SRC_002627,2025-06-30T22:04:42Z,2026-09-01T00:00:00Z,0.38,duplicate_observation,OBS_002561
IDENT_002580,ACT_0052,handle,ZeroTrace,SRC_004668,2026-10-13T00:00:00Z,2026-09-01T00:00:00Z,0.41,duplicate_observation,OBS_008343
IDENT_002581,ACT_0047,handle,AshForge54,SRC_003689,2024-11-29T22:38:20Z,2026-02-22T22:38:20Z,0.52,duplicate_observation,OBS_010946
IDENT_002582,ACT_0032,handle,RuneEcho,SRC_004919,2025-08-08T17:55:46Z,2026-08-03T17:55:46Z,0.22,duplicate_observation,
IDENT_002583,ACT_0020,handle,NightCipher,SRC_001363,2026-11-13T00:00:00Z,2026-09-01T00:00:00Z,0.54,duplicate_observation,OBS_014254
IDENT_002584,ACT_0054,handle,DarkRunner,SRC_005068,2026-06-29T15:36:14Z,2026-09-01T00:00:00Z,0.49,duplicate_observation,
IDENT_002585,ACT_0036,handle,TalonSpire,SRC_003991,2026-04-20T18:10:40Z,2026-09-01T00:00:00Z,0.1,duplicate_observation,OBS_001538
IDENT_002586,ACT_0026,handle,BlackDrift,SRC_003978,2026-02-21T18:43:51Z,2026-09-01T00:00:00Z,0.52,duplicate_observation,OBS_001668
IDENT_002587,ACT_0052,handle,StormHollow,SRC_004075,2026-03-22T08:12:20Z,2026-09-01T00:00:00Z,0.41,duplicate_observation,OBS_011973
IDENT_002588,ACT_0052,handle,IronRunner,SRC_002768,2025-07-26T08:12:20Z,2026-02-28T08:12:20Z,0.45,duplicate_observation,OBS_009764
IDENT_002589,ACT_0055,handle,HavocSentinel,SRC_003639,2024-07-28T04:37:32Z,2025-11-22T04:37:32Z,0.7,duplicate_observation,
IDENT_002590,ACT_0057,handle,DriftReaper,SRC_005711,2026-09-16T00:00:00Z,2026-09-01T00:00:00Z,0.31,duplicate_observation,
IDENT_002591,ACT_0026,handle,RuneCrow,SRC_003752,2025-09-21T18:43:51Z,2026-03-06T18:43:51Z,0.12,duplicate_observation,
IDENT_002592,ACT_0034,handle,HavocSentinel54,SRC_003003,2025-10-02T10:59:17Z,2026-09-01T00:00:00Z,0.45,duplicate_observation,
IDENT_002593,ACT_0052,handle,IronRunner,SRC_004460,2025-07-20T08:12:20Z,2026-03-01T08:12:20Z,0.5,duplicate_observation,OBS_009633
IDENT_002594,ACT_0052,handle,StormHollow,SRC_001477,2026-04-07T08:12:20Z,2026-09-01T00:00:00Z,0.23,duplicate_observation,
IDENT_002595,ACT_0023,handle,GreyOrbit,SRC_003529,2026-04-17T00:01:56Z,2026-09-01T00:00:00Z,0.42,duplicate_observation,OBS_008631
IDENT_002596,ACT_0001,handle,SilentTrace,SRC_000564,2024-02-18T20:28:06Z,2024-12-13T20:28:06Z,0.36,duplicate_observation,
IDENT_002597,ACT_0024,handle,VectorHarbor,SRC_005059,2026-10-23T00:00:00Z,2026-09-01T00:00:00Z,0.41,duplicate_observation,
IDENT_002598,ACT_0031,handle,StormMarrow37,SRC_003007,2025-03-24T19:36:25Z,2025-08-07T19:36:25Z,0.28,duplicate_observation,
IDENT_002599,ACT_0044,handle,NightSentinel32,SRC_002925,2026-03-19T18:00:37Z,2026-07-26T18:00:37Z,0.2,duplicate_observation,OBS_013373
IDENT_002600,ACT_0051,handle,FrostSignal,SRC_002660,2026-10-08T00:00:00Z,2026-09-01T00:00:00Z,0.24,duplicate_observation,OBS_013896
IDENT_002601,ACT_0020,handle,ChromeHarbor,SRC_002249,2025-07-14T15:43:16Z,2025-10-25T15:43:16Z,0.31,duplicate_observation,
IDENT_002602,ACT_0050,handle,CipherForge,SRC_003707,2026-10-24T00:00:00Z,2026-09-01T00:00:00Z,0.27,duplicate_observation,OBS_005758
IDENT_002603,ACT_0021,handle,NullPulse,SRC_004664,2026-09-19T00:00:00Z,2026-09-01T00:00:00Z,0.4,duplicate_observation,
IDENT_002604,ACT_0056,handle,AshShade20,SRC_002341,2026-04-27T10:20:14Z,2026-09-01T00:00:00Z,0.51,duplicate_observation,
IDENT_002605,ACT_0034,handle,DarkVector32,SRC_003549,2024-11-29T10:59:17Z,2025-08-29T10:59:17Z,0.7,duplicate_observation,
IDENT_002606,ACT_0036,handle,IronMarrow,SRC_001834,2026-10-21T00:00:00Z,2026-09-01T00:00:00Z,0.14,duplicate_observation,OBS_000303
IDENT_002607,ACT_0032,handle,VoidHollow,SRC_003076,2026-08-08T17:55:46Z,2026-09-01T00:00:00Z,0.41,duplicate_observation,
IDENT_002608,ACT_0046,handle,VectorSentinel,SRC_002235,2026-07-01T14:13:34Z,2026-09-01T00:00:00Z,0.41,duplicate_observation,
IDENT_002609,ACT_0025,handle,TalonEcho,SRC_002855,2026-10-09T00:00:00Z,2026-09-01T00:00:00Z,0.25,duplicate_observation,
IDENT_002610,ACT_0056,handle,NightCrow,SRC_005408,2025-04-10T10:20:14Z,2026-01-17T10:20:14Z,0.7,duplicate_observation,
IDENT_002611,ACT_0038,handle,CrimsonLedger,SRC_003692,2025-11-09T11:07:27Z,2026-07-19T11:07:27Z,0.36,duplicate_observation,OBS_009119
IDENT_002612,ACT_0036,handle,IronMarrow,SRC_000337,2026-10-22T00:00:00Z,2026-09-01T00:00:00Z,0.12,duplicate_observation,
IDENT_002613,ACT_0038,handle,CrimsonLedger,SRC_003588,2025-11-12T11:07:27Z,2026-07-15T11:07:27Z,0.47,duplicate_observation,
IDENT_002614,ACT_0045,handle,VectorCrow,SRC_001505,2024-11-30T07:17:31Z,2025-04-07T07:17:31Z,0.4,duplicate_observation,OBS_012460
IDENT_002615,ACT_0008,handle,IronCrow,SRC_002749,2025-04-20T10:13:36Z,2025-09-09T10:13:36Z,0.65,duplicate_observation,OBS_013181
IDENT_002616,ACT_0023,handle,GreySentinel,SRC_001903,2026-09-11T00:00:00Z,2026-09-01T00:00:00Z,0.23,duplicate_observation,
IDENT_002617,ACT_0057,handle,CrimsonDrift,SRC_000932,2025-10-17T19:15:51Z,2026-09-01T00:00:00Z,0.47,duplicate_observation,OBS_004911
IDENT_002618,ACT_0052,handle,ZeroTrace,SRC_004527,2026-10-24T00:00:00Z,2026-09-01T00:00:00Z,0.41,duplicate_observation,
IDENT_002619,ACT_0001,handle,SilentTrace,SRC_001575,2024-02-23T20:28:06Z,2024-12-13T20:28:06Z,0.59,duplicate_observation,OBS_013323
IDENT_002620,ACT_0007,handle,GhostForge71,SRC_005031,2024-06-07T13:12:42Z,2024-10-26T13:12:42Z,0.11,duplicate_observation,
IDENT_002621,ACT_0052,handle,StormHollow,SRC_002572,2026-03-26T08:12:20Z,2026-09-01T00:00:00Z,0.41,duplicate_observation,
IDENT_002622,ACT_0038,handle,CrimsonLedger,SRC_003141,2025-11-14T11:07:27Z,2026-07-13T11:07:27Z,0.65,duplicate_observation,OBS_009024
IDENT_002623,ACT_0052,handle,IronRunner,SRC_000513,2025-07-24T08:12:20Z,2026-02-28T08:12:20Z,0.3,duplicate_observation,
IDENT_002624,ACT_0038,handle,CrimsonLedger,SRC_003878,2025-11-27T11:07:27Z,2026-07-12T11:07:27Z,0.51,duplicate_observation,OBS_014455
IDENT_002625,ACT_0052,handle,StormHollow,SRC_000280,2026-03-26T08:12:20Z,2026-09-01T00:00:00Z,0.7,duplicate_observation,
IDENT_002626,ACT_0023,handle,GreyOrbit,SRC_000042,2026-04-17T00:01:56Z,2026-09-01T00:00:00Z,0.21,duplicate_observation,
IDENT_002627,ACT_0047,handle,AshForge54,SRC_003678,2024-12-04T22:38:20Z,2026-02-22T22:38:20Z,0.13,duplicate_observation,OBS_005848
IDENT_002628,ACT_0024,handle,OnyxEcho,SRC_004494,2026-10-22T00:47:04Z,2026-09-01T00:00:00Z,0.21,duplicate_observation,OBS_003495
IDENT_002629,ACT_0009,handle,AshSignal52,SRC_002212,2026-11-01T00:00:00Z,2026-09-01T00:00:00Z,0.45,duplicate_observation,
IDENT_002630,ACT_0029,handle,ChromeHex39,SRC_002167,2025-05-12T22:51:37Z,2026-02-26T22:51:37Z,0.32,duplicate_observation,
IDENT_002631,ACT_0034,handle,ObsidianMoth89,SRC_005303,2026-10-18T00:00:00Z,2026-09-01T00:00:00Z,0.12,duplicate_observation,OBS_006824
IDENT_002632,ACT_0050,handle,ShadowNode,SRC_000428,2026-09-30T00:00:00Z,2026-09-01T00:00:00Z,0.28,duplicate_observation,OBS_013222
IDENT_002633,ACT_0025,handle,ChromeOrbit,SRC_004199,2026-09-06T00:00:00Z,2026-09-01T00:00:00Z,0.2,duplicate_observation,OBS_005114
IDENT_002634,ACT_0008,handle,IronCrow,SRC_003870,2025-04-15T10:13:36Z,2025-08-26T10:13:36Z,0.67,duplicate_observation,
IDENT_002635,ACT_0037,handle,AshMoth,SRC_001633,2024-09-18T20:05:11Z,2024-11-18T20:05:11Z,0.2,duplicate_observation,
IDENT_002636,ACT_0015,handle,NullCipher,SRC_004622,2025-10-19T12:12:24Z,2026-09-01T00:00:00Z,0.1,duplicate_observation,
IDENT_002637,ACT_0008,handle,RuneLedger,SRC_002160,2024-12-30T10:13:36Z,2025-03-08T10:13:36Z,0.7,duplicate_observation,
IDENT_002638,ACT_0045,handle,PhantomWolf,SRC_003881,2025-11-12T07:17:31Z,2026-09-01T00:00:00Z,0.56,duplicate_observation,
IDENT_002639,ACT_0008,handle,FrostMoth,SRC_002636,2026-10-09T10:13:36Z,2026-09-01T00:00:00Z,0.22,duplicate_observation,OBS_000268
IDENT_002640,ACT_0030,handle,CrimsonForge,SRC_005522,2024-06-05T21:36:22Z,2024-12-06T21:36:22Z,0.61,duplicate_observation,
IDENT_002641,ACT_0012,handle,ObsidianRoot49,SRC_001874,2024-12-11T10:37:19Z,2025-01-23T10:37:19Z,0.53,duplicate_observation,
IDENT_002642,ACT_0016,handle,PhantomHollow,SRC_004013,2025-03-09T15:47:40Z,2025-08-21T15:47:40Z,0.47,duplicate_observation,OBS_008497
IDENT_002643,ACT_0030,handle,OnyxRoot,SRC_005153,2025-10-12T21:36:22Z,2026-08-20T21:36:22Z,0.7,duplicate_observation,
IDENT_002644,ACT_0020,handle,ChromeHarbor,SRC_001845,2025-07-11T15:43:16Z,2025-10-28T15:43:16Z,0.24,duplicate_observation,
IDENT_002645,ACT_0031,handle,WraithWarden,SRC_001134,2025-08-29T19:36:25Z,2026-03-19T19:36:25Z,0.1,duplicate_observation,OBS_002915
IDENT_002646,ACT_0027,handle,RuneWarden,SRC_003517,2024-05-02T01:12:14Z,2024-06-16T01:12:14Z,0.34,duplicate_observation,OBS_005156
IDENT_002647,ACT_0023,handle,SilverPulse,SRC_005737,2026-10-16T00:00:00Z,2026-09-01T00:00:00Z,0.13,duplicate_observation,OBS_011919
IDENT_002648,ACT_0044,handle,SilentNode,SRC_005555,2026-09-30T18:00:37Z,2026-09-01T00:00:00Z,0.21,duplicate_observation,OBS_002741
IDENT_002649,ACT_0030,handle,OnyxRoot,SRC_001979,2025-10-16T21:36:22Z,2026-08-26T21:36:22Z,0.42,duplicate_observation,
IDENT_002650,ACT_0008,handle,SilentPulse,SRC_003549,2025-10-08T10:13:36Z,2026-08-22T10:13:36Z,0.53,duplicate_observation,
IDENT_002651,ACT_0023,handle,NullEcho,SRC_002958,2026-11-06T00:00:00Z,2026-09-01T00:00:00Z,0.3,duplicate_observation,
IDENT_002652,ACT_0014,handle,HavocHollow,SRC_001645,2024-12-24T02:17:28Z,2025-10-15T02:17:28Z,0.26,duplicate_observation,
IDENT_002653,ACT_0024,handle,OnyxEcho,SRC_002888,2026-10-19T00:47:04Z,2026-09-01T00:00:00Z,0.26,duplicate_observation,OBS_013987
IDENT_002654,ACT_0007,handle,GhostForge71,SRC_005111,2024-06-13T13:12:42Z,2024-11-06T13:12:42Z,0.41,duplicate_observation,
IDENT_002655,ACT_0055,handle,StormRunner,SRC_001905,2024-03-22T04:37:32Z,2024-06-20T04:37:32Z,0.22,duplicate_observation,
IDENT_002656,ACT_0050,handle,CipherForge,SRC_003025,2026-10-13T00:00:00Z,2026-09-01T00:00:00Z,0.25,duplicate_observation,
IDENT_002657,ACT_0040,handle,RuneMoth,SRC_002906,2026-10-27T00:00:00Z,2026-09-01T00:00:00Z,0.19,duplicate_observation,
IDENT_002658,ACT_0012,handle,ObsidianRoot49,SRC_003378,2024-12-14T10:37:19Z,2025-01-16T10:37:19Z,0.2,duplicate_observation,OBS_004596
IDENT_002659,ACT_0017,handle,BlackCipher,SRC_001243,2026-09-10T11:28:43Z,2026-09-01T00:00:00Z,0.24,duplicate_observation,OBS_013387
IDENT_002660,ACT_0009,handle,CrimsonReaper,SRC_004167,2026-10-16T00:00:00Z,2026-09-01T00:00:00Z,0.54,duplicate_observation,
IDENT_002661,ACT_0060,handle,CipherEcho,SRC_005299,2026-04-19T22:48:45Z,2026-09-01T00:00:00Z,0.6,duplicate_observation,
IDENT_002662,ACT_0056,handle,AshShade20,SRC_002535,2026-04-19T10:20:14Z,2026-09-01T00:00:00Z,0.35,duplicate_observation,OBS_008341
IDENT_002663,ACT_0026,handle,ZeroFox,SRC_000567,2026-11-11T00:00:00Z,2026-09-01T00:00:00Z,0.23,duplicate_observation,OBS_007067
IDENT_002664,ACT_0025,handle,ChromeOrbit,SRC_002831,2026-09-17T00:00:00Z,2026-09-01T00:00:00Z,0.1,duplicate_observation,OBS_013212
IDENT_002665,ACT_0033,handle,TalonSentinel,SRC_003643,2025-08-17T01:20:48Z,2026-02-19T01:20:48Z,0.7,duplicate_observation,
IDENT_002666,ACT_0039,handle,UmbraWarden,SRC_002925,2026-05-17T04:35:29Z,2026-07-02T04:35:29Z,0.25,duplicate_observation,OBS_011671
IDENT_002667,ACT_0040,handle,ChromeShade,SRC_004134,2026-10-04T00:00:00Z,2026-09-01T00:00:00Z,0.2,duplicate_observation,
IDENT_002668,ACT_0016,handle,PhantomHollow,SRC_000624,2025-03-16T15:47:40Z,2025-08-26T15:47:40Z,0.46,duplicate_observation,
IDENT_002669,ACT_0006,handle,ShadowForge,SRC_005198,2024-02-25T08:56:39Z,2024-07-05T08:56:39Z,0.34,duplicate_observation,
IDENT_002670,ACT_0036,handle,IronMarrow,SRC_001221,2026-11-01T00:00:00Z,2026-09-01T00:00:00Z,0.16,duplicate_observation,OBS_011626
IDENT_002671,ACT_0054,handle,ShadowGrid,SRC_001656,2026-09-27T00:00:00Z,2026-09-01T00:00:00Z,0.25,duplicate_observation,
IDENT_002672,ACT_0043,handle,UmbraRoot,SRC_004202,2025-03-09T22:06:12Z,2026-04-10T22:06:12Z,0.21,duplicate_observation,
IDENT_002673,ACT_0044,handle,SilentNode,SRC_002531,2026-09-12T18:00:37Z,2026-09-01T00:00:00Z,0.43,duplicate_observation,
IDENT_002674,ACT_0005,handle,CipherHollow,SRC_000888,2026-09-17T00:00:00Z,2026-09-01T00:00:00Z,0.1,duplicate_observation,
IDENT_002675,ACT_0037,handle,AshMoth,SRC_001909,2024-09-22T20:05:11Z,2024-12-05T20:05:11Z,0.22,duplicate_observation,
IDENT_002676,ACT_0051,handle,GreyEcho,SRC_000486,2026-07-12T11:41:03Z,2026-09-01T00:00:00Z,0.38,duplicate_observation,
IDENT_002677,ACT_0054,handle,DarkRunner,SRC_001897,2026-07-07T15:36:14Z,2026-09-01T00:00:00Z,0.26,duplicate_observation,
IDENT_002678,ACT_0014,handle,NightLedger,SRC_004437,2024-01-31T02:17:28Z,2024-10-28T02:17:28Z,0.53,duplicate_observation,
IDENT_002679,ACT_0056,handle,VoidNode,SRC_002287,2024-09-02T10:20:14Z,2025-04-01T10:20:14Z,0.19,duplicate_observation,
IDENT_002680,ACT_0031,handle,WraithWarden,SRC_003260,2025-08-23T19:36:25Z,2026-03-21T19:36:25Z,0.34,duplicate_observation,OBS_007430
IDENT_002681,ACT_0051,handle,GreyEcho,SRC_005386,2026-06-28T11:41:03Z,2026-09-01T00:00:00Z,0.48,duplicate_observation,
IDENT_002682,ACT_0050,handle,GhostCrow,SRC_000448,2026-11-13T00:00:00Z,2026-09-01T00:00:00Z,0.61,duplicate_observation,
IDENT_002683,ACT_0004,handle,OnyxNode,SRC_003816,2026-05-09T04:44:17Z,2026-09-01T00:00:00Z,0.44,duplicate_observation,OBS_006525
IDENT_002684,ACT_0004,handle,OnyxNode,SRC_002074,2026-04-28T04:44:17Z,2026-09-01T00:00:00Z,0.32,duplicate_observation,
IDENT_002685,ACT_0005,handle,CipherHollow,SRC_001418,2026-09-24T00:00:00Z,2026-09-01T00:00:00Z,0.46,duplicate_observation,
IDENT_002686,ACT_0014,handle,HavocHollow,SRC_002455,2024-12-22T02:17:28Z,2025-10-08T02:17:28Z,0.63,duplicate_observation,OBS_010687
IDENT_002687,ACT_0055,handle,StormRunner,SRC_000251,2024-04-03T04:37:32Z,2024-06-17T04:37:32Z,0.1,duplicate_observation,
IDENT_002688,ACT_0046,handle,WraithHarbor,SRC_002670,2026-10-24T00:00:00Z,2026-09-01T00:00:00Z,0.27,duplicate_observation,OBS_011878
IDENT_002689,ACT_0045,handle,PhantomWolf,SRC_004808,2025-11-16T07:17:31Z,2026-09-01T00:00:00Z,0.54,duplicate_observation,
IDENT_002690,ACT_0009,handle,WraithHex25,SRC_000890,2026-09-23T00:00:00Z,2026-09-01T00:00:00Z,0.26,duplicate_observation,OBS_010226
IDENT_002691,ACT_0021,handle,StormLedger,SRC_004143,2026-09-20T00:00:00Z,2026-09-01T00:00:00Z,0.19,duplicate_observation,
IDENT_002692,ACT_0044,handle,GreyMoth,SRC_000940,2024-11-24T18:00:37Z,2026-01-27T18:00:37Z,0.12,duplicate_observation,OBS_013201
IDENT_002693,ACT_0054,handle,UmbraHollow,SRC_001675,2026-02-19T15:36:14Z,2026-05-17T15:36:14Z,0.57,duplicate_observation,OBS_013817
IDENT_002694,ACT_0030,handle,OnyxRoot,SRC_002022,2025-10-12T21:36:22Z,2026-09-01T00:00:00Z,0.11,duplicate_observation,
IDENT_002695,ACT_0056,handle,VoidCipher,SRC_004777,2026-10-09T00:00:00Z,2026-09-01T00:00:00Z,0.21,duplicate_observation,OBS_006880
IDENT_002696,ACT_0045,handle,VectorCrow,SRC_005437,2024-11-30T07:17:31Z,2025-04-02T07:17:31Z,0.38,duplicate_observation,
IDENT_002697,ACT_0025,handle,GhostSentinel,SRC_005457,2026-11-15T00:00:00Z,2026-09-01T00:00:00Z,0.33,duplicate_observation,OBS_007671
IDENT_002698,ACT_0044,handle,NightSentinel32,SRC_004668,2026-03-23T18:00:37Z,2026-07-22T18:00:37Z,0.6,duplicate_observation,
IDENT_002699,ACT_0050,handle,FrostReaper,SRC_004918,2026-07-17T02:56:43Z,2026-09-01T00:00:00Z,0.15,duplicate_observation,
IDENT_002700,ACT_0017,handle,BlackCipher,SRC_003028,2026-09-02T11:28:43Z,2026-09-01T00:00:00Z,0.57,duplicate_observation,OBS_003249
IDENT_002701,ACT_0014,handle,NightLedger,SRC_000449,2024-01-28T02:17:28Z,2024-11-10T02:17:28Z,0.46,duplicate_observation,OBS_005458
IDENT_002702,ACT_0016,handle,PhantomHollow,SRC_002271,2025-03-18T15:47:40Z,2025-09-06T15:47:40Z,0.28,duplicate_observation,OBS_002620
IDENT_002703,ACT_0033,handle,TalonSentinel,SRC_000363,2025-08-05T01:20:48Z,2026-02-21T01:20:48Z,0.29,duplicate_observation,
IDENT_002704,ACT_0058,handle,PhantomDrift95,SRC_002357,2025-08-26T17:09:54Z,2025-11-25T17:09:54Z,0.5,duplicate_observation,
IDENT_002705,ACT_0009,handle,AshSignal52,SRC_001004,2026-10-29T00:00:00Z,2026-09-01T00:00:00Z,0.6,duplicate_observation,OBS_013795
IDENT_002706,ACT_0053,handle,IronHarbor,SRC_001485,2024-08-16T21:22:52Z,2025-02-12T21:22:52Z,0.53,duplicate_observation,OBS_005249
IDENT_002707,ACT_0009,handle,WraithHex25,SRC_003441,2026-09-28T00:00:00Z,2026-09-01T00:00:00Z,0.37,duplicate_observation,
IDENT_002708,ACT_0045,handle,UmbraMarrow,SRC_001455,2025-05-16T07:17:31Z,2025-11-23T07:17:31Z,0.22,duplicate_observation,
IDENT_002709,ACT_0032,handle,VoidHollow,SRC_004874,2026-08-07T17:55:46Z,2026-09-01T00:00:00Z,0.2,duplicate_observation,OBS_005614
IDENT_002710,ACT_0031,handle,StormMarrow37,SRC_001736,2025-03-18T19:36:25Z,2025-07-26T19:36:25Z,0.53,duplicate_observation,OBS_000987
IDENT_002711,ACT_0014,handle,NightLedger,SRC_004304,2024-01-31T02:17:28Z,2024-11-08T02:17:28Z,0.1,duplicate_observation,OBS_001603
IDENT_002712,ACT_0042,handle,ObsidianWarden,SRC_001237,2025-05-10T00:56:31Z,2025-07-07T00:56:31Z,0.62,duplicate_observation,
IDENT_002713,ACT_0045,handle,PhantomWolf,SRC_001618,2025-11-21T07:17:31Z,2026-09-01T00:00:00Z,0.53,duplicate_observation,OBS_011738
IDENT_002714,ACT_0025,handle,TalonEcho,SRC_003363,2026-09-23T00:00:00Z,2026-09-01T00:00:00Z,0.46,duplicate_observation,
IDENT_002715,ACT_0047,handle,StormFox,SRC_001241,2024-08-29T22:38:20Z,2024-10-29T22:38:20Z,0.5,duplicate_observation,
IDENT_002716,ACT_0053,handle,OnyxFang,SRC_001882,2025-03-02T21:22:52Z,2026-03-24T21:22:52Z,0.35,duplicate_observation,
IDENT_002717,ACT_0054,handle,ShadowGrid,SRC_001327,2026-10-01T00:00:00Z,2026-09-01T00:00:00Z,0.23,duplicate_observation,OBS_005648
IDENT_002718,ACT_0008,handle,IronCrow,SRC_000483,2025-04-17T10:13:36Z,2025-09-05T10:13:36Z,0.18,duplicate_observation,OBS_008165
IDENT_002719,ACT_0031,handle,WraithWarden,SRC_003345,2025-09-01T19:36:25Z,2026-03-12T19:36:25Z,0.49,duplicate_observation,OBS_007563
IDENT_002720,ACT_0044,handle,SilentNode,SRC_004730,2026-09-16T18:00:37Z,2026-09-01T00:00:00Z,0.28,duplicate_observation,
IDENT_002721,ACT_0005,handle,CipherHollow,SRC_003027,2026-09-12T00:00:00Z,2026-09-01T00:00:00Z,0.13,duplicate_observation,OBS_005383
IDENT_002722,ACT_0031,handle,WraithWarden,SRC_004251,2025-09-08T19:36:25Z,2026-03-13T19:36:25Z,0.27,duplicate_observation,
IDENT_002723,ACT_0056,handle,NightCrow,SRC_003577,2025-03-30T10:20:14Z,2026-01-14T10:20:14Z,0.29,duplicate_observation,
IDENT_002724,ACT_0012,handle,ObsidianRoot49,SRC_003221,2024-12-17T10:37:19Z,2025-01-21T10:37:19Z,0.43,duplicate_observation,
IDENT_002725,ACT_0035,handle,BlackReaper60,SRC_003381,2026-11-08T00:00:00Z,2026-09-01T00:00:00Z,0.53,duplicate_observation,OBS_002061
IDENT_002726,ACT_0044,handle,SilentNode,SRC_003534,2026-09-12T18:00:37Z,2026-09-01T00:00:00Z,0.39,duplicate_observation,
IDENT_002727,ACT_0051,handle,FrostSignal,SRC_004201,2026-10-19T00:00:00Z,2026-09-01T00:00:00Z,0.16,duplicate_observation,OBS_003556
IDENT_002728,ACT_0006,handle,RogueRoot,SRC_002499,2025-09-11T08:56:39Z,2025-12-09T08:56:39Z,0.51,duplicate_observation,OBS_003674
IDENT_002729,ACT_0006,handle,ForgeVector,SRC_004931,2024-09-02T08:56:39Z,2025-09-01T08:56:39Z,0.1,duplicate_observation,OBS_006978
IDENT_002730,ACT_0032,handle,RuneEcho,SRC_003992,2025-08-06T17:55:46Z,2026-08-01T17:55:46Z,0.3,duplicate_observation,OBS_000260
IDENT_002731,ACT_0008,handle,FrostMoth,SRC_005326,2026-10-08T10:13:36Z,2026-09-01T00:00:00Z,0.36,duplicate_observation,OBS_009989
IDENT_002732,ACT_0030,handle,CrimsonForge,SRC_003739,2024-06-21T21:36:22Z,2024-12-09T21:36:22Z,0.14,duplicate_observation,OBS_009466
IDENT_002733,ACT_0058,handle,DarkSignal,SRC_003522,2026-01-11T17:09:54Z,2026-09-01T00:00:00Z,0.36,duplicate_observation,
IDENT_002734,ACT_0046,handle,WraithHarbor,SRC_004110,2026-10-25T00:00:00Z,2026-09-01T00:00:00Z,0.33,duplicate_observation,
IDENT_002735,ACT_0042,handle,ObsidianWarden,SRC_003005,2025-05-22T00:56:31Z,2025-06-18T00:56:31Z,0.32,duplicate_observation,
IDENT_002736,ACT_0029,handle,GhostShade,SRC_003681,2024-05-17T22:51:37Z,2025-04-19T22:51:37Z,0.1,duplicate_observation,
IDENT_002737,ACT_0036,handle,TalonSpire,SRC_001588,2026-04-11T18:10:40Z,2026-09-01T00:00:00Z,0.11,duplicate_observation,OBS_009688
IDENT_002738,ACT_0005,handle,CipherHollow,SRC_003653,2026-09-13T00:00:00Z,2026-09-01T00:00:00Z,0.1,duplicate_observation,OBS_005674
IDENT_002739,ACT_0034,handle,DarkVector32,SRC_001879,2024-11-27T10:59:17Z,2025-08-28T10:59:17Z,0.29,duplicate_observation,
IDENT_002740,ACT_0050,handle,FrostReaper,SRC_000619,2026-07-17T02:56:43Z,2026-09-01T00:00:00Z,0.25,duplicate_observation,
IDENT_002741,ACT_0038,handle,VectorVector,SRC_005779,2025-08-19T11:07:27Z,2025-10-19T11:07:27Z,0.54,duplicate_observation,OBS_014488
IDENT_002742,ACT_0036,handle,TalonSpire,SRC_004651,2026-04-28T18:10:40Z,2026-09-01T00:00:00Z,0.53,duplicate_observation,OBS_003758
IDENT_002743,ACT_0058,handle,DarkSignal,SRC_003977,2026-01-08T17:09:54Z,2026-09-01T00:00:00Z,0.4,duplicate_observation,
IDENT_002744,ACT_0034,handle,DarkVector32,SRC_001753,2024-12-10T10:59:17Z,2025-09-01T10:59:17Z,0.7,duplicate_observation,
IDENT_002745,ACT_0024,handle,VectorHarbor,SRC_005834,2026-11-01T00:00:00Z,2026-09-01T00:00:00Z,0.26,duplicate_observation,
IDENT_002746,ACT_0017,handle,BlackCipher,SRC_005201,2026-09-02T11:28:43Z,2026-09-01T00:00:00Z,0.46,duplicate_observation,
IDENT_002747,ACT_0050,handle,FrostReaper,SRC_000007,2026-07-02T02:56:43Z,2026-09-01T00:00:00Z,0.43,duplicate_observation,OBS_006521
IDENT_002748,ACT_0028,handle,OnyxPulse,SRC_003667,2024-12-31T00:39:48Z,2025-05-11T00:39:48Z,0.34,duplicate_observation,OBS_005597
IDENT_002749,ACT_0015,handle,SilverLedger,SRC_003285,2026-10-28T00:00:00Z,2026-09-01T00:00:00Z,0.26,duplicate_observation,
IDENT_002750,ACT_0049,handle,EmberSignal,SRC_003591,2026-05-29T01:19:15Z,2026-09-01T00:00:00Z,0.26,duplicate_observation,OBS_009058
IDENT_002751,ACT_0019,handle,EmberWolf,SRC_004513,2026-10-18T00:00:00Z,2026-09-01T00:00:00Z,0.57,duplicate_observation,
IDENT_002752,ACT_0020,handle,BlackRoot71,SRC_003510,2025-11-04T15:43:16Z,2026-03-01T15:43:16Z,0.54,duplicate_observation,
IDENT_002753,ACT_0054,handle,ShadowGrid,SRC_004823,2026-10-03T00:00:00Z,2026-09-01T00:00:00Z,0.44,duplicate_observation,OBS_012409
IDENT_002754,ACT_0036,handle,TalonSpire,SRC_001001,2026-04-18T18:10:40Z,2026-09-01T00:00:00Z,0.35,duplicate_observation,OBS_008919
IDENT_002755,ACT_0058,handle,DarkSignal,SRC_005482,2026-01-16T17:09:54Z,2026-09-01T00:00:00Z,0.23,duplicate_observation,OBS_008747
IDENT_002756,ACT_0007,handle,GhostForge71,SRC_003270,2024-06-11T13:12:42Z,2024-10-28T13:12:42Z,0.47,duplicate_observation,OBS_008891
IDENT_002757,ACT_0040,handle,StormPulse,SRC_001537,2026-09-30T00:00:00Z,2026-09-01T00:00:00Z,0.6,duplicate_observation,
IDENT_002758,ACT_0032,handle,VoidHollow,SRC_002811,2026-08-08T17:55:46Z,2026-09-01T00:00:00Z,0.22,duplicate_observation,
IDENT_002759,ACT_0035,handle,RogueDrift,SRC_003997,2026-11-09T00:00:00Z,2026-09-01T00:00:00Z,0.1,duplicate_observation,OBS_012122
IDENT_002760,ACT_0052,handle,IronRunner,SRC_003575,2025-07-19T08:12:20Z,2026-03-04T08:12:20Z,0.23,duplicate_observation,
IDENT_002761,ACT_0051,handle,EmberOrbit93,SRC_002601,2026-09-04T00:00:00Z,2026-09-01T00:00:00Z,0.32,duplicate_observation,
IDENT_002762,ACT_0035,handle,StormDrift,SRC_001688,2026-10-16T00:00:00Z,2026-09-01T00:00:00Z,0.3,duplicate_observation,OBS_008238
IDENT_002763,ACT_0050,handle,GhostCrow,SRC_003311,2026-11-01T00:00:00Z,2026-09-01T00:00:00Z,0.22,duplicate_observation,OBS_003687
IDENT_002764,ACT_0036,handle,OnyxHex,SRC_005182,2026-09-18T00:00:00Z,2026-09-01T00:00:00Z,0.54,duplicate_observation,
IDENT_002765,ACT_0059,handle,FrostRunner37,SRC_000794,2026-10-19T00:00:00Z,2026-09-01T00:00:00Z,0.27,duplicate_observation,
IDENT_002766,ACT_0040,handle,FrostWolf,SRC_004872,2025-05-25T18:08:11Z,2025-12-04T18:08:11Z,0.29,duplicate_observation,OBS_007315
IDENT_002767,ACT_0017,handle,UmbraSpire59,SRC_004073,2025-08-18T11:28:43Z,2026-07-26T11:28:43Z,0.1,duplicate_observation,OBS_004639
IDENT_002768,ACT_0052,handle,IronRunner,SRC_000215,2025-08-01T08:12:20Z,2026-03-02T08:12:20Z,0.37,duplicate_observation,
IDENT_002769,ACT_0023,handle,GreyOrbit,SRC_005060,2026-04-23T00:01:56Z,2026-09-01T00:00:00Z,0.23,duplicate_observation,OBS_003159
IDENT_002770,ACT_0005,handle,CipherHollow,SRC_001974,2026-09-13T00:00:00Z,2026-09-01T00:00:00Z,0.43,duplicate_observation,
IDENT_002771,ACT_0035,handle,BlackReaper60,SRC_001086,2026-10-26T00:00:00Z,2026-09-01T00:00:00Z,0.33,duplicate_observation,OBS_008326
IDENT_002772,ACT_0060,handle,CipherEcho,SRC_002509,2026-04-20T22:48:45Z,2026-09-01T00:00:00Z,0.44,duplicate_observation,
IDENT_002773,ACT_0031,handle,WraithWarden,SRC_004532,2025-09-04T19:36:25Z,2026-03-02T19:36:25Z,0.32,duplicate_observation,OBS_009748
IDENT_002774,ACT_0052,handle,IronRunner,SRC_002548,2025-07-23T08:12:20Z,2026-02-23T08:12:20Z,0.53,duplicate_observation,OBS_008280
IDENT_002775,ACT_0054,handle,DarkRunner,SRC_001476,2026-06-25T15:36:14Z,2026-09-01T00:00:00Z,0.23,duplicate_observation,OBS_004749
IDENT_002776,ACT_0032,handle,VoidHollow,SRC_004545,2026-08-14T17:55:46Z,2026-09-01T00:00:00Z,0.1,duplicate_observation,
IDENT_002777,ACT_0025,handle,DarkMarrow,SRC_003566,2026-05-09T13:33:59Z,2026-09-01T00:00:00Z,0.36,duplicate_observation,
IDENT_002778,ACT_0055,handle,HavocSentinel,SRC_000480,2024-08-11T04:37:32Z,2025-11-25T04:37:32Z,0.63,duplicate_observation,OBS_012179
IDENT_002779,ACT_0005,handle,CipherHollow,SRC_000646,2026-09-27T00:00:00Z,2026-09-01T00:00:00Z,0.7,duplicate_observation,
IDENT_002780,ACT_0023,handle,SilverPulse,SRC_005745,2026-10-06T00:00:00Z,2026-09-01T00:00:00Z,0.12,duplicate_observation,OBS_011809
IDENT_002781,ACT_0013,handle,VectorPulse,SRC_001585,2026-07-09T09:25:01Z,2026-09-01T00:00:00Z,0.19,duplicate_observation,
IDENT_002782,ACT_0026,handle,ZeroFox,SRC_005224,2026-11-03T00:00:00Z,2026-09-01T00:00:00Z,0.13,duplicate_observation,OBS_008219
IDENT_002783,ACT_0024,handle,VectorHarbor,SRC_000968,2026-10-27T00:00:00Z,2026-09-01T00:00:00Z,0.29,duplicate_observation,
IDENT_002784,ACT_0009,handle,WraithHex25,SRC_000053,2026-10-12T00:00:00Z,2026-09-01T00:00:00Z,0.21,duplicate_observation,OBS_011505
IDENT_002785,ACT_0048,handle,CrimsonTrace,SRC_001770,2024-08-19T21:47:44Z,2025-11-21T21:47:44Z,0.37,duplicate_observation,OBS_010068
IDENT_002786,ACT_0008,handle,IronCrow,SRC_003825,2025-04-22T10:13:36Z,2025-08-29T10:13:36Z,0.28,duplicate_observation,
IDENT_002787,ACT_0008,handle,RuneLedger,SRC_000085,2025-01-04T10:13:36Z,2025-03-04T10:13:36Z,0.7,duplicate_observation,
IDENT_002788,ACT_0042,handle,AshFox60,SRC_002349,2025-07-02T00:56:31Z,2025-11-12T00:56:31Z,0.56,duplicate_observation,
IDENT_002789,ACT_0018,handle,DriftTrace,SRC_000873,2024-06-07T18:40:31Z,2025-10-08T18:40:31Z,0.39,duplicate_observation,OBS_014015
IDENT_002790,ACT_0026,handle,BlackDrift,SRC_001788,2026-02-25T18:43:51Z,2026-09-01T00:00:00Z,0.14,duplicate_observation,OBS_009837
IDENT_002791,ACT_0011,handle,IronSpecter,SRC_001530,2026-11-09T00:00:00Z,2026-09-01T00:00:00Z,0.56,duplicate_observation,OBS_014403
IDENT_002792,ACT_0023,handle,GreySentinel,SRC_003016,2026-09-24T00:00:00Z,2026-09-01T00:00:00Z,0.1,duplicate_observation,
IDENT_002793,ACT_0008,handle,SilentPulse,SRC_005668,2025-09-30T10:13:36Z,2026-08-20T10:13:36Z,0.33,duplicate_observation,
IDENT_002794,ACT_0054,handle,ShadowGrid,SRC_004300,2026-10-10T00:00:00Z,2026-09-01T00:00:00Z,0.61,duplicate_observation,OBS_005933
IDENT_002795,ACT_0053,handle,DarkOrbit,SRC_001973,2026-04-01T21:22:52Z,2026-09-01T00:00:00Z,0.22,duplicate_observation,
IDENT_002796,ACT_0043,handle,CrimsonCrow,SRC_005433,2026-06-05T22:06:12Z,2026-09-01T00:00:00Z,0.29,duplicate_observation,OBS_010000
IDENT_002797,ACT_0029,handle,GhostShade,SRC_001869,2024-05-08T22:51:37Z,2025-05-01T22:51:37Z,0.18,duplicate_observation,OBS_013025
IDENT_002798,ACT_0025,handle,DarkMarrow,SRC_002894,2026-05-14T13:33:59Z,2026-09-01T00:00:00Z,0.43,duplicate_observation,OBS_005963
IDENT_002799,ACT_0050,handle,ShadowNode,SRC_003701,2026-10-08T00:00:00Z,2026-09-01T00:00:00Z,0.1,duplicate_observation,
IDENT_002800,ACT_0011,handle,StormMarrow12,SRC_004170,2026-05-10T12:53:27Z,2026-09-01T00:00:00Z,0.1,duplicate_observation,OBS_011894
IDENT_002801,ACT_0037,handle,AshMoth,SRC_001261,2024-09-17T20:05:11Z,2024-11-19T20:05:11Z,0.7,duplicate_observation,
IDENT_002802,ACT_0045,handle,UmbraMarrow,SRC_004206,2025-04-30T07:17:31Z,2025-11-16T07:17:31Z,0.2,duplicate_observation,
IDENT_002803,ACT_0040,handle,StormPulse,SRC_000498,2026-10-14T00:00:00Z,2026-09-01T00:00:00Z,0.22,duplicate_observation,OBS_001053
IDENT_002804,ACT_0014,handle,NightLedger,SRC_000213,2024-01-20T02:17:28Z,2024-11-05T02:17:28Z,0.1,duplicate_observation,OBS_003942
IDENT_002805,ACT_0006,handle,ShadowForge,SRC_002804,2024-03-09T08:56:39Z,2024-07-16T08:56:39Z,0.29,duplicate_observation,
IDENT_002806,ACT_0001,handle,SilentTrace,SRC_000777,2024-02-08T20:28:06Z,2024-12-26T20:28:06Z,0.68,duplicate_observation,OBS_005617
IDENT_002807,ACT_0031,handle,StormMarrow37,SRC_002309,2025-03-16T19:36:25Z,2025-07-23T19:36:25Z,0.61,duplicate_observation,OBS_007933
IDENT_002808,ACT_0005,handle,CipherHollow,SRC_001923,2026-09-25T00:00:00Z,2026-09-01T00:00:00Z,0.3,duplicate_observation,OBS_011680
IDENT_002809,ACT_0030,handle,OnyxRoot,SRC_004741,2025-10-10T21:36:22Z,2026-09-01T00:00:00Z,0.14,duplicate_observation,OBS_012972
IDENT_002810,ACT_0024,handle,OnyxEcho,SRC_000937,2026-10-22T00:47:04Z,2026-09-01T00:00:00Z,0.22,duplicate_observation,OBS_009767
IDENT_002811,ACT_0024,handle,VectorHarbor,SRC_005598,2026-11-04T00:00:00Z,2026-09-01T00:00:00Z,0.34,duplicate_observation,
IDENT_002812,ACT_0040,handle,FrostWolf,SRC_000356,2025-06-07T18:08:11Z,2025-11-20T18:08:11Z,0.25,duplicate_observation,
IDENT_002813,ACT_0043,handle,CrimsonCrow,SRC_002992,2026-06-08T22:06:12Z,2026-09-01T00:00:00Z,0.19,duplicate_observation,OBS_004354
IDENT_002814,ACT_0006,handle,ShadowForge,SRC_005411,2024-03-06T08:56:39Z,2024-07-10T08:56:39Z,0.33,duplicate_observation,
IDENT_002815,ACT_0056,handle,VoidNode,SRC_002519,2024-09-11T10:20:14Z,2025-04-02T10:20:14Z,0.39,duplicate_observation,OBS_003403
IDENT_002816,ACT_0004,handle,OnyxNode,SRC_004631,2026-05-03T04:44:17Z,2026-09-01T00:00:00Z,0.7,duplicate_observation,OBS_007406
IDENT_002817,ACT_0034,handle,DarkVector32,SRC_004711,2024-11-26T10:59:17Z,2025-09-03T10:59:17Z,0.25,duplicate_observation,OBS_006376
IDENT_002818,ACT_0013,handle,VectorNode,SRC_005727,2026-10-31T00:00:00Z,2026-09-01T00:00:00Z,0.62,duplicate_observation,OBS_005908
IDENT_002819,ACT_0040,handle,ObsidianHex,SRC_001282,2026-01-17T18:08:11Z,2026-09-01T00:00:00Z,0.62,duplicate_observation,OBS_000767
IDENT_002820,ACT_0044,handle,NightSentinel32,SRC_004887,2026-03-15T18:00:37Z,2026-08-05T18:00:37Z,0.11,duplicate_observation,OBS_009294
IDENT_002821,ACT_0011,handle,StormMarrow12,SRC_002965,2026-04-28T12:53:27Z,2026-09-01T00:00:00Z,0.42,duplicate_observation,OBS_008082
IDENT_002822,ACT_0010,handle,SilentFox,SRC_000921,2026-06-07T20:43:57Z,2026-09-01T00:00:00Z,0.19,duplicate_observation,
IDENT_002823,ACT_0014,handle,HavocHollow,SRC_000224,2025-01-10T02:17:28Z,2025-10-15T02:17:28Z,0.3,duplicate_observation,
IDENT_002824,ACT_0014,handle,HavocHollow,SRC_003388,2024-12-30T02:17:28Z,2025-10-09T02:17:28Z,0.12,duplicate_observation,OBS_001092
IDENT_002825,ACT_0034,handle,PhantomOrbit,SRC_005557,2026-10-24T00:00:00Z,2026-09-01T00:00:00Z,0.36,duplicate_observation,
IDENT_002826,ACT_0015,handle,SilverLedger,SRC_005704,2026-10-09T00:00:00Z,2026-09-01T00:00:00Z,0.57,duplicate_observation,OBS_002437
IDENT_002827,ACT_0027,handle,CrimsonWolf,SRC_002649,2024-07-28T01:12:14Z,2025-10-20T01:12:14Z,0.34,duplicate_observation,
IDENT_002828,ACT_0008,handle,FrostMoth,SRC_001854,2026-10-10T10:13:36Z,2026-09-01T00:00:00Z,0.31,duplicate_observation,
IDENT_002829,ACT_0009,handle,WraithHex25,SRC_005171,2026-10-01T00:00:00Z,2026-09-01T00:00:00Z,0.27,duplicate_observation,OBS_011598
IDENT_002830,ACT_0030,handle,CrimsonForge,SRC_000728,2024-06-12T21:36:22Z,2024-12-18T21:36:22Z,0.53,duplicate_observation,OBS_003708
IDENT_002831,ACT_0046,handle,VectorSentinel,SRC_003815,2026-07-16T14:13:34Z,2026-09-01T00:00:00Z,0.56,duplicate_observation,OBS_010642
IDENT_002832,ACT_0053,handle,IronHarbor,SRC_002345,2024-08-21T21:22:52Z,2025-02-23T21:22:52Z,0.44,duplicate_observation,
IDENT_002833,ACT_0017,handle,BlackCipher,SRC_004364,2026-09-13T11:28:43Z,2026-09-01T00:00:00Z,0.56,duplicate_observation,OBS_009239
IDENT_002834,ACT_0025,handle,DarkMarrow,SRC_000641,2026-05-15T13:33:59Z,2026-09-01T00:00:00Z,0.3,duplicate_observation,
IDENT_002835,ACT_0021,handle,NullPulse,SRC_002058,2026-09-25T00:00:00Z,2026-09-01T00:00:00Z,0.22,duplicate_observation,OBS_009726
IDENT_002836,ACT_0026,handle,ZeroFox,SRC_000230,2026-11-01T00:00:00Z,2026-09-01T00:00:00Z,0.37,duplicate_observation,
IDENT_002837,ACT_0032,handle,VoidHollow,SRC_005291,2026-08-06T17:55:46Z,2026-09-01T00:00:00Z,0.3,duplicate_observation,
IDENT_002838,ACT_0052,handle,ZeroTrace,SRC_003712,2026-10-13T00:00:00Z,2026-09-01T00:00:00Z,0.31,duplicate_observation,OBS_012414
IDENT_002839,ACT_0051,handle,EmberOrbit93,SRC_003509,2026-09-06T00:00:00Z,2026-09-01T00:00:00Z,0.13,duplicate_observation,OBS_000141
IDENT_002840,ACT_0026,handle,ZeroFox,SRC_002303,2026-10-31T00:00:00Z,2026-09-01T00:00:00Z,0.19,duplicate_observation,OBS_004730
IDENT_002841,ACT_0037,handle,VoidMoth,SRC_000258,2025-01-22T20:05:11Z,2025-07-21T20:05:11Z,0.21,duplicate_observation,OBS_000802
IDENT_002842,ACT_0027,handle,RuneWarden,SRC_003924,2024-05-08T01:12:14Z,2024-06-11T01:12:14Z,0.51,duplicate_observation,OBS_014464
IDENT_002843,ACT_0026,handle,ZeroFox,SRC_001190,2026-11-03T00:00:00Z,2026-09-01T00:00:00Z,0.53,duplicate_observation,OBS_001397
IDENT_002844,ACT_0032,handle,VoidHollow,SRC_002516,2026-08-17T17:55:46Z,2026-09-01T00:00:00Z,0.18,duplicate_observation,OBS_002727
IDENT_002845,ACT_0036,handle,TalonSpire,SRC_004785,2026-04-27T18:10:40Z,2026-09-01T00:00:00Z,0.1,duplicate_observation,
IDENT_002846,ACT_0038,handle,VectorVector,SRC_002991,2025-08-13T11:07:27Z,2025-10-28T11:07:27Z,0.7,duplicate_observation,OBS_011479
IDENT_002847,ACT_0048,handle,CrimsonTrace,SRC_001839,2024-08-08T21:47:44Z,2025-11-18T21:47:44Z,0.2,duplicate_observation,OBS_012914
IDENT_002848,ACT_0046,handle,ObsidianFalcon,SRC_002764,2025-09-25T14:13:34Z,2026-01-20T14:13:34Z,0.18,duplicate_observation,
IDENT_002849,ACT_0044,handle,SilentNode,SRC_000304,2026-10-01T18:00:37Z,2026-09-01T00:00:00Z,0.5,duplicate_observation,OBS_002704
IDENT_002850,ACT_0051,handle,SilverGrid,SRC_001894,2026-11-03T00:00:00Z,2026-09-01T00:00:00Z,0.1,duplicate_observation,OBS_001155
IDENT_002851,ACT_0029,handle,ChromeHex39,SRC_002687,2025-05-08T22:51:37Z,2026-03-10T22:51:37Z,0.28,duplicate_observation,OBS_013432
IDENT_002852,ACT_0059,handle,VectorHex,SRC_003312,2026-10-08T00:00:00Z,2026-09-01T00:00:00Z,0.16,duplicate_observation,OBS_000534
IDENT_002853,ACT_0008,handle,RuneLedger,SRC_004925,2025-01-12T10:13:36Z,2025-03-13T10:13:36Z,0.23,duplicate_observation,OBS_011333
IDENT_002854,ACT_0014,handle,HavocHollow,SRC_005218,2025-01-11T02:17:28Z,2025-10-14T02:17:28Z,0.41,duplicate_observation,
IDENT_002855,ACT_0042,handle,CipherFalcon,SRC_004936,2025-11-15T00:56:31Z,2026-07-28T00:56:31Z,0.44,duplicate_observation,
IDENT_002856,ACT_0056,handle,NightCrow,SRC_002760,2025-04-11T10:20:14Z,2026-01-07T10:20:14Z,0.23,duplicate_observation,
IDENT_002857,ACT_0035,handle,RogueDrift,SRC_000359,2026-11-08T00:00:00Z,2026-09-01T00:00:00Z,0.12,duplicate_observation,
IDENT_002858,ACT_0053,handle,OnyxFang,SRC_003635,2025-03-07T21:22:52Z,2026-03-10T21:22:52Z,0.44,duplicate_observation,
IDENT_002859,ACT_0036,handle,OnyxHex,SRC_002288,2026-09-25T00:00:00Z,2026-09-01T00:00:00Z,0.16,duplicate_observation,OBS_010676
IDENT_002860,ACT_0054,handle,UmbraHollow,SRC_001910,2026-02-22T15:36:14Z,2026-05-04T15:36:14Z,0.3,duplicate_observation,
IDENT_002861,ACT_0021,handle,StormWolf89,SRC_004172,2026-10-04T00:00:00Z,2026-09-01T00:00:00Z,0.48,duplicate_observation,OBS_004726
IDENT_002862,ACT_0058,handle,DarkSignal,SRC_002290,2026-01-11T17:09:54Z,2026-09-01T00:00:00Z,0.7,duplicate_observation,
IDENT_002863,ACT_0050,handle,CipherForge,SRC_002523,2026-10-19T00:00:00Z,2026-09-01T00:00:00Z,0.23,duplicate_observation,
IDENT_002864,ACT_0036,handle,IronMarrow,SRC_002211,2026-11-02T00:00:00Z,2026-09-01T00:00:00Z,0.24,duplicate_observation,OBS_010805
IDENT_002865,ACT_0051,handle,FrostSignal,SRC_002404,2026-10-06T00:00:00Z,2026-09-01T00:00:00Z,0.46,duplicate_observation,
IDENT_002866,ACT_0017,handle,ChromeSignal,SRC_002093,2024-12-08T11:28:43Z,2025-06-17T11:28:43Z,0.39,duplicate_observation,
IDENT_002867,ACT_0034,handle,HavocSentinel54,SRC_002452,2025-10-17T10:59:17Z,2026-09-01T00:00:00Z,0.25,duplicate_observation,OBS_000584
IDENT_002868,ACT_0051,handle,FrostSignal,SRC_001218,2026-10-17T00:00:00Z,2026-09-01T00:00:00Z,0.1,duplicate_observation,OBS_005157
IDENT_002869,ACT_0034,handle,ObsidianMoth89,SRC_000862,2026-10-07T00:00:00Z,2026-09-01T00:00:00Z,0.25,duplicate_observation,OBS_004540
IDENT_002870,ACT_0050,handle,CipherForge,SRC_004195,2026-10-11T00:00:00Z,2026-09-01T00:00:00Z,0.59,duplicate_observation,OBS_003858
IDENT_002871,ACT_0015,handle,SilverLedger,SRC_003129,2026-10-20T00:00:00Z,2026-09-01T00:00:00Z,0.2,duplicate_observation,OBS_010139
IDENT_002872,ACT_0025,handle,GhostSentinel,SRC_001637,2026-11-14T00:00:00Z,2026-09-01T00:00:00Z,0.12,duplicate_observation,OBS_012982
IDENT_002873,ACT_0023,handle,GreySentinel,SRC_000062,2026-09-13T00:00:00Z,2026-09-01T00:00:00Z,0.2,duplicate_observation,
IDENT_002874,ACT_0012,handle,CipherSpire,SRC_005297,2025-02-10T10:37:19Z,2025-11-11T10:37:19Z,0.59,duplicate_observation,OBS_011313
IDENT_002875,ACT_0021,handle,ShadowForge,SRC_005526,2026-08-12T20:32:16Z,2026-09-01T00:00:00Z,0.7,duplicate_observation,
IDENT_002876,ACT_0051,handle,FrostSignal,SRC_001063,2026-10-10T00:00:00Z,2026-09-01T00:00:00Z,0.25,duplicate_observation,
IDENT_002877,ACT_0031,handle,WraithWarden,SRC_000434,2025-08-20T19:36:25Z,2026-03-21T19:36:25Z,0.23,duplicate_observation,
IDENT_002878,ACT_0005,handle,CipherHollow,SRC_001574,2026-10-02T00:00:00Z,2026-09-01T00:00:00Z,0.24,duplicate_observation,OBS_009457
IDENT_002879,ACT_0060,handle,CipherEcho,SRC_002550,2026-04-19T22:48:45Z,2026-09-01T00:00:00Z,0.18,duplicate_observation,OBS_006576
IDENT_002880,ACT_0034,handle,ObsidianMoth89,SRC_000746,2026-10-13T00:00:00Z,2026-09-01T00:00:00Z,0.22,duplicate_observation,OBS_003257
IDENT_002881,ACT_0053,handle,IronHarbor,SRC_003553,2024-08-06T21:22:52Z,2025-02-11T21:22:52Z,0.23,duplicate_observation,
IDENT_002882,ACT_0024,handle,WraithSpire,SRC_000652,2025-08-16T00:47:04Z,2026-08-25T00:47:04Z,0.48,duplicate_observation,OBS_012082
IDENT_002883,ACT_0034,handle,PhantomOrbit,SRC_004812,2026-10-27T00:00:00Z,2026-09-01T00:00:00Z,0.1,duplicate_observation,
IDENT_002884,ACT_0051,handle,FrostSignal,SRC_004259,2026-10-06T00:00:00Z,2026-09-01T00:00:00Z,0.61,duplicate_observation,OBS_003460
IDENT_002885,ACT_0006,handle,ForgeVector,SRC_000961,2024-09-04T08:56:39Z,2025-08-18T08:56:39Z,0.22,duplicate_observation,OBS_007116
IDENT_002886,ACT_0053,handle,OnyxFang,SRC_000960,2025-03-02T21:22:52Z,2026-03-22T21:22:52Z,0.2,duplicate_observation,OBS_001358
IDENT_002887,ACT_0023,handle,NullEcho,SRC_004499,2026-11-11T00:00:00Z,2026-09-01T00:00:00Z,0.14,duplicate_observation,
IDENT_002888,ACT_0026,handle,RuneCrow,SRC_004576,2025-09-19T18:43:51Z,2026-02-19T18:43:51Z,0.55,duplicate_observation,
IDENT_002889,ACT_0020,handle,ZeroOrbit,SRC_004169,2026-03-24T15:43:16Z,2026-09-01T00:00:00Z,0.12,duplicate_observation,OBS_006280
IDENT_002890,ACT_0034,handle,ObsidianMoth89,SRC_005087,2026-10-10T00:00:00Z,2026-09-01T00:00:00Z,0.46,duplicate_observation,OBS_012330
IDENT_002891,ACT_0046,handle,ObsidianFalcon,SRC_002732,2025-09-20T14:13:34Z,2026-02-02T14:13:34Z,0.14,duplicate_observation,
IDENT_002892,ACT_0050,handle,RogueWarden,SRC_004696,2026-10-21T00:00:00Z,2026-09-01T00:00:00Z,0.22,duplicate_observation,OBS_008143
IDENT_002893,ACT_0020,handle,EmberNode,SRC_002038,2026-09-27T00:00:00Z,2026-09-01T00:00:00Z,0.38,duplicate_observation,
IDENT_002894,ACT_0019,handle,EmberWolf,SRC_002659,2026-10-29T00:00:00Z,2026-09-01T00:00:00Z,0.7,duplicate_observation,OBS_013236
IDENT_002895,ACT_0026,handle,RuneCrow,SRC_004777,2025-09-08T18:43:51Z,2026-02-26T18:43:51Z,0.47,duplicate_observation,OBS_011087
IDENT_002896,ACT_0023,handle,GreyOrbit,SRC_005806,2026-05-01T00:01:56Z,2026-09-01T00:00:00Z,0.26,duplicate_observation,OBS_003589
IDENT_002897,ACT_0030,handle,SilentOrbit,SRC_004162,2025-01-12T21:36:22Z,2025-08-22T21:36:22Z,0.25,duplicate_observation,OBS_007166
IDENT_002898,ACT_0047,handle,StormFox,SRC_004251,2024-08-23T22:38:20Z,2024-10-17T22:38:20Z,0.27,duplicate_observation,OBS_003703
IDENT_002899,ACT_0021,handle,NullPulse,SRC_004886,2026-09-19T00:00:00Z,2026-09-01T00:00:00Z,0.42,duplicate_observation,OBS_001990
IDENT_002900,ACT_0023,handle,SilverPulse,SRC_005385,2026-10-03T00:00:00Z,2026-09-01T00:00:00Z,0.22,duplicate_observation,
IDENT_002901,ACT_0006,handle,RogueRoot,SRC_002875,2025-09-06T08:56:39Z,2025-12-09T08:56:39Z,0.17,duplicate_observation,
IDENT_002902,ACT_0009,handle,WraithHex25,SRC_004518,2026-10-12T00:00:00Z,2026-09-01T00:00:00Z,0.67,duplicate_observation,OBS_012903
IDENT_002903,ACT_0020,handle,ChromeHarbor,SRC_004959,2025-07-31T15:43:16Z,2025-10-26T15:43:16Z,0.34,duplicate_observation,OBS_005025
IDENT_002904,ACT_0042,handle,CipherFalcon,SRC_004140,2025-11-15T00:56:31Z,2026-07-26T00:56:31Z,0.45,duplicate_observation,
IDENT_002905,ACT_0027,handle,CrimsonWolf,SRC_005458,2024-08-06T01:12:14Z,2025-10-28T01:12:14Z,0.41,duplicate_observation,
IDENT_002906,ACT_0056,handle,NightCrow,SRC_003739,2025-04-18T10:20:14Z,2026-01-15T10:20:14Z,0.43,duplicate_observation,
IDENT_002907,ACT_0024,handle,WraithSpire,SRC_004344,2025-08-23T00:47:04Z,2026-09-01T00:00:00Z,0.7,duplicate_observation,OBS_002459
IDENT_002908,ACT_0050,handle,ShadowNode,SRC_004439,2026-10-05T00:00:00Z,2026-09-01T00:00:00Z,0.21,duplicate_observation,OBS_003072
IDENT_002909,ACT_0025,handle,ChromeOrbit,SRC_003860,2026-09-18T00:00:00Z,2026-09-01T00:00:00Z,0.63,duplicate_observation,OBS_012142
IDENT_002910,ACT_0051,handle,FrostSignal,SRC_000443,2026-10-03T00:00:00Z,2026-09-01T00:00:00Z,0.11,duplicate_observation,OBS_003575
IDENT_002911,ACT_0011,handle,StormMarrow12,SRC_001620,2026-05-08T12:53:27Z,2026-09-01T00:00:00Z,0.32,duplicate_observation,
IDENT_002912,ACT_0015,handle,SilverLedger,SRC_002119,2026-10-25T00:00:00Z,2026-09-01T00:00:00Z,0.7,duplicate_observation,
IDENT_002913,ACT_0031,handle,StormMarrow37,SRC_000279,2025-03-17T19:36:25Z,2025-07-26T19:36:25Z,0.44,duplicate_observation,OBS_007275
IDENT_002914,ACT_0034,handle,ObsidianMoth89,SRC_004512,2026-10-14T00:00:00Z,2026-09-01T00:00:00Z,0.1,duplicate_observation,
IDENT_002915,ACT_0026,handle,ChromeMarrow,SRC_002213,2025-07-24T18:43:51Z,2025-09-13T18:43:51Z,0.23,duplicate_observation,
IDENT_002916,ACT_0050,handle,CipherForge,SRC_003347,2026-10-28T00:00:00Z,2026-09-01T00:00:00Z,0.51,duplicate_observation,OBS_008914
IDENT_002917,ACT_0021,handle,NullPulse,SRC_002875,2026-09-29T00:00:00Z,2026-09-01T00:00:00Z,0.61,duplicate_observation,
IDENT_002918,ACT_0025,handle,DarkMarrow,SRC_000865,2026-05-21T13:33:59Z,2026-09-01T00:00:00Z,0.7,duplicate_observation,OBS_001612
IDENT_002919,ACT_0008,handle,SilentPulse,SRC_002146,2025-10-02T10:13:36Z,2026-08-18T10:13:36Z,0.62,duplicate_observation,OBS_003918
IDENT_002920,ACT_0021,handle,NullPulse,SRC_005157,2026-10-03T00:00:00Z,2026-09-01T00:00:00Z,0.42,duplicate_observation,OBS_007106
IDENT_002921,ACT_0056,handle,TalonCipher,SRC_004007,2026-01-20T10:20:14Z,2026-03-22T10:20:14Z,0.29,duplicate_observation,
IDENT_002922,ACT_0003,handle,IronLedger,SRC_005624,2025-11-25T18:21:03Z,2026-09-01T00:00:00Z,0.38,duplicate_observation,OBS_009224
IDENT_002923,ACT_0020,handle,EmberNode,SRC_001413,2026-09-19T00:00:00Z,2026-09-01T00:00:00Z,0.13,duplicate_observation,
IDENT_002924,ACT_0038,handle,VectorVector,SRC_002457,2025-08-28T11:07:27Z,2025-10-28T11:07:27Z,0.31,duplicate_observation,OBS_006977
IDENT_002925,ACT_0015,handle,SilverLedger,SRC_004227,2026-10-19T00:00:00Z,2026-09-01T00:00:00Z,0.52,duplicate_observation,OBS_009222
IDENT_002926,ACT_0026,handle,RuneCrow,SRC_000449,2025-09-13T18:43:51Z,2026-02-20T18:43:51Z,0.48,duplicate_observation,OBS_004187
IDENT_002927,ACT_0053,handle,IronHarbor,SRC_003651,2024-08-06T21:22:52Z,2025-02-15T21:22:52Z,0.46,duplicate_observation,
IDENT_002928,ACT_0052,handle,StormHollow,SRC_005458,2026-03-30T08:12:20Z,2026-09-01T00:00:00Z,0.44,duplicate_observation,OBS_003483
IDENT_002929,ACT_0024,handle,WraithSpire,SRC_000880,2025-08-23T00:47:04Z,2026-08-20T00:47:04Z,0.18,duplicate_observation,OBS_010733
IDENT_002930,ACT_0047,handle,StormFox,SRC_002119,2024-08-15T22:38:20Z,2024-10-21T22:38:20Z,0.1,duplicate_observation,OBS_005059
IDENT_002931,ACT_0018,handle,GreyRunner,SRC_002654,2025-10-28T18:40:31Z,2026-09-01T00:00:00Z,0.48,duplicate_observation,
IDENT_002932,ACT_0020,handle,NightCipher,SRC_002959,2026-11-06T00:00:00Z,2026-09-01T00:00:00Z,0.57,duplicate_observation,
IDENT_002933,ACT_0010,handle,HavocSpire71,SRC_000700,2026-10-05T00:00:00Z,2026-09-01T00:00:00Z,0.57,duplicate_observation,OBS_001672
IDENT_002934,ACT_0035,handle,StormDrift,SRC_005163,2026-10-20T00:00:00Z,2026-09-01T00:00:00Z,0.17,duplicate_observation,
IDENT_002935,ACT_0042,handle,CipherFalcon,SRC_003946,2025-11-01T00:56:31Z,2026-08-06T00:56:31Z,0.1,duplicate_observation,OBS_014377
IDENT_002936,ACT_0012,handle,CipherSpire,SRC_005095,2025-02-19T10:37:19Z,2025-11-03T10:37:19Z,0.12,duplicate_observation,
IDENT_002937,ACT_0054,handle,ShadowGrid,SRC_003033,2026-09-24T00:00:00Z,2026-09-01T00:00:00Z,0.61,duplicate_observation,OBS_014150
IDENT_002938,ACT_0020,handle,NightCipher,SRC_002672,2026-11-10T00:00:00Z,2026-09-01T00:00:00Z,0.1,duplicate_observation,OBS_006748
IDENT_002939,ACT_0006,handle,RogueRoot,SRC_003177,2025-09-19T08:56:39Z,2025-12-06T08:56:39Z,0.37,duplicate_observation,OBS_008422
IDENT_002940,ACT_0056,handle,VoidCipher,SRC_001857,2026-10-22T00:00:00Z,2026-09-01T00:00:00Z,0.53,duplicate_observation,
IDENT_002941,ACT_0047,handle,StormFox,SRC_000847,2024-08-21T22:38:20Z,2024-10-29T22:38:20Z,0.23,duplicate_observation,OBS_003033
IDENT_002942,ACT_0016,handle,ChromeGrid,SRC_004583,2025-09-15T15:47:40Z,2026-03-02T15:47:40Z,0.14,duplicate_observation,
IDENT_002943,ACT_0027,handle,CrimsonWolf,SRC_001161,2024-08-07T01:12:14Z,2025-10-30T01:12:14Z,0.47,duplicate_observation,
IDENT_002944,ACT_0043,handle,CrimsonCrow,SRC_004017,2026-06-08T22:06:12Z,2026-09-01T00:00:00Z,0.7,duplicate_observation,OBS_006565
IDENT_002945,ACT_0007,handle,GhostForge71,SRC_005740,2024-06-05T13:12:42Z,2024-11-07T13:12:42Z,0.45,duplicate_observation,
IDENT_002946,ACT_0036,handle,TalonSpire,SRC_005219,2026-04-13T18:10:40Z,2026-09-01T00:00:00Z,0.68,duplicate_observation,OBS_010657
IDENT_002947,ACT_0026,handle,BlackDrift,SRC_003019,2026-03-12T18:43:51Z,2026-09-01T00:00:00Z,0.7,duplicate_observation,OBS_000474
IDENT_002948,ACT_0040,handle,StormPulse,SRC_003935,2026-10-13T00:00:00Z,2026-09-01T00:00:00Z,0.14,duplicate_observation,OBS_008788
IDENT_002949,ACT_0015,handle,NullCipher,SRC_003124,2025-11-02T12:12:24Z,2026-09-01T00:00:00Z,0.38,duplicate_observation,
IDENT_002950,ACT_0009,handle,WraithHex25,SRC_004167,2026-09-25T00:00:00Z,2026-09-01T00:00:00Z,0.39,duplicate_observation,
IDENT_002951,ACT_0021,handle,StormWolf89,SRC_000027,2026-10-17T00:00:00Z,2026-09-01T00:00:00Z,0.28,duplicate_observation,OBS_001863
IDENT_002952,ACT_0030,handle,SilentOrbit,SRC_000757,2025-01-09T21:36:22Z,2025-09-06T21:36:22Z,0.41,duplicate_observation,OBS_003708
IDENT_002953,ACT_0021,handle,StormWolf89,SRC_002573,2026-10-08T00:00:00Z,2026-09-01T00:00:00Z,0.29,duplicate_observation,OBS_006702
IDENT_002954,ACT_0048,handle,CrimsonTrace,SRC_002334,2024-08-09T21:47:44Z,2025-11-01T21:47:44Z,0.18,duplicate_observation,
IDENT_002955,ACT_0025,handle,ChromeOrbit,SRC_005550,2026-09-20T00:00:00Z,2026-09-01T00:00:00Z,0.41,duplicate_observation,
IDENT_002956,ACT_0027,handle,CrimsonWolf,SRC_004193,2024-07-28T01:12:14Z,2025-10-13T01:12:14Z,0.51,duplicate_observation,OBS_008483
IDENT_002957,ACT_0052,handle,ZeroTrace,SRC_005514,2026-10-15T00:00:00Z,2026-09-01T00:00:00Z,0.33,duplicate_observation,
IDENT_002958,ACT_0019,handle,VoidDrift,SRC_005358,2025-08-15T04:42:59Z,2026-09-01T00:00:00Z,0.3,duplicate_observation,
IDENT_002959,ACT_0052,handle,ZeroTrace,SRC_004079,2026-10-18T00:00:00Z,2026-09-01T00:00:00Z,0.33,duplicate_observation,
IDENT_002960,ACT_0031,handle,RogueReaper,SRC_005341,2026-04-11T19:36:25Z,2026-09-01T00:00:00Z,0.6,duplicate_observation,
IDENT_002961,ACT_0009,handle,CrimsonReaper,SRC_000916,2026-09-30T00:00:00Z,2026-09-01T00:00:00Z,0.16,duplicate_observation,OBS_013721
IDENT_002962,ACT_0048,handle,CrimsonTrace,SRC_005023,2024-08-24T21:47:44Z,2025-11-16T21:47:44Z,0.61,duplicate_observation,
IDENT_002963,ACT_0023,handle,SilverPulse,SRC_003065,2026-09-28T00:00:00Z,2026-09-01T00:00:00Z,0.68,duplicate_observation,
IDENT_002964,ACT_0044,handle,NightSentinel32,SRC_001281,2026-03-18T18:00:37Z,2026-08-03T18:00:37Z,0.29,duplicate_observation,OBS_014051
IDENT_002965,ACT_0023,handle,NullEcho,SRC_002629,2026-11-05T00:00:00Z,2026-09-01T00:00:00Z,0.35,duplicate_observation,
IDENT_002966,ACT_0040,handle,StormPulse,SRC_004159,2026-10-12T00:00:00Z,2026-09-01T00:00:00Z,0.24,duplicate_observation,OBS_008426
IDENT_002967,ACT_0001,handle,SilentTrace,SRC_005563,2024-02-08T20:28:06Z,2024-12-29T20:28:06Z,0.19,duplicate_observation,OBS_006209
IDENT_002968,ACT_0021,handle,ShadowForge,SRC_002809,2026-08-15T20:32:16Z,2026-09-01T00:00:00Z,0.1,duplicate_observation,
IDENT_002969,ACT_0058,handle,DarkSignal,SRC_000442,2025-12-28T17:09:54Z,2026-09-01T00:00:00Z,0.38,duplicate_observation,OBS_006462
IDENT_002970,ACT_0049,handle,EmberSignal,SRC_001594,2026-05-29T01:19:15Z,2026-09-01T00:00:00Z,0.57,duplicate_observation,
IDENT_002971,ACT_0020,handle,NightCipher,SRC_000464,2026-10-28T00:00:00Z,2026-09-01T00:00:00Z,0.19,duplicate_observation,OBS_000300
IDENT_002972,ACT_0042,handle,ObsidianWarden,SRC_000448,2025-05-24T00:56:31Z,2025-06-30T00:56:31Z,0.53,duplicate_observation,OBS_006753
IDENT_002973,ACT_0008,handle,RuneLedger,SRC_003755,2025-01-16T10:13:36Z,2025-03-12T10:13:36Z,0.33,duplicate_observation,
IDENT_002974,ACT_0044,handle,SilentNode,SRC_004002,2026-09-24T18:00:37Z,2026-09-01T00:00:00Z,0.35,duplicate_observation,OBS_010798
IDENT_002975,ACT_0015,handle,IronFalcon73,SRC_005331,2026-10-31T00:00:00Z,2026-09-01T00:00:00Z,0.42,duplicate_observation,OBS_008049
IDENT_002976,ACT_0055,handle,HavocSentinel,SRC_002477,2024-08-07T04:37:32Z,2025-11-23T04:37:32Z,0.62,duplicate_observation,
IDENT_002977,ACT_0058,handle,PhantomDrift95,SRC_003181,2025-08-21T17:09:54Z,2025-11-10T17:09:54Z,0.32,duplicate_observation,
IDENT_002978,ACT_0051,handle,FrostSignal,SRC_003734,2026-10-10T00:00:00Z,2026-09-01T00:00:00Z,0.49,duplicate_observation,OBS_008145
IDENT_002979,ACT_0026,handle,RuneCrow,SRC_005144,2025-09-24T18:43:51Z,2026-03-04T18:43:51Z,0.55,duplicate_observation,OBS_008430
IDENT_002980,ACT_0009,handle,AshSignal52,SRC_003470,2026-10-27T00:00:00Z,2026-09-01T00:00:00Z,0.27,duplicate_observation,
IDENT_002981,ACT_0018,handle,DriftTrace,SRC_000905,2024-06-25T18:40:31Z,2025-10-08T18:40:31Z,0.36,duplicate_observation,
IDENT_002982,ACT_0007,handle,GhostForge71,SRC_000006,2024-06-02T13:12:42Z,2024-10-27T13:12:42Z,0.1,duplicate_observation,OBS_009816
IDENT_002983,ACT_0007,handle,IronWolf81,SRC_005475,2024-12-05T13:12:42Z,2025-01-28T13:12:42Z,0.7,duplicate_observation,
IDENT_002984,ACT_0021,handle,NullPulse,SRC_000583,2026-09-23T00:00:00Z,2026-09-01T00:00:00Z,0.41,duplicate_observation,
IDENT_002985,ACT_0050,handle,FrostReaper,SRC_001044,2026-07-16T02:56:43Z,2026-09-01T00:00:00Z,0.35,duplicate_observation,OBS_005130
IDENT_002986,ACT_0025,handle,GhostSentinel,SRC_003408,2026-10-30T00:00:00Z,2026-09-01T00:00:00Z,0.28,duplicate_observation,OBS_001211
IDENT_002987,ACT_0044,handle,GreyMoth,SRC_003012,2024-12-12T18:00:37Z,2026-02-06T18:00:37Z,0.44,duplicate_observation,OBS_014068
IDENT_002988,ACT_0012,handle,ObsidianRoot49,SRC_000032,2024-12-28T10:37:19Z,2025-01-25T10:37:19Z,0.32,duplicate_observation,
IDENT_002989,ACT_0045,handle,PhantomWolf,SRC_002447,2025-11-12T07:17:31Z,2026-09-01T00:00:00Z,0.28,duplicate_observation,
IDENT_002990,ACT_0029,handle,GhostShade,SRC_005146,2024-05-03T22:51:37Z,2025-05-02T22:51:37Z,0.1,duplicate_observation,
IDENT_002991,ACT_0017,handle,UmbraSpire59,SRC_003884,2025-08-23T11:28:43Z,2026-07-31T11:28:43Z,0.26,duplicate_observation,OBS_003250
IDENT_002992,ACT_0008,handle,FrostMoth,SRC_002989,2026-10-04T10:13:36Z,2026-09-01T00:00:00Z,0.17,duplicate_observation,OBS_009398
IDENT_002993,ACT_0050,handle,FrostReaper,SRC_004620,2026-07-02T02:56:43Z,2026-09-01T00:00:00Z,0.19,duplicate_observation,
IDENT_002994,ACT_0037,handle,VoidMoth,SRC_003647,2025-01-08T20:05:11Z,2025-07-29T20:05:11Z,0.1,duplicate_observation,OBS_009577
IDENT_002995,ACT_0016,handle,ChromeGrid,SRC_004046,2025-09-02T15:47:40Z,2026-03-03T15:47:40Z,0.15,duplicate_observation,
IDENT_002996,ACT_0020,handle,BlackRoot71,SRC_004954,2025-11-21T15:43:16Z,2026-02-26T15:43:16Z,0.57,duplicate_observation,OBS_001151
IDENT_002997,ACT_0024,handle,OnyxEcho,SRC_003555,2026-10-28T00:47:04Z,2026-09-01T00:00:00Z,0.12,duplicate_observation,OBS_005571
IDENT_002998,ACT_0052,handle,ZeroTrace,SRC_005053,2026-10-12T00:00:00Z,2026-09-01T00:00:00Z,0.38,duplicate_observation,
IDENT_002999,ACT_0007,handle,IronWolf81,SRC_000379,2024-11-27T13:12:42Z,2025-02-11T13:12:42Z,0.41,duplicate_observation,OBS_003757
IDENT_003000,ACT_0039,handle,UmbraWarden,SRC_004829,2026-06-04T04:35:29Z,2026-07-13T04:35:29Z,0.15,duplicate_observation,
IDENT_003001,ACT_0056,handle,TalonCipher,SRC_001995,2026-01-13T10:20:14Z,2026-03-29T10:20:14Z,0.33,duplicate_observation,OBS_005714
IDENT_003002,ACT_0035,handle,BlackReaper60,SRC_002809,2026-11-13T00:00:00Z,2026-09-01T00:00:00Z,0.39,duplicate_observation,
IDENT_003003,ACT_0035,handle,CrimsonMoth,SRC_004334,2024-05-03T22:04:42Z,2025-05-16T22:04:42Z,0.36,duplicate_observation,
IDENT_003004,ACT_0037,handle,AshMoth,SRC_000688,2024-09-10T20:05:11Z,2024-12-06T20:05:11Z,0.23,duplicate_observation,
IDENT_003005,ACT_0051,handle,GreyEcho,SRC_004481,2026-07-02T11:41:03Z,2026-09-01T00:00:00Z,0.29,duplicate_observation,OBS_003575
IDENT_003006,ACT_0026,handle,ZeroFox,SRC_005599,2026-11-05T00:00:00Z,2026-09-01T00:00:00Z,0.5,duplicate_observation,OBS_007966
IDENT_003007,ACT_0026,handle,ZeroFox,SRC_000774,2026-10-23T00:00:00Z,2026-09-01T00:00:00Z,0.33,duplicate_observation,
IDENT_003008,ACT_0060,handle,CipherEcho,SRC_004383,2026-04-16T22:48:45Z,2026-09-01T00:00:00Z,0.24,duplicate_observation,OBS_012845
IDENT_003009,ACT_0055,handle,StormRunner,SRC_005684,2024-03-30T04:37:32Z,2024-06-17T04:37:32Z,0.19,duplicate_observation,OBS_007346
IDENT_003010,ACT_0052,handle,IronRunner,SRC_003156,2025-07-27T08:12:20Z,2026-02-27T08:12:20Z,0.1,duplicate_observation,OBS_003483
IDENT_003011,ACT_0050,handle,GhostCrow,SRC_000237,2026-11-14T00:00:00Z,2026-09-01T00:00:00Z,0.21,duplicate_observation,OBS_008030
IDENT_003012,ACT_0017,handle,UmbraSpire59,SRC_005440,2025-08-12T11:28:43Z,2026-07-25T11:28:43Z,0.42,duplicate_observation,
IDENT_003013,ACT_0035,handle,StormDrift,SRC_003756,2026-10-09T00:00:00Z,2026-09-01T00:00:00Z,0.49,duplicate_observation,
IDENT_003014,ACT_0024,handle,VectorHarbor,SRC_003310,2026-11-07T00:00:00Z,2026-09-01T00:00:00Z,0.28,duplicate_observation,
IDENT_003015,ACT_0033,handle,TalonSentinel,SRC_001509,2025-07-31T01:20:48Z,2026-02-17T01:20:48Z,0.28,duplicate_observation,
IDENT_003016,ACT_0036,handle,TalonSpire,SRC_002647,2026-04-21T18:10:40Z,2026-09-01T00:00:00Z,0.35,duplicate_observation,
IDENT_003017,ACT_0036,handle,IronMarrow,SRC_001668,2026-11-05T00:00:00Z,2026-09-01T00:00:00Z,0.4,duplicate_observation,OBS_014171
IDENT_003018,ACT_0015,handle,NullCipher,SRC_004862,2025-11-04T12:12:24Z,2026-09-01T00:00:00Z,0.28,duplicate_observation,OBS_010728
IDENT_003019,ACT_0046,handle,ObsidianFalcon,SRC_004311,2025-09-23T14:13:34Z,2026-01-26T14:13:34Z,0.54,duplicate_observation,OBS_009048
IDENT_003020,ACT_0023,handle,NullEcho,SRC_001608,2026-11-14T00:00:00Z,2026-09-01T00:00:00Z,0.29,duplicate_observation,OBS_012458
IDENT_003021,ACT_0018,handle,DriftTrace,SRC_000355,2024-06-17T18:40:31Z,2025-10-10T18:40:31Z,0.33,duplicate_observation,OBS_014337
IDENT_003022,ACT_0047,handle,StormFox,SRC_004767,2024-08-24T22:38:20Z,2024-11-02T22:38:20Z,0.2,duplicate_observation,OBS_005003
IDENT_003023,ACT_0019,handle,EmberWolf,SRC_003207,2026-10-21T00:00:00Z,2026-09-01T00:00:00Z,0.41,duplicate_observation,
IDENT_003024,ACT_0040,handle,FrostWolf,SRC_003392,2025-05-30T18:08:11Z,2025-11-25T18:08:11Z,0.23,duplicate_observation,
IDENT_003025,ACT_0026,handle,BlackDrift,SRC_004682,2026-03-02T18:43:51Z,2026-09-01T00:00:00Z,0.18,duplicate_observation,OBS_009837
IDENT_003026,ACT_0052,handle,IronRunner,SRC_003611,2025-07-22T08:12:20Z,2026-02-19T08:12:20Z,0.65,duplicate_observation,
IDENT_003027,ACT_0036,handle,TalonSpire,SRC_005601,2026-04-13T18:10:40Z,2026-09-01T00:00:00Z,0.36,duplicate_observation,OBS_008858
IDENT_003028,ACT_0019,handle,VoidDrift,SRC_001727,2025-08-20T04:42:59Z,2026-09-01T00:00:00Z,0.37,duplicate_observation,OBS_006548
IDENT_003029,ACT_0020,handle,ChromeHarbor,SRC_001598,2025-07-14T15:43:16Z,2025-10-25T15:43:16Z,0.54,duplicate_observation,
IDENT_003030,ACT_0052,handle,ZeroTrace,SRC_000462,2026-10-09T00:00:00Z,2026-09-01T00:00:00Z,0.1,duplicate_observation,OBS_012182
IDENT_003031,ACT_0054,handle,DarkRunner,SRC_001793,2026-07-10T15:36:14Z,2026-09-01T00:00:00Z,0.48,duplicate_observation,
IDENT_003032,ACT_0050,handle,RogueWarden,SRC_002734,2026-10-22T00:00:00Z,2026-09-01T00:00:00Z,0.63,duplicate_observation,
IDENT_003033,ACT_0023,handle,GreyOrbit,SRC_004815,2026-05-02T00:01:56Z,2026-09-01T00:00:00Z,0.33,duplicate_observation,OBS_009019
IDENT_003034,ACT_0020,handle,ChromeHarbor,SRC_003158,2025-07-22T15:43:16Z,2025-10-23T15:43:16Z,0.42,duplicate_observation,
IDENT_003035,ACT_0003,handle,IronLedger,SRC_000983,2025-11-16T18:21:03Z,2026-09-01T00:00:00Z,0.15,duplicate_observation,OBS_012118
IDENT_003036,ACT_0056,handle,TalonCipher,SRC_000823,2026-01-23T10:20:14Z,2026-03-17T10:20:14Z,0.35,duplicate_observation,OBS_007804
IDENT_003037,ACT_0026,handle,BlackDrift,SRC_004440,2026-03-01T18:43:51Z,2026-09-01T00:00:00Z,0.23,duplicate_observation,
IDENT_003038,ACT_0017,handle,ChromeSignal,SRC_003219,2024-12-19T11:28:43Z,2025-06-27T11:28:43Z,0.41,duplicate_observation,OBS_012684
IDENT_003039,ACT_0045,handle,UmbraMarrow,SRC_000878,2025-05-08T07:17:31Z,2025-11-21T07:17:31Z,0.11,duplicate_observation,OBS_007066
IDENT_003040,ACT_0024,handle,WraithSpire,SRC_005190,2025-08-14T00:47:04Z,2026-08-23T00:47:04Z,0.11,duplicate_observation,OBS_005755
IDENT_003041,ACT_0023,handle,NullEcho,SRC_004264,2026-11-09T00:00:00Z,2026-09-01T00:00:00Z,0.19,duplicate_observation,OBS_007645
IDENT_003042,ACT_0051,handle,SilverGrid,SRC_003958,2026-11-10T00:00:00Z,2026-09-01T00:00:00Z,0.1,duplicate_observation,
IDENT_003043,ACT_0021,handle,ShadowForge,SRC_001085,2026-08-06T20:32:16Z,2026-09-01T00:00:00Z,0.13,duplicate_observation,
IDENT_003044,ACT_0045,handle,VectorCrow,SRC_003366,2024-12-09T07:17:31Z,2025-03-26T07:17:31Z,0.7,duplicate_observation,OBS_004924
IDENT_003045,ACT_0006,handle,ShadowForge,SRC_003366,2024-02-19T08:56:39Z,2024-06-30T08:56:39Z,0.2,duplicate_observation,
IDENT_003046,ACT_0024,handle,OnyxEcho,SRC_000157,2026-10-13T00:47:04Z,2026-09-01T00:00:00Z,0.35,duplicate_observation,
IDENT_003047,ACT_0016,handle,ChromeGrid,SRC_004014,2025-09-03T15:47:40Z,2026-02-14T15:47:40Z,0.31,duplicate_observation,
IDENT_003048,ACT_0040,handle,ChromeShade,SRC_000040,2026-10-16T00:00:00Z,2026-09-01T00:00:00Z,0.51,duplicate_observation,
IDENT_003049,ACT_0025,handle,TalonEcho,SRC_003670,2026-10-09T00:00:00Z,2026-09-01T00:00:00Z,0.12,duplicate_observation,
IDENT_003050,ACT_0005,handle,SilentVector,SRC_002091,2026-07-26T07:09:23Z,2026-09-01T00:00:00Z,0.52,duplicate_observation,
IDENT_003051,ACT_0047,handle,StormFox,SRC_004954,2024-08-19T22:38:20Z,2024-10-26T22:38:20Z,0.21,duplicate_observation,
IDENT_003052,ACT_0008,handle,FrostMoth,SRC_001733,2026-10-03T10:13:36Z,2026-09-01T00:00:00Z,0.1,duplicate_observation,
IDENT_003053,ACT_0040,handle,ChromeShade,SRC_004544,2026-10-17T00:00:00Z,2026-09-01T00:00:00Z,0.25,duplicate_observation,
IDENT_003054,ACT_0056,handle,NightCrow,SRC_003529,2025-03-30T10:20:14Z,2025-12-29T10:20:14Z,0.25,duplicate_observation,OBS_007441
IDENT_003055,ACT_0015,handle,IronFalcon73,SRC_003496,2026-11-12T00:00:00Z,2026-09-01T00:00:00Z,0.54,duplicate_observation,OBS_003185
IDENT_003056,ACT_0044,handle,NightSentinel32,SRC_004711,2026-03-11T18:00:37Z,2026-08-02T18:00:37Z,0.7,duplicate_observation,
IDENT_003057,ACT_0051,handle,FrostSignal,SRC_002309,2026-10-21T00:00:00Z,2026-09-01T00:00:00Z,0.25,duplicate_observation,
IDENT_003058,ACT_0006,handle,ForgeVector,SRC_003374,2024-08-27T08:56:39Z,2025-08-16T08:56:39Z,0.43,duplicate_observation,OBS_010330
IDENT_003059,ACT_0031,handle,RogueReaper,SRC_003971,2026-04-13T19:36:25Z,2026-09-01T00:00:00Z,0.42,duplicate_observation,OBS_003616
IDENT_003060,ACT_0037,handle,VoidMoth,SRC_004405,2025-01-10T20:05:11Z,2025-07-16T20:05:11Z,0.38,duplicate_observation,OBS_007380
IDENT_003061,ACT_0056,handle,TalonCipher,SRC_005006,2026-01-23T10:20:14Z,2026-03-18T10:20:14Z,0.21,duplicate_observation,
IDENT_003062,ACT_0036,handle,TalonSpire,SRC_000970,2026-04-25T18:10:40Z,2026-09-01T00:00:00Z,0.22,duplicate_observation,OBS_011868
IDENT_003063,ACT_0023,handle,NullEcho,SRC_003961,2026-11-10T00:00:00Z,2026-09-01T00:00:00Z,0.58,duplicate_observation,OBS_004366
IDENT_003064,ACT_0052,handle,ZeroTrace,SRC_003140,2026-10-20T00:00:00Z,2026-09-01T00:00:00Z,0.1,duplicate_observation,
IDENT_003065,ACT_0010,handle,SilentFox,SRC_004795,2026-05-25T20:43:57Z,2026-09-01T00:00:00Z,0.29,duplicate_observation,OBS_002160
IDENT_003066,ACT_0009,handle,BlackHarbor,SRC_005589,2026-08-04T04:53:06Z,2026-09-01T00:00:00Z,0.3,duplicate_observation,
IDENT_003067,ACT_0004,handle,OnyxNode,SRC_000515,2026-04-27T04:44:17Z,2026-09-01T00:00:00Z,0.41,duplicate_observation,
IDENT_003068,ACT_0015,handle,IronFalcon73,SRC_002588,2026-10-29T00:00:00Z,2026-09-01T00:00:00Z,0.16,duplicate_observation,OBS_013202
IDENT_003069,ACT_0030,handle,CrimsonForge,SRC_000130,2024-06-14T21:36:22Z,2024-12-16T21:36:22Z,0.25,duplicate_observation,OBS_012151
IDENT_003070,ACT_0021,handle,StormLedger,SRC_004238,2026-09-13T00:00:00Z,2026-09-01T00:00:00Z,0.14,duplicate_observation,OBS_003497
IDENT_003071,ACT_0043,handle,UmbraRoot,SRC_001706,2025-02-21T22:06:12Z,2026-04-20T22:06:12Z,0.38,duplicate_observation,
IDENT_003072,ACT_0035,handle,BlackReaper60,SRC_001743,2026-11-01T00:00:00Z,2026-09-01T00:00:00Z,0.13,duplicate_observation,OBS_007769
IDENT_003073,ACT_0047,handle,StormFox,SRC_004033,2024-08-20T22:38:20Z,2024-10-25T22:38:20Z,0.2,duplicate_observation,OBS_007222
IDENT_003074,ACT_0046,handle,VectorSentinel,SRC_000451,2026-07-02T14:13:34Z,2026-09-01T00:00:00Z,0.49,duplicate_observation,OBS_009406
IDENT_003075,ACT_0056,handle,VoidCipher,SRC_004469,2026-10-08T00:00:00Z,2026-09-01T00:00:00Z,0.61,duplicate_observation,
IDENT_003076,ACT_0032,handle,RuneEcho,SRC_001290,2025-07-29T17:55:46Z,2026-08-02T17:55:46Z,0.25,duplicate_observation,OBS_013862
IDENT_003077,ACT_0005,handle,CipherHollow,SRC_001598,2026-09-29T00:00:00Z,2026-09-01T00:00:00Z,0.6,duplicate_observation,OBS_012350
IDENT_003078,ACT_0035,handle,CrimsonMoth,SRC_002145,2024-04-30T22:04:42Z,2025-05-21T22:04:42Z,0.49,duplicate_observation,OBS_009204
IDENT_003079,ACT_0025,handle,GhostSentinel,SRC_001298,2026-10-28T00:00:00Z,2026-09-01T00:00:00Z,0.25,duplicate_observation,OBS_001782
IDENT_003080,ACT_0031,handle,RogueReaper,SRC_000345,2026-04-13T19:36:25Z,2026-09-01T00:00:00Z,0.55,duplicate_observation,OBS_009803
IDENT_003081,ACT_0040,handle,StormPulse,SRC_001765,2026-09-29T00:00:00Z,2026-09-01T00:00:00Z,0.24,duplicate_observation,
IDENT_003082,ACT_0032,handle,RuneEcho,SRC_001736,2025-07-22T17:55:46Z,2026-07-23T17:55:46Z,0.32,duplicate_observation,
IDENT_003083,ACT_0044,handle,GreyMoth,SRC_004130,2024-11-29T18:00:37Z,2026-02-15T18:00:37Z,0.36,duplicate_observation,
IDENT_003084,ACT_0011,handle,IronSpecter,SRC_005133,2026-10-27T00:00:00Z,2026-09-01T00:00:00Z,0.2,duplicate_observation,
IDENT_003085,ACT_0034,handle,HavocSentinel54,SRC_002675,2025-10-08T10:59:17Z,2026-09-01T00:00:00Z,0.42,duplicate_observation,
IDENT_003086,ACT_0007,handle,IronWolf81,SRC_001090,2024-11-29T13:12:42Z,2025-02-13T13:12:42Z,0.6,duplicate_observation,OBS_002218
IDENT_003087,ACT_0036,handle,OnyxHex,SRC_000171,2026-10-02T00:00:00Z,2026-09-01T00:00:00Z,0.11,duplicate_observation,
IDENT_003088,ACT_0024,handle,WraithSpire,SRC_003679,2025-08-16T00:47:04Z,2026-08-21T00:47:04Z,0.32,duplicate_observation,
IDENT_003089,ACT_0049,handle,EmberSignal,SRC_000701,2026-05-29T01:19:15Z,2026-09-01T00:00:00Z,0.36,duplicate_observation,
IDENT_003090,ACT_0002,handle,ShadowDrift,SRC_000436,2025-01-30T10:13:48Z,2025-03-15T10:13:48Z,0.37,duplicate_observation,
IDENT_003091,ACT_0015,handle,NullCipher,SRC_002206,2025-10-25T12:12:24Z,2026-09-01T00:00:00Z,0.52,duplicate_observation,OBS_003502
IDENT_003092,ACT_0059,handle,VectorHex,SRC_000872,2026-10-04T00:00:00Z,2026-09-01T00:00:00Z,0.11,duplicate_observation,
IDENT_003093,ACT_0050,handle,GhostCrow,SRC_004995,2026-11-19T00:00:00Z,2026-09-01T00:00:00Z,0.19,duplicate_observation,OBS_003859
IDENT_003094,ACT_0056,handle,NightCrow,SRC_002740,2025-04-10T10:20:14Z,2026-01-04T10:20:14Z,0.1,duplicate_observation,
IDENT_003095,ACT_0006,handle,ForgeVector,SRC_003668,2024-08-24T08:56:39Z,2025-08-18T08:56:39Z,0.16,duplicate_observation,
IDENT_003096,ACT_0055,handle,StormRunner,SRC_001269,2024-03-27T04:37:32Z,2024-07-01T04:37:32Z,0.18,duplicate_observation,OBS_000923
IDENT_003097,ACT_0015,handle,SilverLedger,SRC_001740,2026-10-14T00:00:00Z,2026-09-01T00:00:00Z,0.26,duplicate_observation,
IDENT_003098,ACT_0055,handle,HavocSentinel,SRC_003637,2024-08-12T04:37:32Z,2025-11-18T04:37:32Z,0.28,duplicate_observation,
IDENT_003099,ACT_0056,handle,NightCrow,SRC_000224,2025-04-13T10:20:14Z,2026-01-01T10:20:14Z,0.45,duplicate_observation,OBS_014022
IDENT_003100,ACT_0017,handle,ChromeSignal,SRC_002792,2024-12-13T11:28:43Z,2025-06-22T11:28:43Z,0.29,duplicate_observation,OBS_010475
IDENT_003101,ACT_0034,handle,PhantomOrbit,SRC_000607,2026-10-15T00:00:00Z,2026-09-01T00:00:00Z,0.52,duplicate_observation,
IDENT_003102,ACT_0013,handle,VectorPulse,SRC_004287,2026-07-17T09:25:01Z,2026-09-01T00:00:00Z,0.18,duplicate_observation,
IDENT_003103,ACT_0031,handle,RogueReaper,SRC_004180,2026-04-07T19:36:25Z,2026-09-01T00:00:00Z,0.33,duplicate_observation,OBS_010512
IDENT_003104,ACT_0040,handle,RuneMoth,SRC_003212,2026-10-19T00:00:00Z,2026-09-01T00:00:00Z,0.45,duplicate_observation,
IDENT_003105,ACT_0037,handle,VoidMoth,SRC_002047,2025-01-22T20:05:11Z,2025-07-30T20:05:11Z,0.62,duplicate_observation,OBS_010929
IDENT_003106,ACT_0020,handle,EmberNode,SRC_004436,2026-09-18T00:00:00Z,2026-09-01T00:00:00Z,0.19,duplicate_observation,OBS_002140
IDENT_003107,ACT_0020,handle,EmberNode,SRC_001309,2026-10-05T00:00:00Z,2026-09-01T00:00:00Z,0.29,duplicate_observation,
IDENT_003108,ACT_0027,handle,CrimsonWolf,SRC_001902,2024-08-13T01:12:14Z,2025-10-16T01:12:14Z,0.22,duplicate_observation,OBS_003020
IDENT_003109,ACT_0036,handle,OnyxHex,SRC_005693,2026-09-17T00:00:00Z,2026-09-01T00:00:00Z,0.51,duplicate_observation,OBS_002873
IDENT_003110,ACT_0030,handle,OnyxRoot,SRC_003235,2025-10-23T21:36:22Z,2026-08-22T21:36:22Z,0.12,duplicate_observation,OBS_010498
IDENT_003111,ACT_0013,handle,VectorPulse,SRC_003653,2026-07-10T09:25:01Z,2026-09-01T00:00:00Z,0.48,duplicate_observation,OBS_006033
IDENT_003112,ACT_0020,handle,EmberNode,SRC_000896,2026-09-28T00:00:00Z,2026-09-01T00:00:00Z,0.57,duplicate_observation,OBS_012136
IDENT_003113,ACT_0006,handle,RogueRoot,SRC_000440,2025-09-14T08:56:39Z,2025-12-10T08:56:39Z,0.17,duplicate_observation,
IDENT_003114,ACT_0042,handle,AshFox60,SRC_001792,2025-07-01T00:56:31Z,2025-11-01T00:56:31Z,0.23,duplicate_observation,
IDENT_003115,ACT_0048,handle,CrimsonTrace,SRC_005616,2024-08-16T21:47:44Z,2025-11-14T21:47:44Z,0.15,duplicate_observation,OBS_005240
IDENT_003116,ACT_0031,handle,WraithWarden,SRC_000879,2025-08-31T19:36:25Z,2026-03-16T19:36:25Z,0.13,duplicate_observation,OBS_002683
IDENT_003117,ACT_0049,handle,EmberSignal,SRC_003944,2026-06-06T01:19:15Z,2026-09-01T00:00:00Z,0.34,duplicate_observation,
IDENT_003118,ACT_0054,handle,DarkRunner,SRC_005031,2026-07-09T15:36:14Z,2026-09-01T00:00:00Z,0.12,duplicate_observation,
IDENT_003119,ACT_0031,handle,WraithWarden,SRC_004448,2025-08-19T19:36:25Z,2026-03-04T19:36:25Z,0.17,duplicate_observation,OBS_001033
IDENT_003120,ACT_0028,handle,OnyxPulse,SRC_004207,2025-01-03T00:39:48Z,2025-05-13T00:39:48Z,0.38,duplicate_observation,
IDENT_003121,ACT_0054,handle,UmbraHollow,SRC_004872,2026-02-12T15:36:14Z,2026-04-29T15:36:14Z,0.47,duplicate_observation,
IDENT_003122,ACT_0001,handle,SilentTrace,SRC_005484,2024-02-22T20:28:06Z,2024-12-23T20:28:06Z,0.4,duplicate_observation,
IDENT_003123,ACT_0025,handle,ChromeOrbit,SRC_000061,2026-09-08T00:00:00Z,2026-09-01T00:00:00Z,0.54,duplicate_observation,
IDENT_003124,ACT_0040,handle,RuneMoth,SRC_002601,2026-10-20T00:00:00Z,2026-09-01T00:00:00Z,0.52,duplicate_observation,
IDENT_003125,ACT_0011,handle,IronSpecter,SRC_003557,2026-10-27T00:00:00Z,2026-09-01T00:00:00Z,0.35,duplicate_observation,OBS_012177
IDENT_003126,ACT_0024,handle,OnyxEcho,SRC_005389,2026-10-21T00:47:04Z,2026-09-01T00:00:00Z,0.38,duplicate_observation,
IDENT_003127,ACT_0001,handle,SilentTrace,SRC_002341,2024-02-28T20:28:06Z,2024-12-16T20:28:06Z,0.17,duplicate_observation,OBS_002127
IDENT_003128,ACT_0009,handle,AshSignal52,SRC_005423,2026-10-22T00:00:00Z,2026-09-01T00:00:00Z,0.24,duplicate_observation,
IDENT_003129,ACT_0021,handle,StormWolf89,SRC_005492,2026-10-11T00:00:00Z,2026-09-01T00:00:00Z,0.36,duplicate_observation,
IDENT_003130,ACT_0029,handle,GhostShade,SRC_001932,2024-05-05T22:51:37Z,2025-04-20T22:51:37Z,0.1,duplicate_observation,
IDENT_003131,ACT_0023,handle,NullEcho,SRC_000953,2026-11-05T00:00:00Z,2026-09-01T00:00:00Z,0.51,duplicate_observation,OBS_012791
IDENT_003132,ACT_0003,handle,GreyRoot,SRC_001444,2024-08-05T18:21:03Z,2025-11-02T18:21:03Z,0.1,duplicate_observation,OBS_014146
IDENT_003133,ACT_0015,handle,NullCipher,SRC_003981,2025-10-31T12:12:24Z,2026-09-01T00:00:00Z,0.42,duplicate_observation,
IDENT_003134,ACT_0008,handle,FrostMoth,SRC_005073,2026-10-08T10:13:36Z,2026-09-01T00:00:00Z,0.59,duplicate_observation,OBS_012549
IDENT_003135,ACT_0010,handle,HavocSpire71,SRC_004456,2026-09-29T00:00:00Z,2026-09-01T00:00:00Z,0.28,duplicate_observation,OBS_010128
IDENT_003136,ACT_0044,handle,NightSentinel32,SRC_002906,2026-03-15T18:00:37Z,2026-08-02T18:00:37Z,0.62,duplicate_observation,OBS_002741
IDENT_003137,ACT_0001,handle,SilentTrace,SRC_005008,2024-02-18T20:28:06Z,2024-12-29T20:28:06Z,0.2,duplicate_observation,
IDENT_003138,ACT_0015,handle,SilverLedger,SRC_003295,2026-10-28T00:00:00Z,2026-09-01T00:00:00Z,0.7,duplicate_observation,OBS_003185
IDENT_003139,ACT_0049,handle,EmberSignal,SRC_004817,2026-06-06T01:19:15Z,2026-09-01T00:00:00Z,0.36,duplicate_observation,
IDENT_003140,ACT_0042,handle,CipherFalcon,SRC_004726,2025-11-14T00:56:31Z,2026-07-25T00:56:31Z,0.63,duplicate_observation,
IDENT_003141,ACT_0053,handle,DarkOrbit,SRC_005252,2026-03-31T21:22:52Z,2026-09-01T00:00:00Z,0.2,duplicate_observation,OBS_011677
IDENT_003142,ACT_0055,handle,HavocSentinel,SRC_000208,2024-07-31T04:37:32Z,2025-11-16T04:37:32Z,0.17,duplicate_observation,
IDENT_003143,ACT_0008,handle,SilentPulse,SRC_005709,2025-09-30T10:13:36Z,2026-08-18T10:13:36Z,0.6,duplicate_observation,
IDENT_003144,ACT_0034,handle,HavocSentinel54,SRC_003284,2025-10-05T10:59:17Z,2026-09-01T00:00:00Z,0.43,duplicate_observation,
IDENT_003145,ACT_0008,handle,IronCrow,SRC_000868,2025-04-16T10:13:36Z,2025-08-23T10:13:36Z,0.37,duplicate_observation,
IDENT_003146,ACT_0027,handle,RuneWarden,SRC_001527,2024-04-24T01:12:14Z,2024-06-12T01:12:14Z,0.17,duplicate_observation,
IDENT_003147,ACT_0037,handle,VoidMoth,SRC_001518,2025-01-16T20:05:11Z,2025-07-30T20:05:11Z,0.46,duplicate_observation,
IDENT_003148,ACT_0029,handle,ChromeHex39,SRC_000307,2025-05-13T22:51:37Z,2026-02-21T22:51:37Z,0.1,duplicate_observation,
IDENT_003149,ACT_0012,handle,CipherSpire,SRC_005743,2025-02-05T10:37:19Z,2025-10-30T10:37:19Z,0.32,duplicate_observation,OBS_007442
IDENT_003150,ACT_0021,handle,NullPulse,SRC_003903,2026-10-06T00:00:00Z,2026-09-01T00:00:00Z,0.12,duplicate_observation,
IDENT_003151,ACT_0053,handle,DarkOrbit,SRC_002727,2026-03-23T21:22:52Z,2026-09-01T00:00:00Z,0.27,duplicate_observation,OBS_001587
IDENT_003152,ACT_0010,handle,SilentFox,SRC_004899,2026-06-02T20:43:57Z,2026-09-01T00:00:00Z,0.35,duplicate_observation,
IDENT_003153,ACT_0020,handle,EmberNode,SRC_001079,2026-09-20T00:00:00Z,2026-09-01T00:00:00Z,0.32,duplicate_observation,
IDENT_003154,ACT_0009,handle,BlackHarbor,SRC_005825,2026-07-27T04:53:06Z,2026-09-01T00:00:00Z,0.35,duplicate_observation,
IDENT_003155,ACT_0029,handle,ChromeHex39,SRC_004262,2025-05-24T22:51:37Z,2026-03-13T22:51:37Z,0.31,duplicate_observation,
IDENT_003156,ACT_0033,handle,TalonSentinel,SRC_004740,2025-08-07T01:20:48Z,2026-02-17T01:20:48Z,0.42,duplicate_observation,OBS_003119
IDENT_003157,ACT_0002,handle,ShadowDrift,SRC_003503,2025-02-01T10:13:48Z,2025-02-23T10:13:48Z,0.41,duplicate_observation,OBS_014104
IDENT_003158,ACT_0036,handle,IronMarrow,SRC_001455,2026-10-31T00:00:00Z,2026-09-01T00:00:00Z,0.64,duplicate_observation,
IDENT_003159,ACT_0050,handle,RogueWarden,SRC_003785,2026-10-25T00:00:00Z,2026-09-01T00:00:00Z,0.37,duplicate_observation,
IDENT_003160,ACT_0035,handle,CrimsonMoth,SRC_003960,2024-05-09T22:04:42Z,2025-05-16T22:04:42Z,0.32,duplicate_observation,
IDENT_003161,ACT_0020,handle,EmberNode,SRC_002753,2026-10-01T00:00:00Z,2026-09-01T00:00:00Z,0.11,duplicate_observation,
IDENT_003162,ACT_0040,handle,ChromeShade,SRC_003934,2026-10-18T00:00:00Z,2026-09-01T00:00:00Z,0.7,duplicate_observation,OBS_008901
IDENT_003163,ACT_0035,handle,StormDrift,SRC_003268,2026-10-14T00:00:00Z,2026-09-01T00:00:00Z,0.31,duplicate_observation,OBS_009805
IDENT_003164,ACT_0052,handle,IronRunner,SRC_002485,2025-07-27T08:12:20Z,2026-03-01T08:12:20Z,0.28,duplicate_observation,
IDENT_003165,ACT_0025,handle,ChromeOrbit,SRC_002699,2026-09-05T00:00:00Z,2026-09-01T00:00:00Z,0.7,duplicate_observation,
IDENT_003166,ACT_0009,handle,AshSignal52,SRC_004059,2026-10-22T00:00:00Z,2026-09-01T00:00:00Z,0.18,duplicate_observation,OBS_001614
IDENT_003167,ACT_0017,handle,BlackCipher,SRC_003437,2026-09-15T11:28:43Z,2026-09-01T00:00:00Z,0.3,duplicate_observation,OBS_002348
IDENT_003168,ACT_0057,handle,DriftReaper,SRC_001617,2026-10-03T00:00:00Z,2026-09-01T00:00:00Z,0.11,duplicate_observation,
IDENT_003169,ACT_0013,handle,VectorPulse,SRC_004421,2026-07-14T09:25:01Z,2026-09-01T00:00:00Z,0.37,duplicate_observation,
IDENT_003170,ACT_0017,handle,BlackCipher,SRC_002409,2026-09-14T11:28:43Z,2026-09-01T00:00:00Z,0.51,duplicate_observation,OBS_013983
IDENT_003171,ACT_0030,handle,OnyxRoot,SRC_001441,2025-10-12T21:36:22Z,2026-09-01T00:00:00Z,0.44,duplicate_observation,OBS_008767
IDENT_003172,ACT_0004,handle,OnyxNode,SRC_004601,2026-05-02T04:44:17Z,2026-09-01T00:00:00Z,0.14,duplicate_observation,OBS_006229
IDENT_003173,ACT_0025,handle,ChromeOrbit,SRC_004739,2026-09-11T00:00:00Z,2026-09-01T00:00:00Z,0.18,duplicate_observation,
IDENT_003174,ACT_0021,handle,NullPulse,SRC_003955,2026-09-18T00:00:00Z,2026-09-01T00:00:00Z,0.12,duplicate_observation,
IDENT_003175,ACT_0016,handle,ChromeGrid,SRC_005373,2025-09-08T15:47:40Z,2026-02-23T15:47:40Z,0.34,duplicate_observation,
IDENT_003176,ACT_0057,handle,CrimsonDrift,SRC_000291,2025-10-25T19:15:51Z,2026-09-01T00:00:00Z,0.1,duplicate_observation,OBS_013417
IDENT_003177,ACT_0013,handle,VectorPulse,SRC_002166,2026-07-21T09:25:01Z,2026-09-01T00:00:00Z,0.44,duplicate_observation,OBS_005435
IDENT_003178,ACT_0012,handle,ObsidianRoot49,SRC_004737,2024-12-28T10:37:19Z,2025-01-19T10:37:19Z,0.1,duplicate_observation,
IDENT_003179,ACT_0050,handle,RogueWarden,SRC_005081,2026-10-20T00:00:00Z,2026-09-01T00:00:00Z,0.55,duplicate_observation,OBS_008689
IDENT_003180,ACT_0017,handle,BlackCipher,SRC_000585,2026-09-13T11:28:43Z,2026-09-01T00:00:00Z,0.55,duplicate_observation,OBS_009547
IDENT_003181,ACT_0047,handle,StormFox,SRC_000378,2024-08-11T22:38:20Z,2024-10-19T22:38:20Z,0.1,duplicate_observation,
IDENT_003182,ACT_0034,handle,PhantomOrbit,SRC_001659,2026-10-19T00:00:00Z,2026-09-01T00:00:00Z,0.64,duplicate_observation,OBS_006226
IDENT_003183,ACT_0035,handle,RogueDrift,SRC_000986,2026-11-17T00:00:00Z,2026-09-01T00:00:00Z,0.54,duplicate_observation,
IDENT_003184,ACT_0056,handle,AshShade20,SRC_004535,2026-04-22T10:20:14Z,2026-09-01T00:00:00Z,0.1,duplicate_observation,
IDENT_003185,ACT_0060,handle,CipherEcho,SRC_005577,2026-04-09T22:48:45Z,2026-09-01T00:00:00Z,0.6,duplicate_observation,
IDENT_003186,ACT_0051,handle,SilverGrid,SRC_002235,2026-11-08T00:00:00Z,2026-09-01T00:00:00Z,0.47,duplicate_observation,OBS_008710
IDENT_003187,ACT_0026,handle,RuneCrow,SRC_001620,2025-09-11T18:43:51Z,2026-02-18T18:43:51Z,0.14,duplicate_observation,OBS_010580
IDENT_003188,ACT_0046,handle,ObsidianFalcon,SRC_002465,2025-09-09T14:13:34Z,2026-01-29T14:13:34Z,0.34,duplicate_observation,OBS_001094
IDENT_003189,ACT_0021,handle,StormWolf89,SRC_002356,2026-10-07T00:00:00Z,2026-09-01T00:00:00Z,0.36,duplicate_observation,
IDENT_003190,ACT_0008,handle,RuneLedger,SRC_000620,2025-01-02T10:13:36Z,2025-03-19T10:13:36Z,0.47,duplicate_observation,
IDENT_003191,ACT_0013,handle,VectorNode,SRC_005609,2026-10-15T00:00:00Z,2026-09-01T00:00:00Z,0.14,duplicate_observation,
IDENT_003192,ACT_0039,handle,UmbraWarden,SRC_005678,2026-06-03T04:35:29Z,2026-07-01T04:35:29Z,0.31,duplicate_observation,OBS_012890
IDENT_003193,ACT_0030,handle,OnyxRoot,SRC_001765,2025-10-18T21:36:22Z,2026-08-26T21:36:22Z,0.1,duplicate_observation,
IDENT_003194,ACT_0014,handle,NightLedger,SRC_004946,2024-01-18T02:17:28Z,2024-10-31T02:17:28Z,0.36,duplicate_observation,OBS_005458
IDENT_003195,ACT_0041,handle,RogueSpire80,SRC_002287,2024-12-25T19:31:51Z,2025-11-06T19:31:51Z,0.23,duplicate_observation,OBS_003982
IDENT_003196,ACT_0049,handle,EmberSignal,SRC_001136,2026-06-08T01:19:15Z,2026-09-01T00:00:00Z,0.21,duplicate_observation,
IDENT_003197,ACT_0036,handle,OnyxHex,SRC_000914,2026-09-27T00:00:00Z,2026-09-01T00:00:00Z,0.36,duplicate_observation,OBS_009758
IDENT_003198,ACT_0026,handle,ZeroFox,SRC_002490,2026-10-23T00:00:00Z,2026-09-01T00:00:00Z,0.42,duplicate_observation,
IDENT_003199,ACT_0051,handle,FrostSignal,SRC_005700,2026-10-03T00:00:00Z,2026-09-01T00:00:00Z,0.35,duplicate_observation,OBS_004806
IDENT_003200,ACT_0015,handle,SilverLedger,SRC_000897,2026-10-28T00:00:00Z,2026-09-01T00:00:00Z,0.22,duplicate_observation,OBS_012721
IDENT_003201,ACT_0056,handle,NightCrow,SRC_002196,2025-03-31T10:20:14Z,2026-01-07T10:20:14Z,0.1,duplicate_observation,
IDENT_003202,ACT_0057,handle,CrimsonDrift,SRC_001214,2025-11-03T19:15:51Z,2026-09-01T00:00:00Z,0.22,duplicate_observation,OBS_011279
IDENT_003203,ACT_0055,handle,StormRunner,SRC_002378,2024-03-19T04:37:32Z,2024-07-06T04:37:32Z,0.45,duplicate_observation,OBS_005860
IDENT_003204,ACT_0058,handle,DarkSignal,SRC_000486,2025-12-28T17:09:54Z,2026-09-01T00:00:00Z,0.7,duplicate_observation,
IDENT_003205,ACT_0031,handle,StormMarrow37,SRC_002683,2025-03-24T19:36:25Z,2025-08-07T19:36:25Z,0.35,duplicate_observation,OBS_004603
IDENT_003206,ACT_0023,handle,NullEcho,SRC_003740,2026-10-30T00:00:00Z,2026-09-01T00:00:00Z,0.1,duplicate_observation,
IDENT_003207,ACT_0011,handle,IronSpecter,SRC_000049,2026-11-08T00:00:00Z,2026-09-01T00:00:00Z,0.14,duplicate_observation,
IDENT_003208,ACT_0042,handle,CipherFalcon,SRC_001138,2025-11-07T00:56:31Z,2026-08-01T00:56:31Z,0.49,duplicate_observation,
IDENT_003209,ACT_0015,handle,NullCipher,SRC_004239,2025-10-29T12:12:24Z,2026-09-01T00:00:00Z,0.31,duplicate_observation,OBS_012662
IDENT_003210,ACT_0037,handle,VoidMoth,SRC_003163,2025-01-06T20:05:11Z,2025-07-19T20:05:11Z,0.33,duplicate_observation,OBS_009577
IDENT_003211,ACT_0008,handle,IronCrow,SRC_000414,2025-04-21T10:13:36Z,2025-09-08T10:13:36Z,0.1,duplicate_observation,OBS_006356
IDENT_003212,ACT_0011,handle,StormMarrow12,SRC_005196,2026-05-10T12:53:27Z,2026-09-01T00:00:00Z,0.1,duplicate_observation,
IDENT_003213,ACT_0027,handle,RuneWarden,SRC_004840,2024-05-06T01:12:14Z,2024-06-10T01:12:14Z,0.56,duplicate_observation,OBS_011024
IDENT_003214,ACT_0056,handle,VoidCipher,SRC_003116,2026-10-19T00:00:00Z,2026-09-01T00:00:00Z,0.18,duplicate_observation,OBS_007747
IDENT_003215,ACT_0008,handle,RuneLedger,SRC_002572,2025-01-11T10:13:36Z,2025-03-10T10:13:36Z,0.44,duplicate_observation,
IDENT_003216,ACT_0014,handle,NightLedger,SRC_004926,2024-01-23T02:17:28Z,2024-11-13T02:17:28Z,0.42,duplicate_observation,
IDENT_003217,ACT_0022,handle,CrimsonVector47,SRC_001102,2024-03-20T11:56:59Z,2025-07-22T11:56:59Z,0.1,duplicate_observation,OBS_003651
IDENT_003218,ACT_0011,handle,IronSpecter,SRC_004335,2026-10-28T00:00:00Z,2026-09-01T00:00:00Z,0.17,duplicate_observation,
IDENT_003219,ACT_0010,handle,SilentFox,SRC_004088,2026-05-31T20:43:57Z,2026-09-01T00:00:00Z,0.7,duplicate_observation,
IDENT_003220,ACT_0050,handle,FrostReaper,SRC_000587,2026-07-02T02:56:43Z,2026-09-01T00:00:00Z,0.69,duplicate_observation,OBS_002974
IDENT_003221,ACT_0026,handle,ZeroFox,SRC_005312,2026-11-11T00:00:00Z,2026-09-01T00:00:00Z,0.29,duplicate_observation,
IDENT_003222,ACT_0049,handle,EmberSignal,SRC_004241,2026-05-24T01:19:15Z,2026-09-01T00:00:00Z,0.49,duplicate_observation,
IDENT_003223,ACT_0008,handle,IronCrow,SRC_000520,2025-04-06T10:13:36Z,2025-08-27T10:13:36Z,0.31,duplicate_observation,
IDENT_003224,ACT_0025,handle,ChromeOrbit,SRC_000267,2026-09-23T00:00:00Z,2026-09-01T00:00:00Z,0.39,duplicate_observation,OBS_004873
IDENT_003225,ACT_0034,handle,ObsidianMoth89,SRC_005590,2026-10-23T00:00:00Z,2026-09-01T00:00:00Z,0.38,duplicate_observation,OBS_013177
IDENT_003226,ACT_0026,handle,RuneCrow,SRC_005534,2025-09-20T18:43:51Z,2026-03-05T18:43:51Z,0.51,duplicate_observation,
IDENT_003227,ACT_0013,handle,VectorNode,SRC_003994,2026-11-01T00:00:00Z,2026-09-01T00:00:00Z,0.6,duplicate_observation,
IDENT_003228,ACT_0030,handle,CrimsonForge,SRC_002108,2024-06-11T21:36:22Z,2024-12-20T21:36:22Z,0.28,duplicate_observation,OBS_009722
IDENT_003229,ACT_0054,handle,ShadowGrid,SRC_002543,2026-09-30T00:00:00Z,2026-09-01T00:00:00Z,0.17,duplicate_observation,OBS_009915
IDENT_003230,ACT_0012,handle,ObsidianRoot49,SRC_004345,2024-12-20T10:37:19Z,2025-01-19T10:37:19Z,0.35,duplicate_observation,OBS_013610
IDENT_003231,ACT_0040,handle,FrostWolf,SRC_000537,2025-06-05T18:08:11Z,2025-11-24T18:08:11Z,0.7,duplicate_observation,
IDENT_003232,ACT_0005,handle,SilentVector,SRC_001427,2026-07-06T07:09:23Z,2026-09-01T00:00:00Z,0.49,duplicate_observation,OBS_008157
IDENT_003233,ACT_0001,handle,SilentTrace,SRC_001571,2024-02-22T20:28:06Z,2024-12-28T20:28:06Z,0.46,duplicate_observation,OBS_001544
IDENT_003234,ACT_0014,handle,NightLedger,SRC_003265,2024-01-20T02:17:28Z,2024-11-10T02:17:28Z,0.21,duplicate_observation,OBS_012715
IDENT_003235,ACT_0060,handle,CipherEcho,SRC_003470,2026-04-18T22:48:45Z,2026-09-01T00:00:00Z,0.66,duplicate_observation,OBS_000161
IDENT_003236,ACT_0013,handle,NightWarden,SRC_002205,2026-09-15T00:00:00Z,2026-09-01T00:00:00Z,0.45,duplicate_observation,
IDENT_003237,ACT_0031,handle,RogueReaper,SRC_004791,2026-04-02T19:36:25Z,2026-09-01T00:00:00Z,0.21,duplicate_observation,OBS_007383
IDENT_003238,ACT_0035,handle,StormDrift,SRC_001313,2026-10-14T00:00:00Z,2026-09-01T00:00:00Z,0.59,duplicate_observation,
IDENT_003239,ACT_0020,handle,BlackRoot71,SRC_003248,2025-11-14T15:43:16Z,2026-03-11T15:43:16Z,0.34,duplicate_observation,
IDENT_003240,ACT_0044,handle,SilentNode,SRC_001953,2026-09-29T18:00:37Z,2026-09-01T00:00:00Z,0.3,duplicate_observation,
IDENT_003241,ACT_0057,handle,DriftReaper,SRC_002970,2026-09-20T00:00:00Z,2026-09-01T00:00:00Z,0.1,duplicate_observation,
IDENT_003242,ACT_0029,handle,ChromeHex39,SRC_001479,2025-05-12T22:51:37Z,2026-02-22T22:51:37Z,0.13,duplicate_observation,OBS_008693
IDENT_003243,ACT_0050,handle,FrostReaper,SRC_003098,2026-07-02T02:56:43Z,2026-09-01T00:00:00Z,0.32,duplicate_observation,OBS_000293
IDENT_003244,ACT_0043,handle,CrimsonCrow,SRC_000743,2026-06-16T22:06:12Z,2026-09-01T00:00:00Z,0.68,duplicate_observation,OBS_008527
IDENT_003245,ACT_0052,handle,StormHollow,SRC_003809,2026-04-04T08:12:20Z,2026-09-01T00:00:00Z,0.12,duplicate_observation,
IDENT_003246,ACT_0054,handle,ShadowGrid,SRC_002406,2026-10-04T00:00:00Z,2026-09-01T00:00:00Z,0.28,duplicate_observation,
IDENT_003247,ACT_0028,handle,OnyxPulse,SRC_001989,2024-12-29T00:39:48Z,2025-05-04T00:39:48Z,0.32,duplicate_observation,
IDENT_003248,ACT_0015,handle,SilverLedger,SRC_002195,2026-10-13T00:00:00Z,2026-09-01T00:00:00Z,0.35,duplicate_observation,
IDENT_003249,ACT_0034,handle,ObsidianMoth89,SRC_003790,2026-10-04T00:00:00Z,2026-09-01T00:00:00Z,0.39,duplicate_observation,OBS_002374
IDENT_003250,ACT_0058,handle,PhantomDrift95,SRC_005576,2025-09-02T17:09:54Z,2025-11-18T17:09:54Z,0.44,duplicate_observation,
IDENT_003251,ACT_0033,handle,TalonSentinel,SRC_002613,2025-08-02T01:20:48Z,2026-02-06T01:20:48Z,0.1,duplicate_observation,
IDENT_003252,ACT_0035,handle,RogueDrift,SRC_004218,2026-11-12T00:00:00Z,2026-09-01T00:00:00Z,0.6,duplicate_observation,OBS_002561
IDENT_003253,ACT_0053,handle,OnyxFang,SRC_001732,2025-02-28T21:22:52Z,2026-03-13T21:22:52Z,0.49,duplicate_observation,OBS_003612
IDENT_003254,ACT_0020,handle,ChromeHarbor,SRC_005200,2025-07-16T15:43:16Z,2025-10-21T15:43:16Z,0.13,duplicate_observation,
IDENT_003255,ACT_0060,handle,CipherEcho,SRC_005127,2026-04-09T22:48:45Z,2026-09-01T00:00:00Z,0.1,duplicate_observation,
IDENT_003256,ACT_0007,handle,IronWolf81,SRC_003927,2024-11-29T13:12:42Z,2025-02-10T13:12:42Z,0.23,duplicate_observation,
IDENT_003257,ACT_0054,handle,DarkRunner,SRC_001328,2026-07-06T15:36:14Z,2026-09-01T00:00:00Z,0.41,duplicate_observation,OBS_011040
IDENT_003258,ACT_0015,handle,NullCipher,SRC_000715,2025-11-07T12:12:24Z,2026-09-01T00:00:00Z,0.38,duplicate_observation,OBS_012092
IDENT_003259,ACT_0030,handle,OnyxRoot,SRC_002636,2025-10-23T21:36:22Z,2026-09-01T00:00:00Z,0.52,duplicate_observation,OBS_011865
IDENT_003260,ACT_0058,handle,PhantomDrift95,SRC_002228,2025-08-28T17:09:54Z,2025-11-14T17:09:54Z,0.28,duplicate_observation,OBS_008747
IDENT_003261,ACT_0020,handle,ChromeHarbor,SRC_001274,2025-07-27T15:43:16Z,2025-10-17T15:43:16Z,0.25,duplicate_observation,OBS_012951
IDENT_003262,ACT_0005,handle,CipherHollow,SRC_000855,2026-09-21T00:00:00Z,2026-09-01T00:00:00Z,0.36,duplicate_observation,
IDENT_003263,ACT_0052,handle,ZeroTrace,SRC_002359,2026-10-10T00:00:00Z,2026-09-01T00:00:00Z,0.23,duplicate_observation,
IDENT_003264,ACT_0007,handle,GhostForge71,SRC_001694,2024-06-05T13:12:42Z,2024-11-04T13:12:42Z,0.18,duplicate_observation,
IDENT_003265,ACT_0047,handle,StormFox,SRC_004684,2024-08-11T22:38:20Z,2024-10-26T22:38:20Z,0.15,duplicate_observation,
IDENT_003266,ACT_0051,handle,FrostSignal,SRC_001224,2026-10-15T00:00:00Z,2026-09-01T00:00:00Z,0.68,duplicate_observation,OBS_007073
IDENT_003267,ACT_0025,handle,DarkMarrow,SRC_000141,2026-05-07T13:33:59Z,2026-09-01T00:00:00Z,0.31,duplicate_observation,OBS_006794
IDENT_003268,ACT_0038,handle,CrimsonLedger,SRC_001089,2025-11-13T11:07:27Z,2026-07-31T11:07:27Z,0.14,duplicate_observation,OBS_012264
IDENT_003269,ACT_0056,handle,VoidNode,SRC_003307,2024-09-03T10:20:14Z,2025-04-04T10:20:14Z,0.33,duplicate_observation,
IDENT_003270,ACT_0053,handle,DarkOrbit,SRC_005024,2026-03-20T21:22:52Z,2026-09-01T00:00:00Z,0.4,duplicate_observation,OBS_003207
IDENT_003271,ACT_0012,handle,ObsidianRoot49,SRC_000288,2024-12-26T10:37:19Z,2025-01-11T10:37:19Z,0.11,duplicate_observation,
IDENT_003272,ACT_0058,handle,PhantomDrift95,SRC_005510,2025-08-21T17:09:54Z,2025-11-20T17:09:54Z,0.7,duplicate_observation,OBS_005155
IDENT_003273,ACT_0046,handle,PhantomGrid,SRC_004674,2026-02-06T14:13:34Z,2026-07-03T14:13:34Z,0.34,duplicate_observation,OBS_012753
IDENT_003274,ACT_0049,handle,EmberSignal,SRC_001164,2026-06-05T01:19:15Z,2026-09-01T00:00:00Z,0.17,duplicate_observation,
IDENT_003275,ACT_0035,handle,BlackReaper60,SRC_003221,2026-11-13T00:00:00Z,2026-09-01T00:00:00Z,0.25,duplicate_observation,OBS_013447
IDENT_003276,ACT_0035,handle,StormDrift,SRC_004929,2026-10-17T00:00:00Z,2026-09-01T00:00:00Z,0.42,duplicate_observation,
IDENT_003277,ACT_0036,handle,TalonSpire,SRC_002253,2026-04-20T18:10:40Z,2026-09-01T00:00:00Z,0.5,duplicate_observation,OBS_011322
IDENT_003278,ACT_0008,handle,FrostMoth,SRC_001525,2026-10-04T10:13:36Z,2026-09-01T00:00:00Z,0.2,duplicate_observation,OBS_013637
IDENT_003279,ACT_0047,handle,AshForge54,SRC_004362,2024-11-29T22:38:20Z,2026-02-13T22:38:20Z,0.24,duplicate_observation,
IDENT_003280,ACT_0034,handle,DarkVector32,SRC_004096,2024-12-05T10:59:17Z,2025-09-04T10:59:17Z,0.62,duplicate_observation,OBS_007013
IDENT_003281,ACT_0012,handle,ObsidianRoot49,SRC_001898,2024-12-21T10:37:19Z,2025-01-23T10:37:19Z,0.33,duplicate_observation,OBS_009112
IDENT_003282,ACT_0038,handle,CrimsonLedger,SRC_001360,2025-11-15T11:07:27Z,2026-08-01T11:07:27Z,0.49,duplicate_observation,OBS_001664
IDENT_003283,ACT_0037,handle,VoidMoth,SRC_005589,2025-01-15T20:05:11Z,2025-07-15T20:05:11Z,0.32,duplicate_observation,
IDENT_003284,ACT_0044,handle,NightSentinel32,SRC_004772,2026-03-13T18:00:37Z,2026-07-25T18:00:37Z,0.43,duplicate_observation,OBS_012776
IDENT_003285,ACT_0042,handle,AshFox60,SRC_005124,2025-06-25T00:56:31Z,2025-11-08T00:56:31Z,0.5,duplicate_observation,OBS_005345
IDENT_003286,ACT_0017,handle,UmbraSpire59,SRC_001829,2025-08-18T11:28:43Z,2026-08-06T11:28:43Z,0.23,duplicate_observation,OBS_012630
IDENT_003287,ACT_0025,handle,ChromeOrbit,SRC_002627,2026-09-12T00:00:00Z,2026-09-01T00:00:00Z,0.39,duplicate_observation,OBS_011001
IDENT_003288,ACT_0011,handle,IronSpecter,SRC_002162,2026-10-30T00:00:00Z,2026-09-01T00:00:00Z,0.69,duplicate_observation,
IDENT_003289,ACT_0032,handle,RuneEcho,SRC_002144,2025-07-28T17:55:46Z,2026-08-10T17:55:46Z,0.19,duplicate_observation,OBS_010067
IDENT_003290,ACT_0048,handle,CrimsonTrace,SRC_001115,2024-08-16T21:47:44Z,2025-11-17T21:47:44Z,0.53,duplicate_observation,
IDENT_003291,ACT_0054,handle,ShadowGrid,SRC_004351,2026-09-21T00:00:00Z,2026-09-01T00:00:00Z,0.64,duplicate_observation,OBS_005933
IDENT_003292,ACT_0052,handle,ZeroTrace,SRC_005589,2026-10-13T00:00:00Z,2026-09-01T00:00:00Z,0.53,duplicate_observation,OBS_004093
IDENT_003293,ACT_0055,handle,StormRunner,SRC_005448,2024-03-24T04:37:32Z,2024-06-23T04:37:32Z,0.51,duplicate_observation,OBS_003290
IDENT_003294,ACT_0033,handle,TalonSentinel,SRC_000423,2025-08-06T01:20:48Z,2026-02-09T01:20:48Z,0.22,duplicate_observation,OBS_002764
IDENT_003295,ACT_0010,handle,HavocSpire71,SRC_001732,2026-09-18T00:00:00Z,2026-09-01T00:00:00Z,0.19,duplicate_observation,
IDENT_003296,ACT_0020,handle,BlackRoot71,SRC_000347,2025-11-21T15:43:16Z,2026-02-26T15:43:16Z,0.28,duplicate_observation,OBS_000288
IDENT_003297,ACT_0009,handle,WraithHex25,SRC_000658,2026-10-13T00:00:00Z,2026-09-01T00:00:00Z,0.32,duplicate_observation,OBS_010312
IDENT_003298,ACT_0040,handle,ObsidianHex,SRC_005688,2026-01-09T18:08:11Z,2026-09-01T00:00:00Z,0.15,duplicate_observation,OBS_010275
IDENT_003299,ACT_0056,handle,AshShade20,SRC_001504,2026-04-25T10:20:14Z,2026-09-01T00:00:00Z,0.1,duplicate_observation,
IDENT_003300,ACT_0035,handle,BlackReaper60,SRC_002728,2026-10-30T00:00:00Z,2026-09-01T00:00:00Z,0.21,duplicate_observation,
IDENT_003301,ACT_0038,handle,VectorVector,SRC_002494,2025-09-01T11:07:27Z,2025-10-31T11:07:27Z,0.27,duplicate_observation,
IDENT_003302,ACT_0054,handle,UmbraHollow,SRC_005151,2026-02-08T15:36:14Z,2026-05-10T15:36:14Z,0.52,duplicate_observation,
IDENT_003303,ACT_0011,handle,StormMarrow12,SRC_000193,2026-05-16T12:53:27Z,2026-09-01T00:00:00Z,0.59,duplicate_observation,
IDENT_003304,ACT_0034,handle,HavocSentinel54,SRC_000663,2025-10-19T10:59:17Z,2026-09-01T00:00:00Z,0.7,duplicate_observation,
IDENT_003305,ACT_0058,handle,DarkSignal,SRC_001594,2026-01-09T17:09:54Z,2026-09-01T00:00:00Z,0.14,duplicate_observation,OBS_012538
IDENT_003306,ACT_0017,handle,BlackCipher,SRC_001835,2026-09-15T11:28:43Z,2026-09-01T00:00:00Z,0.41,duplicate_observation,OBS_002471
IDENT_003307,ACT_0004,handle,OnyxNode,SRC_001873,2026-04-27T04:44:17Z,2026-09-01T00:00:00Z,0.14,duplicate_observation,OBS_014046
IDENT_003308,ACT_0032,handle,RuneEcho,SRC_000544,2025-07-20T17:55:46Z,2026-08-05T17:55:46Z,0.1,duplicate_observation,
IDENT_003309,ACT_0051,handle,GreyEcho,SRC_005524,2026-07-05T11:41:03Z,2026-09-01T00:00:00Z,0.7,duplicate_observation,
IDENT_003310,ACT_0045,handle,PhantomWolf,SRC_002038,2025-11-17T07:17:31Z,2026-09-01T00:00:00Z,0.4,duplicate_observation,OBS_009940
IDENT_003311,ACT_0026,handle,ZeroFox,SRC_001115,2026-11-10T00:00:00Z,2026-09-01T00:00:00Z,0.2,duplicate_observation,OBS_004049
IDENT_003312,ACT_0023,handle,SilverPulse,SRC_002331,2026-10-01T00:00:00Z,2026-09-01T00:00:00Z,0.14,duplicate_observation,OBS_006237
IDENT_003313,ACT_0003,handle,GreyRoot,SRC_005084,2024-08-18T18:21:03Z,2025-10-25T18:21:03Z,0.61,duplicate_observation,OBS_008333
IDENT_003314,ACT_0024,handle,VectorHarbor,SRC_001485,2026-11-11T00:00:00Z,2026-09-01T00:00:00Z,0.29,duplicate_observation,
IDENT_003315,ACT_0036,handle,IronMarrow,SRC_001264,2026-11-03T00:00:00Z,2026-09-01T00:00:00Z,0.19,duplicate_observation,
IDENT_003316,ACT_0058,handle,PhantomDrift95,SRC_001245,2025-08-27T17:09:54Z,2025-11-12T17:09:54Z,0.16,duplicate_observation,OBS_013842
IDENT_003317,ACT_0015,handle,IronFalcon73,SRC_003923,2026-11-15T00:00:00Z,2026-09-01T00:00:00Z,0.36,duplicate_observation,
IDENT_003318,ACT_0003,handle,IronLedger,SRC_000926,2025-11-23T18:21:03Z,2026-09-01T00:00:00Z,0.23,duplicate_observation,OBS_013464
IDENT_003319,ACT_0017,handle,ChromeSignal,SRC_002178,2024-12-01T11:28:43Z,2025-06-29T11:28:43Z,0.7,duplicate_observation,OBS_009494
IDENT_003320,ACT_0009,handle,AshSignal52,SRC_001520,2026-10-25T00:00:00Z,2026-09-01T00:00:00Z,0.5,duplicate_observation,OBS_006788
IDENT_003321,ACT_0003,handle,IronLedger,SRC_004750,2025-11-18T18:21:03Z,2026-09-01T00:00:00Z,0.28,duplicate_observation,
IDENT_003322,ACT_0057,handle,DriftReaper,SRC_002463,2026-09-29T00:00:00Z,2026-09-01T00:00:00Z,0.17,duplicate_observation,OBS_009891
IDENT_003323,ACT_0043,handle,UmbraRoot,SRC_001797,2025-03-03T22:06:12Z,2026-04-26T22:06:12Z,0.21,duplicate_observation,OBS_003043
IDENT_003324,ACT_0059,handle,FrostRunner37,SRC_005455,2026-10-26T00:00:00Z,2026-09-01T00:00:00Z,0.21,duplicate_observation,OBS_003221
IDENT_003325,ACT_0045,handle,PhantomWolf,SRC_001663,2025-11-11T07:17:31Z,2026-09-01T00:00:00Z,0.33,duplicate_observation,OBS_011906
IDENT_003326,ACT_0050,handle,CipherForge,SRC_003077,2026-10-21T00:00:00Z,2026-09-01T00:00:00Z,0.44,duplicate_observation,OBS_003909
IDENT_003327,ACT_0026,handle,BlackDrift,SRC_005740,2026-03-03T18:43:51Z,2026-09-01T00:00:00Z,0.46,duplicate_observation,OBS_000807
IDENT_003328,ACT_0026,handle,ChromeMarrow,SRC_001422,2025-07-19T18:43:51Z,2025-09-13T18:43:51Z,0.1,duplicate_observation,OBS_001457
IDENT_003329,ACT_0021,handle,StormLedger,SRC_002616,2026-10-01T00:00:00Z,2026-09-01T00:00:00Z,0.16,duplicate_observation,OBS_008100
IDENT_003330,ACT_0035,handle,BlackReaper60,SRC_004125,2026-11-11T00:00:00Z,2026-09-01T00:00:00Z,0.37,duplicate_observation,OBS_008478
IDENT_003331,ACT_0039,handle,UmbraWarden,SRC_000939,2026-05-23T04:35:29Z,2026-06-30T04:35:29Z,0.56,duplicate_observation,
IDENT_003332,ACT_0050,handle,RogueWarden,SRC_002776,2026-10-25T00:00:00Z,2026-09-01T00:00:00Z,0.62,duplicate_observation,OBS_013180
IDENT_003333,ACT_0021,handle,StormWolf89,SRC_005505,2026-10-11T00:00:00Z,2026-09-01T00:00:00Z,0.51,duplicate_observation,OBS_002271
IDENT_003334,ACT_0054,handle,ShadowGrid,SRC_002818,2026-10-02T00:00:00Z,2026-09-01T00:00:00Z,0.24,duplicate_observation,
IDENT_003335,ACT_0015,handle,SilverLedger,SRC_000619,2026-10-10T00:00:00Z,2026-09-01T00:00:00Z,0.56,duplicate_observation,OBS_013202
IDENT_003336,ACT_0055,handle,HavocSentinel,SRC_000084,2024-08-08T04:37:32Z,2025-11-18T04:37:32Z,0.1,duplicate_observation,OBS_007675
IDENT_003337,ACT_0016,handle,ChromeGrid,SRC_005214,2025-09-07T15:47:40Z,2026-02-16T15:47:40Z,0.32,duplicate_observation,OBS_008497
IDENT_003338,ACT_0017,handle,UmbraSpire59,SRC_003938,2025-08-14T11:28:43Z,2026-08-02T11:28:43Z,0.1,duplicate_observation,
IDENT_003339,ACT_0023,handle,NullEcho,SRC_004071,2026-11-14T00:00:00Z,2026-09-01T00:00:00Z,0.1,duplicate_observation,
IDENT_003340,ACT_0021,handle,StormWolf89,SRC_004602,2026-10-05T00:00:00Z,2026-09-01T00:00:00Z,0.58,duplicate_observation,OBS_003822
IDENT_003341,ACT_0025,handle,DarkMarrow,SRC_001483,2026-05-15T13:33:59Z,2026-09-01T00:00:00Z,0.26,duplicate_observation,OBS_002921
IDENT_003342,ACT_0042,handle,ObsidianWarden,SRC_003158,2025-05-21T00:56:31Z,2025-06-27T00:56:31Z,0.39,duplicate_observation,OBS_011470
IDENT_003343,ACT_0042,handle,ObsidianWarden,SRC_002195,2025-05-23T00:56:31Z,2025-06-25T00:56:31Z,0.52,duplicate_observation,
IDENT_003344,ACT_0017,handle,UmbraSpire59,SRC_000908,2025-08-18T11:28:43Z,2026-08-04T11:28:43Z,0.49,duplicate_observation,OBS_013344
IDENT_003345,ACT_0036,handle,TalonSpire,SRC_002961,2026-04-29T18:10:40Z,2026-09-01T00:00:00Z,0.47,duplicate_observation,OBS_011655
IDENT_003346,ACT_0053,handle,IronHarbor,SRC_005076,2024-08-07T21:22:52Z,2025-02-18T21:22:52Z,0.11,duplicate_observation,OBS_009948
IDENT_003347,ACT_0032,handle,VoidHollow,SRC_000608,2026-07-29T17:55:46Z,2026-09-01T00:00:00Z,0.1,duplicate_observation,OBS_011560
IDENT_003348,ACT_0055,handle,HavocSentinel,SRC_000841,2024-08-05T04:37:32Z,2025-11-16T04:37:32Z,0.32,duplicate_observation,
IDENT_003349,ACT_0023,handle,GreySentinel,SRC_004415,2026-09-20T00:00:00Z,2026-09-01T00:00:00Z,0.2,duplicate_observation,
IDENT_003350,ACT_0042,handle,ObsidianWarden,SRC_005801,2025-05-07T00:56:31Z,2025-07-02T00:56:31Z,0.1,duplicate_observation,
IDENT_003351,ACT_0009,handle,WraithHex25,SRC_001237,2026-10-08T00:00:00Z,2026-09-01T00:00:00Z,0.25,duplicate_observation,OBS_010287
IDENT_003352,ACT_0006,handle,RogueRoot,SRC_000070,2025-09-18T08:56:39Z,2025-12-25T08:56:39Z,0.45,duplicate_observation,OBS_013991
IDENT_003353,ACT_0046,handle,PhantomGrid,SRC_002724,2026-02-02T14:13:34Z,2026-06-23T14:13:34Z,0.37,duplicate_observation,OBS_003614
IDENT_003354,ACT_0046,handle,ObsidianFalcon,SRC_003228,2025-09-21T14:13:34Z,2026-01-17T14:13:34Z,0.44,duplicate_observation,
IDENT_003355,ACT_0023,handle,SilverPulse,SRC_003227,2026-10-13T00:00:00Z,2026-09-01T00:00:00Z,0.19,duplicate_observation,
IDENT_003356,ACT_0023,handle,SilverPulse,SRC_002230,2026-10-08T00:00:00Z,2026-09-01T00:00:00Z,0.29,duplicate_observation,OBS_006237
IDENT_003357,ACT_0005,handle,CipherHollow,SRC_001987,2026-09-21T00:00:00Z,2026-09-01T00:00:00Z,0.1,duplicate_observation,OBS_013307
IDENT_003358,ACT_0040,handle,FrostWolf,SRC_003775,2025-06-07T18:08:11Z,2025-11-29T18:08:11Z,0.17,duplicate_observation,
IDENT_003359,ACT_0052,handle,IronRunner,SRC_003674,2025-08-03T08:12:20Z,2026-02-23T08:12:20Z,0.4,duplicate_observation,
IDENT_003360,ACT_0019,handle,VoidDrift,SRC_005417,2025-09-02T04:42:59Z,2026-09-01T00:00:00Z,0.35,duplicate_observation,
IDENT_003361,ACT_0027,handle,RuneWarden,SRC_005512,2024-04-19T01:12:14Z,2024-06-24T01:12:14Z,0.33,duplicate_observation,
IDENT_003362,ACT_0010,handle,SilentFox,SRC_002210,2026-05-28T20:43:57Z,2026-09-01T00:00:00Z,0.28,duplicate_observation,OBS_002534
IDENT_003363,ACT_0030,handle,SilentOrbit,SRC_003655,2025-01-18T21:36:22Z,2025-08-20T21:36:22Z,0.48,duplicate_observation,
IDENT_003364,ACT_0052,handle,StormHollow,SRC_000638,2026-04-10T08:12:20Z,2026-09-01T00:00:00Z,0.37,duplicate_observation,OBS_008063
IDENT_003365,ACT_0033,handle,TalonSentinel,SRC_002016,2025-07-31T01:20:48Z,2026-02-21T01:20:48Z,0.67,duplicate_observation,OBS_002575
IDENT_003366,ACT_0031,handle,WraithWarden,SRC_004538,2025-08-21T19:36:25Z,2026-03-21T19:36:25Z,0.1,duplicate_observation,OBS_004459
IDENT_003367,ACT_0037,handle,VoidMoth,SRC_005190,2025-01-14T20:05:11Z,2025-08-03T20:05:11Z,0.2,duplicate_observation,
IDENT_003368,ACT_0021,handle,NullPulse,SRC_001116,2026-10-03T00:00:00Z,2026-09-01T00:00:00Z,0.34,duplicate_observation,OBS_004726
IDENT_003369,ACT_0031,handle,StormMarrow37,SRC_001981,2025-03-11T19:36:25Z,2025-08-11T19:36:25Z,0.1,duplicate_observation,OBS_001627
IDENT_003370,ACT_0034,handle,PhantomOrbit,SRC_002368,2026-10-30T00:00:00Z,2026-09-01T00:00:00Z,0.36,duplicate_observation,OBS_007947
IDENT_003371,ACT_0054,handle,UmbraHollow,SRC_004602,2026-02-16T15:36:14Z,2026-04-28T15:36:14Z,0.46,duplicate_observation,OBS_011501
IDENT_003372,ACT_0031,handle,StormMarrow37,SRC_002244,2025-03-26T19:36:25Z,2025-08-01T19:36:25Z,0.24,duplicate_observation,
IDENT_003373,ACT_0026,handle,RuneCrow,SRC_000357,2025-09-15T18:43:51Z,2026-02-24T18:43:51Z,0.24,duplicate_observation,OBS_001927
IDENT_003374,ACT_0040,handle,ChromeShade,SRC_003970,2026-10-07T00:00:00Z,2026-09-01T00:00:00Z,0.26,duplicate_observation,
IDENT_003375,ACT_0038,handle,VectorVector,SRC_004872,2025-08-16T11:07:27Z,2025-10-29T11:07:27Z,0.55,duplicate_observation,
IDENT_003376,ACT_0026,handle,RuneCrow,SRC_001373,2025-09-20T18:43:51Z,2026-03-04T18:43:51Z,0.13,duplicate_observation,
IDENT_003377,ACT_0031,handle,RogueReaper,SRC_004043,2026-04-11T19:36:25Z,2026-09-01T00:00:00Z,0.37,duplicate_observation,OBS_007874
IDENT_003378,ACT_0029,handle,GhostShade,SRC_000772,2024-05-08T22:51:37Z,2025-04-30T22:51:37Z,0.21,duplicate_observation,
IDENT_003379,ACT_0024,handle,OnyxEcho,SRC_000468,2026-10-15T00:47:04Z,2026-09-01T00:00:00Z,0.16,duplicate_observation,OBS_012247
IDENT_003380,ACT_0020,handle,BlackRoot71,SRC_002637,2025-11-06T15:43:16Z,2026-03-02T15:43:16Z,0.22,duplicate_observation,OBS_010423
IDENT_003381,ACT_0023,handle,GreyOrbit,SRC_003374,2026-04-21T00:01:56Z,2026-09-01T00:00:00Z,0.1,duplicate_observation,OBS_011584
IDENT_003382,ACT_0051,handle,EmberOrbit93,SRC_003740,2026-09-06T00:00:00Z,2026-09-01T00:00:00Z,0.4,duplicate_observation,OBS_002848
IDENT_003383,ACT_0014,handle,HavocHollow,SRC_005250,2025-01-07T02:17:28Z,2025-10-27T02:17:28Z,0.38,duplicate_observation,
IDENT_003384,ACT_0040,handle,RuneMoth,SRC_004969,2026-10-23T00:00:00Z,2026-09-01T00:00:00Z,0.34,duplicate_observation,
IDENT_003385,ACT_0023,handle,NullEcho,SRC_000690,2026-11-16T00:00:00Z,2026-09-01T00:00:00Z,0.19,duplicate_observation,OBS_007600
IDENT_003386,ACT_0046,handle,ObsidianFalcon,SRC_000336,2025-09-25T14:13:34Z,2026-01-23T14:13:34Z,0.4,duplicate_observation,OBS_003914
IDENT_003387,ACT_0018,handle,DriftTrace,SRC_003569,2024-06-14T18:40:31Z,2025-10-07T18:40:31Z,0.13,duplicate_observation,OBS_004626
IDENT_003388,ACT_0012,handle,CipherSpire,SRC_003061,2025-02-07T10:37:19Z,2025-10-25T10:37:19Z,0.49,duplicate_observation,OBS_006635
IDENT_003389,ACT_0020,handle,NightCipher,SRC_003480,2026-11-13T00:00:00Z,2026-09-01T00:00:00Z,0.15,duplicate_observation,
IDENT_003390,ACT_0034,handle,HavocSentinel54,SRC_000974,2025-10-11T10:59:17Z,2026-09-01T00:00:00Z,0.19,duplicate_observation,OBS_000932
IDENT_003391,ACT_0048,handle,CrimsonTrace,SRC_004196,2024-08-10T21:47:44Z,2025-11-06T21:47:44Z,0.54,duplicate_observation,
IDENT_003392,ACT_0017,handle,ChromeSignal,SRC_002794,2024-12-07T11:28:43Z,2025-06-11T11:28:43Z,0.34,duplicate_observation,OBS_014021
IDENT_003393,ACT_0035,handle,RogueDrift,SRC_005424,2026-11-16T00:00:00Z,2026-09-01T00:00:00Z,0.63,duplicate_observation,
IDENT_003394,ACT_0059,handle,NullWolf,SRC_002495,2026-07-27T16:19:50Z,2026-09-01T00:00:00Z,0.58,duplicate_observation,
IDENT_003395,ACT_0007,handle,IronWolf81,SRC_005698,2024-12-09T13:12:42Z,2025-02-14T13:12:42Z,0.59,duplicate_observation,
IDENT_003396,ACT_0044,handle,NightSentinel32,SRC_001331,2026-03-21T18:00:37Z,2026-08-08T18:00:37Z,0.21,duplicate_observation,
IDENT_003397,ACT_0040,handle,RuneMoth,SRC_002537,2026-10-20T00:00:00Z,2026-09-01T00:00:00Z,0.42,duplicate_observation,OBS_011169
IDENT_003398,ACT_0050,handle,CipherForge,SRC_004910,2026-10-22T00:00:00Z,2026-09-01T00:00:00Z,0.17,duplicate_observation,
IDENT_003399,ACT_0047,handle,StormFox,SRC_004183,2024-08-12T22:38:20Z,2024-10-27T22:38:20Z,0.56,duplicate_observation,
IDENT_003400,ACT_0042,handle,CipherFalcon,SRC_000247,2025-10-30T00:56:31Z,2026-07-17T00:56:31Z,0.1,duplicate_observation,OBS_011848
IDENT_003401,ACT_0023,handle,GreySentinel,SRC_001347,2026-09-28T00:00:00Z,2026-09-01T00:00:00Z,0.44,duplicate_observation,
IDENT_003402,ACT_0017,handle,BlackCipher,SRC_000237,2026-09-06T11:28:43Z,2026-09-01T00:00:00Z,0.51,duplicate_observation,
IDENT_003403,ACT_0035,handle,StormDrift,SRC_001216,2026-10-15T00:00:00Z,2026-09-01T00:00:00Z,0.34,duplicate_observation,OBS_009517
IDENT_003404,ACT_0010,handle,HavocSpire71,SRC_004315,2026-09-25T00:00:00Z,2026-09-01T00:00:00Z,0.49,duplicate_observation,
IDENT_003405,ACT_0051,handle,SilverGrid,SRC_003545,2026-11-07T00:00:00Z,2026-09-01T00:00:00Z,0.33,duplicate_observation,
IDENT_003406,ACT_0046,handle,VectorSentinel,SRC_005090,2026-07-10T14:13:34Z,2026-09-01T00:00:00Z,0.17,duplicate_observation,OBS_013200
IDENT_003407,ACT_0021,handle,StormWolf89,SRC_002081,2026-09-30T00:00:00Z,2026-09-01T00:00:00Z,0.2,duplicate_observation,
IDENT_003408,ACT_0013,handle,NightWarden,SRC_004779,2026-09-17T00:00:00Z,2026-09-01T00:00:00Z,0.26,duplicate_observation,
IDENT_003409,ACT_0032,handle,VoidHollow,SRC_000075,2026-08-17T17:55:46Z,2026-09-01T00:00:00Z,0.18,duplicate_observation,
IDENT_003410,ACT_0022,handle,CrimsonVector47,SRC_005444,2024-03-17T11:56:59Z,2025-07-12T11:56:59Z,0.7,duplicate_observation,
IDENT_003411,ACT_0052,handle,StormHollow,SRC_002918,2026-03-23T08:12:20Z,2026-09-01T00:00:00Z,0.18,duplicate_observation,
IDENT_003412,ACT_0013,handle,VectorPulse,SRC_005144,2026-07-19T09:25:01Z,2026-09-01T00:00:00Z,0.1,duplicate_observation,OBS_003899
IDENT_003413,ACT_0050,handle,FrostReaper,SRC_002530,2026-07-12T02:56:43Z,2026-09-01T00:00:00Z,0.22,duplicate_observation,OBS_000275
IDENT_003414,ACT_0034,handle,DarkVector32,SRC_003953,2024-12-08T10:59:17Z,2025-08-31T10:59:17Z,0.54,duplicate_observation,OBS_004023
IDENT_003415,ACT_0032,handle,RuneEcho,SRC_005271,2025-08-07T17:55:46Z,2026-07-31T17:55:46Z,0.22,duplicate_observation,OBS_010612
IDENT_003416,ACT_0056,handle,VoidCipher,SRC_000984,2026-10-16T00:00:00Z,2026-09-01T00:00:00Z,0.4,duplicate_observation,
IDENT_003417,ACT_0016,handle,ChromeGrid,SRC_005259,2025-09-04T15:47:40Z,2026-03-03T15:47:40Z,0.52,duplicate_observation,OBS_001714
IDENT_003418,ACT_0018,handle,GreyRunner,SRC_005308,2025-10-25T18:40:31Z,2026-09-01T00:00:00Z,0.24,duplicate_observation,
IDENT_003419,ACT_0032,handle,VoidHollow,SRC_002736,2026-07-29T17:55:46Z,2026-09-01T00:00:00Z,0.31,duplicate_observation,OBS_013862
IDENT_003420,ACT_0020,handle,NightCipher,SRC_003924,2026-10-26T00:00:00Z,2026-09-01T00:00:00Z,0.42,duplicate_observation,
IDENT_003421,ACT_0020,handle,ChromeHarbor,SRC_001071,2025-07-24T15:43:16Z,2025-11-02T15:43:16Z,0.26,duplicate_observation,
IDENT_003422,ACT_0058,handle,PhantomDrift95,SRC_001108,2025-08-20T17:09:54Z,2025-11-15T17:09:54Z,0.1,duplicate_observation,
IDENT_003423,ACT_0053,handle,DarkOrbit,SRC_004079,2026-03-24T21:22:52Z,2026-09-01T00:00:00Z,0.43,duplicate_observation,OBS_003509
IDENT_003424,ACT_0012,handle,ObsidianRoot49,SRC_001416,2024-12-20T10:37:19Z,2025-01-21T10:37:19Z,0.27,duplicate_observation,
IDENT_003425,ACT_0031,handle,StormMarrow37,SRC_000487,2025-03-09T19:36:25Z,2025-08-01T19:36:25Z,0.1,duplicate_observation,OBS_008668
IDENT_003426,ACT_0021,handle,StormWolf89,SRC_002564,2026-10-17T00:00:00Z,2026-09-01T00:00:00Z,0.19,duplicate_observation,
IDENT_003427,ACT_0051,handle,FrostSignal,SRC_005518,2026-10-21T00:00:00Z,2026-09-01T00:00:00Z,0.37,duplicate_observation,OBS_001423
IDENT_003428,ACT_0047,handle,StormFox,SRC_005583,2024-08-27T22:38:20Z,2024-10-16T22:38:20Z,0.35,duplicate_observation,
IDENT_003429,ACT_0020,handle,BlackRoot71,SRC_004234,2025-11-20T15:43:16Z,2026-02-22T15:43:16Z,0.33,duplicate_observation,
IDENT_003430,ACT_0035,handle,BlackReaper60,SRC_004532,2026-11-11T00:00:00Z,2026-09-01T00:00:00Z,0.32,duplicate_observation,OBS_001688
IDENT_003431,ACT_0005,handle,SilentVector,SRC_005491,2026-07-18T07:09:23Z,2026-09-01T00:00:00Z,0.15,duplicate_observation,OBS_010472
IDENT_003432,ACT_0056,handle,VoidNode,SRC_001631,2024-08-29T10:20:14Z,2025-03-29T10:20:14Z,0.1,duplicate_observation,OBS_011727
IDENT_003433,ACT_0009,handle,AshSignal52,SRC_004151,2026-10-25T00:00:00Z,2026-09-01T00:00:00Z,0.28,duplicate_observation,OBS_000849
IDENT_003434,ACT_0012,handle,ObsidianRoot49,SRC_001206,2024-12-10T10:37:19Z,2025-01-10T10:37:19Z,0.1,duplicate_observation,
IDENT_003435,ACT_0013,handle,VectorNode,SRC_005560,2026-10-23T00:00:00Z,2026-09-01T00:00:00Z,0.29,duplicate_observation,
IDENT_003436,ACT_0036,handle,OnyxHex,SRC_002629,2026-09-14T00:00:00Z,2026-09-01T00:00:00Z,0.4,duplicate_observation,OBS_013860
IDENT_003437,ACT_0028,handle,OnyxPulse,SRC_000820,2024-12-25T00:39:48Z,2025-05-02T00:39:48Z,0.65,duplicate_observation,
IDENT_003438,ACT_0009,handle,BlackHarbor,SRC_002392,2026-08-13T04:53:06Z,2026-09-01T00:00:00Z,0.23,duplicate_observation,OBS_014075
IDENT_003439,ACT_0048,handle,CrimsonTrace,SRC_001460,2024-08-09T21:47:44Z,2025-11-12T21:47:44Z,0.5,duplicate_observation,OBS_000071
IDENT_003440,ACT_0046,handle,ObsidianFalcon,SRC_004810,2025-09-13T14:13:34Z,2026-01-31T14:13:34Z,0.14,duplicate_observation,
IDENT_003441,ACT_0030,handle,CrimsonForge,SRC_001435,2024-06-09T21:36:22Z,2024-12-04T21:36:22Z,0.28,duplicate_observation,
IDENT_003442,ACT_0034,handle,HavocSentinel54,SRC_005690,2025-10-16T10:59:17Z,2026-09-01T00:00:00Z,0.5,duplicate_observation,
IDENT_003443,ACT_0026,handle,ChromeMarrow,SRC_003936,2025-07-23T18:43:51Z,2025-09-02T18:43:51Z,0.36,duplicate_observation,OBS_006560
IDENT_003444,ACT_0027,handle,RuneWarden,SRC_001718,2024-04-19T01:12:14Z,2024-06-23T01:12:14Z,0.45,duplicate_observation,OBS_006599
IDENT_003445,ACT_0028,handle,OnyxPulse,SRC_002928,2025-01-06T00:39:48Z,2025-05-12T00:39:48Z,0.49,duplicate_observation,
IDENT_003446,ACT_0035,handle,RogueLedger,SRC_000658,2025-06-22T22:04:42Z,2026-09-01T00:00:00Z,0.7,duplicate_observation,OBS_013338
IDENT_003447,ACT_0042,handle,AshFox60,SRC_000775,2025-06-26T00:56:31Z,2025-11-04T00:56:31Z,0.12,duplicate_observation,OBS_011842
IDENT_003448,ACT_0055,handle,StormRunner,SRC_004843,2024-03-15T04:37:32Z,2024-06-28T04:37:32Z,0.39,duplicate_observation,OBS_006801
IDENT_003449,ACT_0047,handle,StormFox,SRC_000580,2024-08-12T22:38:20Z,2024-10-18T22:38:20Z,0.19,duplicate_observation,
IDENT_003450,ACT_0009,handle,BlackHarbor,SRC_000562,2026-07-29T04:53:06Z,2026-09-01T00:00:00Z,0.12,duplicate_observation,OBS_008438
IDENT_003451,ACT_0002,handle,ShadowDrift,SRC_003203,2025-01-18T10:13:48Z,2025-03-03T10:13:48Z,0.33,duplicate_observation,
IDENT_003452,ACT_0050,handle,ShadowNode,SRC_004933,2026-10-05T00:00:00Z,2026-09-01T00:00:00Z,0.27,duplicate_observation,OBS_002244
IDENT_003453,ACT_0056,handle,AshShade20,SRC_000339,2026-04-28T10:20:14Z,2026-09-01T00:00:00Z,0.42,duplicate_observation,OBS_003753
IDENT_003454,ACT_0029,handle,GhostShade,SRC_003810,2024-05-21T22:51:37Z,2025-05-01T22:51:37Z,0.17,duplicate_observation,OBS_010230
IDENT_003455,ACT_0032,handle,VoidHollow,SRC_004224,2026-07-28T17:55:46Z,2026-09-01T00:00:00Z,0.1,duplicate_observation,
IDENT_003456,ACT_0021,handle,ShadowForge,SRC_003941,2026-08-03T20:32:16Z,2026-09-01T00:00:00Z,0.3,duplicate_observation,
IDENT_003457,ACT_0034,handle,HavocSentinel54,SRC_002840,2025-10-16T10:59:17Z,2026-09-01T00:00:00Z,0.35,duplicate_observation,
IDENT_003458,ACT_0013,handle,NightWarden,SRC_002010,2026-09-19T00:00:00Z,2026-09-01T00:00:00Z,0.17,duplicate_observation,
IDENT_003459,ACT_0035,handle,RogueLedger,SRC_003898,2025-06-21T22:04:42Z,2026-09-01T00:00:00Z,0.1,duplicate_observation,OBS_010267
IDENT_003460,ACT_0059,handle,FrostRunner37,SRC_003579,2026-10-30T00:00:00Z,2026-09-01T00:00:00Z,0.57,duplicate_observation,OBS_009644
IDENT_003461,ACT_0014,handle,HavocHollow,SRC_005332,2024-12-22T02:17:28Z,2025-10-28T02:17:28Z,0.39,duplicate_observation,OBS_000377
IDENT_003462,ACT_0019,handle,EmberWolf,SRC_000734,2026-10-22T00:00:00Z,2026-09-01T00:00:00Z,0.28,duplicate_observation,OBS_013259
IDENT_003463,ACT_0023,handle,SilverPulse,SRC_003847,2026-10-14T00:00:00Z,2026-09-01T00:00:00Z,0.35,duplicate_observation,
IDENT_003464,ACT_0025,handle,GhostSentinel,SRC_000439,2026-10-27T00:00:00Z,2026-09-01T00:00:00Z,0.2,duplicate_observation,
IDENT_003465,ACT_0035,handle,CrimsonMoth,SRC_003272,2024-04-26T22:04:42Z,2025-05-21T22:04:42Z,0.26,duplicate_observation,
IDENT_003466,ACT_0025,handle,TalonEcho,SRC_005525,2026-10-06T00:00:00Z,2026-09-01T00:00:00Z,0.57,duplicate_observation,
IDENT_003467,ACT_0017,handle,BlackCipher,SRC_005011,2026-08-28T11:28:43Z,2026-09-01T00:00:00Z,0.49,duplicate_observation,
IDENT_003468,ACT_0008,handle,FrostMoth,SRC_001765,2026-10-05T10:13:36Z,2026-09-01T00:00:00Z,0.31,duplicate_observation,OBS_010901
IDENT_003469,ACT_0042,handle,AshFox60,SRC_001941,2025-07-05T00:56:31Z,2025-10-24T00:56:31Z,0.25,duplicate_observation,OBS_006466
IDENT_003470,ACT_0044,handle,SilentNode,SRC_004964,2026-09-19T18:00:37Z,2026-09-01T00:00:00Z,0.56,duplicate_observation,OBS_010352
IDENT_003471,ACT_0026,handle,ZeroFox,SRC_004075,2026-11-01T00:00:00Z,2026-09-01T00:00:00Z,0.12,duplicate_observation,OBS_002411
IDENT_003472,ACT_0031,handle,RogueReaper,SRC_001827,2026-04-13T19:36:25Z,2026-09-01T00:00:00Z,0.53,duplicate_observation,OBS_001159
IDENT_003473,ACT_0031,handle,StormMarrow37,SRC_003421,2025-03-21T19:36:25Z,2025-08-01T19:36:25Z,0.1,duplicate_observation,OBS_009966
IDENT_003474,ACT_0005,handle,CipherHollow,SRC_003574,2026-09-25T00:00:00Z,2026-09-01T00:00:00Z,0.63,duplicate_observation,OBS_013644
IDENT_003475,ACT_0013,handle,NightWarden,SRC_001898,2026-09-28T00:00:00Z,2026-09-01T00:00:00Z,0.25,duplicate_observation,
IDENT_003476,ACT_0033,handle,TalonSentinel,SRC_001066,2025-08-14T01:20:48Z,2026-02-06T01:20:48Z,0.19,duplicate_observation,OBS_012579
IDENT_003477,ACT_0058,handle,DarkSignal,SRC_001187,2026-01-09T17:09:54Z,2026-09-01T00:00:00Z,0.42,duplicate_observation,
IDENT_003478,ACT_0021,handle,StormWolf89,SRC_000595,2026-10-13T00:00:00Z,2026-09-01T00:00:00Z,0.19,duplicate_observation,OBS_010589
IDENT_003479,ACT_0058,handle,DarkSignal,SRC_002345,2026-01-13T17:09:54Z,2026-09-01T00:00:00Z,0.15,duplicate_observation,OBS_012473
IDENT_003480,ACT_0046,handle,ObsidianFalcon,SRC_004556,2025-09-18T14:13:34Z,2026-01-20T14:13:34Z,0.4,duplicate_observation,OBS_010909
IDENT_003481,ACT_0012,handle,ObsidianRoot49,SRC_002760,2024-12-25T10:37:19Z,2025-01-23T10:37:19Z,0.39,duplicate_observation,OBS_000187
IDENT_003482,ACT_0040,handle,RuneMoth,SRC_002548,2026-10-28T00:00:00Z,2026-09-01T00:00:00Z,0.21,duplicate_observation,OBS_013308
IDENT_003483,ACT_0031,handle,StormMarrow37,SRC_003749,2025-03-26T19:36:25Z,2025-07-31T19:36:25Z,0.39,duplicate_observation,OBS_006438
IDENT_003484,ACT_0015,handle,SilverLedger,SRC_004577,2026-10-23T00:00:00Z,2026-09-01T00:00:00Z,0.44,duplicate_observation,OBS_004659
IDENT_003485,ACT_0024,handle,WraithSpire,SRC_003502,2025-08-22T00:47:04Z,2026-09-01T00:00:00Z,0.31,duplicate_observation,
IDENT_003486,ACT_0053,handle,DarkOrbit,SRC_004577,2026-03-27T21:22:52Z,2026-09-01T00:00:00Z,0.16,duplicate_observation,
IDENT_003487,ACT_0036,handle,OnyxHex,SRC_001179,2026-10-02T00:00:00Z,2026-09-01T00:00:00Z,0.27,duplicate_observation,OBS_008122
IDENT_003488,ACT_0056,handle,AshShade20,SRC_002683,2026-04-28T10:20:14Z,2026-09-01T00:00:00Z,0.45,duplicate_observation,OBS_000318
IDENT_003489,ACT_0055,handle,HavocSentinel,SRC_002487,2024-08-03T04:37:32Z,2025-11-24T04:37:32Z,0.19,duplicate_observation,OBS_003775
IDENT_003490,ACT_0002,handle,ShadowDrift,SRC_001249,2025-01-15T10:13:48Z,2025-03-01T10:13:48Z,0.16,duplicate_observation,
IDENT_003491,ACT_0025,handle,ChromeOrbit,SRC_005435,2026-09-17T00:00:00Z,2026-09-01T00:00:00Z,0.1,duplicate_observation,OBS_004754
IDENT_003492,ACT_0044,handle,GreyMoth,SRC_001167,2024-12-10T18:00:37Z,2026-02-03T18:00:37Z,0.7,duplicate_observation,
IDENT_003493,ACT_0013,handle,VectorPulse,SRC_000772,2026-07-05T09:25:01Z,2026-09-01T00:00:00Z,0.15,duplicate_observation,
IDENT_003494,ACT_0057,handle,CrimsonDrift,SRC_002154,2025-10-18T19:15:51Z,2026-09-01T00:00:00Z,0.27,duplicate_observation,
IDENT_003495,ACT_0026,handle,BlackDrift,SRC_002755,2026-02-23T18:43:51Z,2026-09-01T00:00:00Z,0.25,duplicate_observation,OBS_002737
IDENT_003496,ACT_0050,handle,RogueWarden,SRC_004560,2026-11-01T00:00:00Z,2026-09-01T00:00:00Z,0.5,duplicate_observation,
IDENT_003497,ACT_0036,handle,OnyxHex,SRC_003848,2026-09-21T00:00:00Z,2026-09-01T00:00:00Z,0.1,duplicate_observation,
IDENT_003498,ACT_0011,handle,StormMarrow12,SRC_005726,2026-05-03T12:53:27Z,2026-09-01T00:00:00Z,0.1,duplicate_observation,
IDENT_003499,ACT_0051,handle,EmberOrbit93,SRC_002077,2026-09-07T00:00:00Z,2026-09-01T00:00:00Z,0.55,duplicate_observation,OBS_003121
IDENT_003500,ACT_0020,handle,NightCipher,SRC_005073,2026-11-10T00:00:00Z,2026-09-01T00:00:00Z,0.28,duplicate_observation,OBS_004020
IDENT_003501,ACT_0030,handle,OnyxRoot,SRC_002161,2025-10-16T21:36:22Z,2026-08-21T21:36:22Z,0.23,duplicate_observation,OBS_014425
IDENT_003502,ACT_0034,handle,ObsidianMoth89,SRC_004248,2026-10-05T00:00:00Z,2026-09-01T00:00:00Z,0.26,duplicate_observation,
IDENT_003503,ACT_0047,handle,AshForge54,SRC_000762,2024-11-16T22:38:20Z,2026-02-10T22:38:20Z,0.16,duplicate_observation,OBS_010294
IDENT_003504,ACT_0046,handle,VectorSentinel,SRC_005563,2026-07-11T14:13:34Z,2026-09-01T00:00:00Z,0.14,duplicate_observation,
IDENT_003505,ACT_0031,handle,StormMarrow37,SRC_002466,2025-03-27T19:36:25Z,2025-07-26T19:36:25Z,0.47,duplicate_observation,OBS_010196
IDENT_003506,ACT_0051,handle,FrostSignal,SRC_002967,2026-10-06T00:00:00Z,2026-09-01T00:00:00Z,0.7,duplicate_observation,OBS_000345
IDENT_003507,ACT_0047,handle,AshForge54,SRC_002073,2024-12-03T22:38:20Z,2026-02-28T22:38:20Z,0.35,duplicate_observation,OBS_000935
IDENT_003508,ACT_0059,handle,NullWolf,SRC_001547,2026-07-30T16:19:50Z,2026-09-01T00:00:00Z,0.33,duplicate_observation,
IDENT_003509,ACT_0035,handle,BlackReaper60,SRC_003821,2026-10-27T00:00:00Z,2026-09-01T00:00:00Z,0.63,duplicate_observation,OBS_013352
IDENT_003510,ACT_0021,handle,NullPulse,SRC_003118,2026-09-25T00:00:00Z,2026-09-01T00:00:00Z,0.55,duplicate_observation,
IDENT_003511,ACT_0053,handle,DarkOrbit,SRC_004140,2026-03-24T21:22:52Z,2026-09-01T00:00:00Z,0.63,duplicate_observation,
IDENT_003512,ACT_0044,handle,SilentNode,SRC_004759,2026-09-26T18:00:37Z,2026-09-01T00:00:00Z,0.4,duplicate_observation,OBS_008257
IDENT_003513,ACT_0023,handle,GreySentinel,SRC_003226,2026-09-22T00:00:00Z,2026-09-01T00:00:00Z,0.11,duplicate_observation,OBS_007808
IDENT_003514,ACT_0038,handle,CrimsonLedger,SRC_005438,2025-11-10T11:07:27Z,2026-07-18T11:07:27Z,0.15,duplicate_observation,OBS_008669
IDENT_003515,ACT_0045,handle,PhantomWolf,SRC_002160,2025-11-27T07:17:31Z,2026-09-01T00:00:00Z,0.31,duplicate_observation,
IDENT_003516,ACT_0025,handle,DarkMarrow,SRC_004833,2026-05-22T13:33:59Z,2026-09-01T00:00:00Z,0.19,duplicate_observation,
IDENT_003517,ACT_0025,handle,GhostSentinel,SRC_002858,2026-10-31T00:00:00Z,2026-09-01T00:00:00Z,0.1,duplicate_observation,
IDENT_003518,ACT_0013,handle,NightWarden,SRC_002721,2026-09-19T00:00:00Z,2026-09-01T00:00:00Z,0.36,duplicate_observation,
IDENT_003519,ACT_0040,handle,StormPulse,SRC_002721,2026-10-17T00:00:00Z,2026-09-01T00:00:00Z,0.1,duplicate_observation,OBS_008426
IDENT_003520,ACT_0020,handle,ZeroOrbit,SRC_002581,2026-03-26T15:43:16Z,2026-09-01T00:00:00Z,0.28,duplicate_observation,OBS_007854
IDENT_003521,ACT_0011,handle,IronSpecter,SRC_002192,2026-11-06T00:00:00Z,2026-09-01T00:00:00Z,0.42,duplicate_observation,
IDENT_003522,ACT_0021,handle,ShadowForge,SRC_005022,2026-07-29T20:32:16Z,2026-09-01T00:00:00Z,0.11,duplicate_observation,OBS_002266
IDENT_003523,ACT_0042,handle,CipherFalcon,SRC_000181,2025-11-13T00:56:31Z,2026-08-05T00:56:31Z,0.1,duplicate_observation,OBS_010679
IDENT_003524,ACT_0055,handle,StormRunner,SRC_001466,2024-03-23T04:37:32Z,2024-06-19T04:37:32Z,0.63,duplicate_observation,
IDENT_003525,ACT_0037,handle,AshMoth,SRC_000786,2024-09-30T20:05:11Z,2024-12-08T20:05:11Z,0.13,duplicate_observation,OBS_014462
IDENT_003526,ACT_0042,handle,ObsidianWarden,SRC_000974,2025-05-16T00:56:31Z,2025-07-05T00:56:31Z,0.7,duplicate_observation,OBS_004081
IDENT_003527,ACT_0054,handle,DarkRunner,SRC_005758,2026-06-26T15:36:14Z,2026-09-01T00:00:00Z,0.24,duplicate_observation,
IDENT_003528,ACT_0008,handle,RuneLedger,SRC_000306,2025-01-13T10:13:36Z,2025-03-07T10:13:36Z,0.11,duplicate_observation,OBS_000243
IDENT_003529,ACT_0046,handle,ObsidianFalcon,SRC_002648,2025-09-26T14:13:34Z,2026-01-16T14:13:34Z,0.12,duplicate_observation,OBS_003446
IDENT_003530,ACT_0035,handle,StormDrift,SRC_003696,2026-10-16T00:00:00Z,2026-09-01T00:00:00Z,0.45,duplicate_observation,OBS_002562
IDENT_003531,ACT_0053,handle,DarkOrbit,SRC_002385,2026-04-08T21:22:52Z,2026-09-01T00:00:00Z,0.25,duplicate_observation,OBS_007702
IDENT_003532,ACT_0031,handle,WraithWarden,SRC_004853,2025-09-01T19:36:25Z,2026-03-20T19:36:25Z,0.35,duplicate_observation,OBS_010310
IDENT_003533,ACT_0024,handle,WraithSpire,SRC_002775,2025-08-19T00:47:04Z,2026-09-01T00:00:00Z,0.23,duplicate_observation,OBS_011553
IDENT_003534,ACT_0006,handle,ShadowForge,SRC_000230,2024-02-21T08:56:39Z,2024-06-30T08:56:39Z,0.44,duplicate_observation,
IDENT_003535,ACT_0015,handle,IronFalcon73,SRC_000392,2026-10-27T00:00:00Z,2026-09-01T00:00:00Z,0.43,duplicate_observation,
IDENT_003536,ACT_0042,handle,CipherFalcon,SRC_002599,2025-11-04T00:56:31Z,2026-08-02T00:56:31Z,0.15,duplicate_observation,
IDENT_003537,ACT_0003,handle,IronLedger,SRC_001248,2025-11-22T18:21:03Z,2026-09-01T00:00:00Z,0.1,duplicate_observation,OBS_002435
IDENT_003538,ACT_0058,handle,DarkSignal,SRC_002372,2026-01-06T17:09:54Z,2026-09-01T00:00:00Z,0.4,duplicate_observation,OBS_011536
IDENT_003539,ACT_0026,handle,ZeroFox,SRC_003901,2026-10-29T00:00:00Z,2026-09-01T00:00:00Z,0.31,duplicate_observation,OBS_000959
IDENT_003540,ACT_0020,handle,NightCipher,SRC_003706,2026-11-11T00:00:00Z,2026-09-01T00:00:00Z,0.38,duplicate_observation,OBS_000387
IDENT_003541,ACT_0052,handle,IronRunner,SRC_000455,2025-08-05T08:12:20Z,2026-03-01T08:12:20Z,0.2,duplicate_observation,OBS_008343
IDENT_003542,ACT_0040,handle,FrostWolf,SRC_004087,2025-06-06T18:08:11Z,2025-11-19T18:08:11Z,0.1,duplicate_observation,OBS_009031
IDENT_003543,ACT_0051,handle,FrostSignal,SRC_001955,2026-10-18T00:00:00Z,2026-09-01T00:00:00Z,0.29,duplicate_observation,OBS_004446
IDENT_003544,ACT_0009,handle,CrimsonReaper,SRC_001352,2026-10-17T00:00:00Z,2026-09-01T00:00:00Z,0.23,duplicate_observation,
IDENT_003545,ACT_0019,handle,EmberWolf,SRC_004049,2026-10-15T00:00:00Z,2026-09-01T00:00:00Z,0.4,duplicate_observation,
IDENT_003546,ACT_0020,handle,BlackRoot71,SRC_002665,2025-11-05T15:43:16Z,2026-03-04T15:43:16Z,0.43,duplicate_observation,OBS_007915
IDENT_003547,ACT_0025,handle,GhostSentinel,SRC_002253,2026-11-02T00:00:00Z,2026-09-01T00:00:00Z,0.11,duplicate_observation,
IDENT_003548,ACT_0017,handle,UmbraSpire59,SRC_001300,2025-08-11T11:28:43Z,2026-08-11T11:28:43Z,0.1,duplicate_observation,OBS_005351
IDENT_003549,ACT_0009,handle,CrimsonReaper,SRC_003205,2026-10-13T00:00:00Z,2026-09-01T00:00:00Z,0.27,duplicate_observation,OBS_002146
IDENT_003550,ACT_0050,handle,FrostReaper,SRC_003665,2026-07-13T02:56:43Z,2026-09-01T00:00:00Z,0.47,duplicate_observation,
IDENT_003551,ACT_0041,handle,RogueSpire80,SRC_002077,2024-12-28T19:31:51Z,2025-11-04T19:31:51Z,0.16,duplicate_observation,
IDENT_003552,ACT_0043,handle,UmbraRoot,SRC_004627,2025-03-04T22:06:12Z,2026-04-18T22:06:12Z,0.16,duplicate_observation,OBS_005048
IDENT_003553,ACT_0053,handle,IronHarbor,SRC_005686,2024-08-21T21:22:52Z,2025-02-10T21:22:52Z,0.53,duplicate_observation,OBS_002237
IDENT_003554,ACT_0023,handle,SilverPulse,SRC_005299,2026-10-04T00:00:00Z,2026-09-01T00:00:00Z,0.58,duplicate_observation,OBS_000419
IDENT_003555,ACT_0021,handle,StormWolf89,SRC_003604,2026-10-04T00:00:00Z,2026-09-01T00:00:00Z,0.19,duplicate_observation,
IDENT_003556,ACT_0023,handle,GreyOrbit,SRC_000420,2026-05-02T00:01:56Z,2026-09-01T00:00:00Z,0.52,duplicate_observation,
IDENT_003557,ACT_0053,handle,OnyxFang,SRC_000976,2025-02-28T21:22:52Z,2026-03-12T21:22:52Z,0.22,duplicate_observation,OBS_004062
IDENT_003558,ACT_0027,handle,RuneWarden,SRC_002808,2024-05-03T01:12:14Z,2024-06-17T01:12:14Z,0.26,duplicate_observation,
IDENT_003559,ACT_0025,handle,GhostSentinel,SRC_005179,2026-11-13T00:00:00Z,2026-09-01T00:00:00Z,0.26,duplicate_observation,
IDENT_003560,ACT_0040,handle,ChromeShade,SRC_002860,2026-10-17T00:00:00Z,2026-09-01T00:00:00Z,0.47,duplicate_observation,OBS_007315
IDENT_003561,ACT_0018,handle,DriftTrace,SRC_004323,2024-06-14T18:40:31Z,2025-10-15T18:40:31Z,0.28,duplicate_observation,
IDENT_003562,ACT_0046,handle,PhantomGrid,SRC_004754,2026-02-06T14:13:34Z,2026-07-03T14:13:34Z,0.39,duplicate_observation,OBS_001077
IDENT_003563,ACT_0039,handle,UmbraWarden,SRC_002750,2026-05-18T04:35:29Z,2026-07-10T04:35:29Z,0.29,duplicate_observation,OBS_000515
IDENT_003564,ACT_0010,handle,SilentFox,SRC_005453,2026-06-06T20:43:57Z,2026-09-01T00:00:00Z,0.42,duplicate_observation,
IDENT_003565,ACT_0032,handle,VoidHollow,SRC_000625,2026-08-08T17:55:46Z,2026-09-01T00:00:00Z,0.35,duplicate_observation,
IDENT_003566,ACT_0056,handle,VoidCipher,SRC_001697,2026-10-23T00:00:00Z,2026-09-01T00:00:00Z,0.59,duplicate_observation,
IDENT_003567,ACT_0025,handle,TalonEcho,SRC_005510,2026-10-04T00:00:00Z,2026-09-01T00:00:00Z,0.19,duplicate_observation,OBS_004833
IDENT_003568,ACT_0023,handle,SilverPulse,SRC_002902,2026-10-14T00:00:00Z,2026-09-01T00:00:00Z,0.25,duplicate_observation,OBS_008631
IDENT_003569,ACT_0053,handle,OnyxFang,SRC_002675,2025-03-09T21:22:52Z,2026-03-09T21:22:52Z,0.47,duplicate_observation,
IDENT_003570,ACT_0051,handle,FrostSignal,SRC_000479,2026-10-16T00:00:00Z,2026-09-01T00:00:00Z,0.22,duplicate_observation,OBS_011930
IDENT_003571,ACT_0031,handle,StormMarrow37,SRC_003592,2025-03-17T19:36:25Z,2025-07-31T19:36:25Z,0.51,duplicate_observation,OBS_002914
IDENT_003572,ACT_0033,handle,TalonSentinel,SRC_001339,2025-08-14T01:20:48Z,2026-02-07T01:20:48Z,0.35,duplicate_observation,
IDENT_003573,ACT_0025,handle,ChromeOrbit,SRC_002534,2026-09-17T00:00:00Z,2026-09-01T00:00:00Z,0.62,duplicate_observation,OBS_008216
IDENT_003574,ACT_0036,handle,IronMarrow,SRC_003226,2026-10-27T00:00:00Z,2026-09-01T00:00:00Z,0.6,duplicate_observation,
IDENT_003575,ACT_0047,handle,StormFox,SRC_003760,2024-08-26T22:38:20Z,2024-11-02T22:38:20Z,0.34,duplicate_observation,OBS_013771
IDENT_003576,ACT_0027,handle,CrimsonWolf,SRC_003385,2024-07-25T01:12:14Z,2025-10-17T01:12:14Z,0.47,duplicate_observation,
IDENT_003577,ACT_0030,handle,SilentOrbit,SRC_002729,2025-01-20T21:36:22Z,2025-09-06T21:36:22Z,0.33,duplicate_observation,
IDENT_003578,ACT_0042,handle,CipherFalcon,SRC_000446,2025-11-14T00:56:31Z,2026-07-18T00:56:31Z,0.16,duplicate_observation,OBS_006256
IDENT_003579,ACT_0054,handle,UmbraHollow,SRC_001156,2026-02-25T15:36:14Z,2026-05-01T15:36:14Z,0.33,duplicate_observation,
IDENT_003580,ACT_0018,handle,GreyRunner,SRC_001175,2025-10-31T18:40:31Z,2026-09-01T00:00:00Z,0.5,duplicate_observation,OBS_009621
IDENT_003581,ACT_0031,handle,RogueReaper,SRC_003743,2026-04-15T19:36:25Z,2026-09-01T00:00:00Z,0.55,duplicate_observation,
IDENT_003582,ACT_0047,handle,AshForge54,SRC_000836,2024-11-30T22:38:20Z,2026-02-14T22:38:20Z,0.42,duplicate_observation,OBS_002584
IDENT_003583,ACT_0046,handle,WraithHarbor,SRC_004232,2026-10-27T00:00:00Z,2026-09-01T00:00:00Z,0.47,duplicate_observation,
IDENT_003584,ACT_0056,handle,AshShade20,SRC_000321,2026-05-01T10:20:14Z,2026-09-01T00:00:00Z,0.17,duplicate_observation,OBS_009892
IDENT_003585,ACT_0005,handle,CipherHollow,SRC_005832,2026-09-25T00:00:00Z,2026-09-01T00:00:00Z,0.13,duplicate_observation,
IDENT_003586,ACT_0009,handle,CrimsonReaper,SRC_002372,2026-10-15T00:00:00Z,2026-09-01T00:00:00Z,0.15,duplicate_observation,
IDENT_003587,ACT_0060,handle,CipherEcho,SRC_003798,2026-04-07T22:48:45Z,2026-09-01T00:00:00Z,0.38,duplicate_observation,
IDENT_003588,ACT_0050,handle,FrostReaper,SRC_001584,2026-06-28T02:56:43Z,2026-09-01T00:00:00Z,0.1,duplicate_observation,
IDENT_003589,ACT_0029,handle,ChromeHex39,SRC_002092,2025-05-09T22:51:37Z,2026-03-02T22:51:37Z,0.29,duplicate_observation,
IDENT_003590,ACT_0034,handle,HavocSentinel54,SRC_005004,2025-10-01T10:59:17Z,2026-09-01T00:00:00Z,0.16,duplicate_observation,
IDENT_003591,ACT_0015,handle,SilverLedger,SRC_002279,2026-10-15T00:00:00Z,2026-09-01T00:00:00Z,0.29,duplicate_observation,
IDENT_003592,ACT_0042,handle,AshFox60,SRC_002897,2025-07-06T00:56:31Z,2025-11-06T00:56:31Z,0.17,duplicate_observation,OBS_007211
IDENT_003593,ACT_0004,handle,OnyxNode,SRC_001109,2026-04-27T04:44:17Z,2026-09-01T00:00:00Z,0.27,duplicate_observation,
IDENT_003594,ACT_0023,handle,NullEcho,SRC_003395,2026-11-13T00:00:00Z,2026-09-01T00:00:00Z,0.16,duplicate_observation,
IDENT_003595,ACT_0047,handle,AshForge54,SRC_002725,2024-11-25T22:38:20Z,2026-02-13T22:38:20Z,0.58,duplicate_observation,OBS_002204
IDENT_003596,ACT_0033,handle,TalonSentinel,SRC_003431,2025-08-06T01:20:48Z,2026-02-02T01:20:48Z,0.66,duplicate_observation,OBS_005205
IDENT_003597,ACT_0010,handle,HavocSpire71,SRC_005113,2026-09-26T00:00:00Z,2026-09-01T00:00:00Z,0.33,duplicate_observation,
IDENT_003598,ACT_0050,handle,GhostCrow,SRC_003032,2026-11-08T00:00:00Z,2026-09-01T00:00:00Z,0.33,duplicate_observation,
IDENT_003599,ACT_0050,handle,RogueWarden,SRC_001690,2026-11-03T00:00:00Z,2026-09-01T00:00:00Z,0.6,duplicate_observation,OBS_007656
IDENT_003600,ACT_0059,handle,FrostRunner37,SRC_005747,2026-10-22T00:00:00Z,2026-09-01T00:00:00Z,0.67,duplicate_observation,
IDENT_003601,ACT_0032,handle,VoidHollow,SRC_000468,2026-08-09T17:55:46Z,2026-09-01T00:00:00Z,0.23,duplicate_observation,OBS_009699
IDENT_003602,ACT_0043,handle,CrimsonCrow,SRC_005503,2026-06-11T22:06:12Z,2026-09-01T00:00:00Z,0.4,duplicate_observation,OBS_007038
IDENT_003603,ACT_0021,handle,StormWolf89,SRC_003243,2026-10-18T00:00:00Z,2026-09-01T00:00:00Z,0.42,duplicate_observation,
IDENT_003604,ACT_0037,handle,AshMoth,SRC_001784,2024-09-18T20:05:11Z,2024-12-03T20:05:11Z,0.54,duplicate_observation,OBS_013782
IDENT_003605,ACT_0008,handle,SilentPulse,SRC_000277,2025-09-28T10:13:36Z,2026-09-01T00:00:00Z,0.31,duplicate_observation,OBS_012114
IDENT_003606,ACT_0019,handle,VoidDrift,SRC_005307,2025-08-23T04:42:59Z,2026-09-01T00:00:00Z,0.11,duplicate_observation,OBS_013807
IDENT_003607,ACT_0009,handle,BlackHarbor,SRC_000652,2026-07-24T04:53:06Z,2026-09-01T00:00:00Z,0.1,duplicate_observation,
IDENT_003608,ACT_0021,handle,ShadowForge,SRC_003947,2026-08-12T20:32:16Z,2026-09-01T00:00:00Z,0.61,duplicate_observation,OBS_005321
IDENT_003609,ACT_0040,handle,StormPulse,SRC_004039,2026-10-15T00:00:00Z,2026-09-01T00:00:00Z,0.64,duplicate_observation,OBS_005020
IDENT_003610,ACT_0014,handle,NightLedger,SRC_004279,2024-01-31T02:17:28Z,2024-11-03T02:17:28Z,0.1,duplicate_observation,
IDENT_003611,ACT_0035,handle,RogueDrift,SRC_000043,2026-11-07T00:00:00Z,2026-09-01T00:00:00Z,0.16,duplicate_observation,
IDENT_003612,ACT_0037,handle,VoidMoth,SRC_001263,2025-01-20T20:05:11Z,2025-07-25T20:05:11Z,0.21,duplicate_observation,
IDENT_003613,ACT_0015,handle,NullCipher,SRC_004867,2025-10-27T12:12:24Z,2026-09-01T00:00:00Z,0.1,duplicate_observation,
IDENT_003614,ACT_0051,handle,GreyEcho,SRC_003031,2026-07-09T11:41:03Z,2026-09-01T00:00:00Z,0.24,duplicate_observation,
IDENT_003615,ACT_0015,handle,IronFalcon73,SRC_003957,2026-11-12T00:00:00Z,2026-09-01T00:00:00Z,0.31,duplicate_observation,OBS_002437
IDENT_003616,ACT_0032,handle,RuneEcho,SRC_000987,2025-08-08T17:55:46Z,2026-08-03T17:55:46Z,0.2,duplicate_observation,OBS_013123
IDENT_003617,ACT_0054,handle,DarkRunner,SRC_001901,2026-07-08T15:36:14Z,2026-09-01T00:00:00Z,0.46,duplicate_observation,OBS_007100
IDENT_003618,ACT_0056,handle,TalonCipher,SRC_002035,2026-01-09T10:20:14Z,2026-03-31T10:20:14Z,0.33,duplicate_observation,
IDENT_003619,ACT_0006,handle,ForgeVector,SRC_000139,2024-08-25T08:56:39Z,2025-08-23T08:56:39Z,0.2,duplicate_observation,OBS_010892
IDENT_003620,ACT_0035,handle,RogueDrift,SRC_004886,2026-11-08T00:00:00Z,2026-09-01T00:00:00Z,0.2,duplicate_observation,OBS_008345
IDENT_003621,ACT_0043,handle,UmbraRoot,SRC_000166,2025-03-02T22:06:12Z,2026-04-18T22:06:12Z,0.15,duplicate_observation,
IDENT_003622,ACT_0018,handle,DriftTrace,SRC_005528,2024-06-24T18:40:31Z,2025-10-17T18:40:31Z,0.1,duplicate_observation,
IDENT_003623,ACT_0059,handle,VectorHex,SRC_001576,2026-09-29T00:00:00Z,2026-09-01T00:00:00Z,0.4,duplicate_observation,
IDENT_003624,ACT_0014,handle,NightLedger,SRC_004787,2024-01-17T02:17:28Z,2024-11-06T02:17:28Z,0.3,duplicate_observation,
IDENT_003625,ACT_0031,handle,RogueReaper,SRC_001147,2026-04-07T19:36:25Z,2026-09-01T00:00:00Z,0.38,duplicate_observation,OBS_003222
IDENT_003626,ACT_0024,handle,VectorHarbor,SRC_000249,2026-11-01T00:00:00Z,2026-09-01T00:00:00Z,0.1,duplicate_observation,OBS_009021
IDENT_003627,ACT_0040,handle,ChromeShade,SRC_001492,2026-10-05T00:00:00Z,2026-09-01T00:00:00Z,0.48,duplicate_observation,
IDENT_003628,ACT_0009,handle,BlackHarbor,SRC_002252,2026-08-09T04:53:06Z,2026-09-01T00:00:00Z,0.53,duplicate_observation,OBS_011078
IDENT_003629,ACT_0009,handle,CrimsonReaper,SRC_000003,2026-10-04T00:00:00Z,2026-09-01T00:00:00Z,0.53,duplicate_observation,
IDENT_003630,ACT_0056,handle,VoidCipher,SRC_005254,2026-10-18T00:00:00Z,2026-09-01T00:00:00Z,0.68,duplicate_observation,
IDENT_003631,ACT_0050,handle,RogueWarden,SRC_005047,2026-11-02T00:00:00Z,2026-09-01T00:00:00Z,0.41,duplicate_observation,OBS_013223
IDENT_003632,ACT_0013,handle,VectorNode,SRC_001643,2026-10-28T00:00:00Z,2026-09-01T00:00:00Z,0.22,duplicate_observation,OBS_007279
IDENT_003633,ACT_0013,handle,VectorNode,SRC_001681,2026-10-16T00:00:00Z,2026-09-01T00:00:00Z,0.41,duplicate_observation,OBS_007598
IDENT_003634,ACT_0014,handle,HavocHollow,SRC_005432,2025-01-03T02:17:28Z,2025-10-20T02:17:28Z,0.13,duplicate_observation,OBS_005413
IDENT_003635,ACT_0040,handle,ChromeShade,SRC_000987,2026-10-16T00:00:00Z,2026-09-01T00:00:00Z,0.28,duplicate_observation,OBS_013096
IDENT_003636,ACT_0025,handle,TalonEcho,SRC_002744,2026-09-27T00:00:00Z,2026-09-01T00:00:00Z,0.15,duplicate_observation,OBS_012982
IDENT_003637,ACT_0027,handle,RuneWarden,SRC_001572,2024-04-20T01:12:14Z,2024-06-26T01:12:14Z,0.37,duplicate_observation,OBS_005679
IDENT_003638,ACT_0059,handle,VectorHex,SRC_003012,2026-09-29T00:00:00Z,2026-09-01T00:00:00Z,0.18,duplicate_observation,OBS_002656
IDENT_003639,ACT_0017,handle,BlackCipher,SRC_002945,2026-08-29T11:28:43Z,2026-09-01T00:00:00Z,0.1,duplicate_observation,
IDENT_003640,ACT_0021,handle,StormWolf89,SRC_002949,2026-10-09T00:00:00Z,2026-09-01T00:00:00Z,0.42,duplicate_observation,
IDENT_003641,ACT_0023,handle,NullEcho,SRC_001026,2026-10-30T00:00:00Z,2026-09-01T00:00:00Z,0.32,duplicate_observation,OBS_001940
IDENT_003642,ACT_0015,handle,SilverLedger,SRC_000013,2026-10-26T00:00:00Z,2026-09-01T00:00:00Z,0.38,duplicate_observation,OBS_004641
IDENT_003643,ACT_0005,handle,SilentVector,SRC_004154,2026-07-17T07:09:23Z,2026-09-01T00:00:00Z,0.54,duplicate_observation,
IDENT_003644,ACT_0014,handle,NightLedger,SRC_004589,2024-01-16T02:17:28Z,2024-11-09T02:17:28Z,0.4,duplicate_observation,
IDENT_003645,ACT_0021,handle,ShadowForge,SRC_005072,2026-08-14T20:32:16Z,2026-09-01T00:00:00Z,0.12,duplicate_observation,OBS_008100
IDENT_003646,ACT_0007,handle,IronWolf81,SRC_002782,2024-12-12T13:12:42Z,2025-02-09T13:12:42Z,0.29,duplicate_observation,
IDENT_003647,ACT_0028,handle,OnyxPulse,SRC_003484,2025-01-01T00:39:48Z,2025-05-11T00:39:48Z,0.28,duplicate_observation,OBS_007241
IDENT_003648,ACT_0017,handle,BlackCipher,SRC_001445,2026-09-10T11:28:43Z,2026-09-01T00:00:00Z,0.28,duplicate_observation,
IDENT_003649,ACT_0032,handle,RuneEcho,SRC_001383,2025-07-22T17:55:46Z,2026-08-09T17:55:46Z,0.12,duplicate_observation,OBS_010067
IDENT_003650,ACT_0054,handle,DarkRunner,SRC_004479,2026-07-01T15:36:14Z,2026-09-01T00:00:00Z,0.1,duplicate_observation,
IDENT_003651,ACT_0052,handle,IronRunner,SRC_003888,2025-07-23T08:12:20Z,2026-03-09T08:12:20Z,0.12,duplicate_observation,OBS_012833
IDENT_003652,ACT_0024,handle,WraithSpire,SRC_005403,2025-08-14T00:47:04Z,2026-08-22T00:47:04Z,0.33,duplicate_observation,
IDENT_003653,ACT_0034,handle,HavocSentinel54,SRC_002582,2025-10-19T10:59:17Z,2026-09-01T00:00:00Z,0.1,duplicate_observation,OBS_004223
IDENT_003654,ACT_0007,handle,IronWolf81,SRC_000750,2024-12-12T13:12:42Z,2025-02-08T13:12:42Z,0.13,duplicate_observation,
IDENT_003655,ACT_0059,handle,VectorHex,SRC_002098,2026-10-02T00:00:00Z,2026-09-01T00:00:00Z,0.36,duplicate_observation,OBS_000534
IDENT_003656,ACT_0054,handle,ShadowGrid,SRC_001149,2026-09-28T00:00:00Z,2026-09-01T00:00:00Z,0.23,duplicate_observation,OBS_001789
IDENT_003657,ACT_0017,handle,UmbraSpire59,SRC_005727,2025-08-10T11:28:43Z,2026-08-09T11:28:43Z,0.62,duplicate_observation,OBS_006813
IDENT_003658,ACT_0055,handle,HavocSentinel,SRC_001519,2024-08-12T04:37:32Z,2025-11-29T04:37:32Z,0.56,duplicate_observation,
IDENT_003659,ACT_0057,handle,CrimsonDrift,SRC_000788,2025-10-24T19:15:51Z,2026-09-01T00:00:00Z,0.33,duplicate_observation,OBS_013356
IDENT_003660,ACT_0008,handle,FrostMoth,SRC_000059,2026-10-06T10:13:36Z,2026-09-01T00:00:00Z,0.64,duplicate_observation,OBS_000340
IDENT_003661,ACT_0031,handle,RogueReaper,SRC_003023,2026-04-09T19:36:25Z,2026-09-01T00:00:00Z,0.1,duplicate_observation,OBS_006770
IDENT_003662,ACT_0056,handle,NightCrow,SRC_004959,2025-04-13T10:20:14Z,2026-01-06T10:20:14Z,0.1,duplicate_observation,OBS_001830
IDENT_003663,ACT_0020,handle,ZeroOrbit,SRC_002026,2026-03-24T15:43:16Z,2026-09-01T00:00:00Z,0.67,duplicate_observation,
IDENT_003664,ACT_0026,handle,ZeroFox,SRC_003300,2026-10-23T00:00:00Z,2026-09-01T00:00:00Z,0.25,duplicate_observation,OBS_005870
IDENT_003665,ACT_0039,handle,UmbraWarden,SRC_000418,2026-06-01T04:35:29Z,2026-07-05T04:35:29Z,0.34,duplicate_observation,OBS_003698
IDENT_003666,ACT_0030,handle,CrimsonForge,SRC_004034,2024-06-06T21:36:22Z,2024-12-04T21:36:22Z,0.6,duplicate_observation,
IDENT_003667,ACT_0044,handle,SilentNode,SRC_000871,2026-09-25T18:00:37Z,2026-09-01T00:00:00Z,0.2,duplicate_observation,OBS_003541
IDENT_003668,ACT_0011,handle,StormMarrow12,SRC_003741,2026-05-11T12:53:27Z,2026-09-01T00:00:00Z,0.43,duplicate_observation,
IDENT_003669,ACT_0024,handle,OnyxEcho,SRC_003380,2026-10-18T00:47:04Z,2026-09-01T00:00:00Z,0.42,duplicate_observation,
IDENT_003670,ACT_0008,handle,FrostMoth,SRC_002248,2026-10-06T10:13:36Z,2026-09-01T00:00:00Z,0.64,duplicate_observation,OBS_013164
IDENT_003671,ACT_0055,handle,HavocSentinel,SRC_005426,2024-08-16T04:37:32Z,2025-11-23T04:37:32Z,0.23,duplicate_observation,OBS_006518
IDENT_003672,ACT_0025,handle,ChromeOrbit,SRC_001035,2026-09-06T00:00:00Z,2026-09-01T00:00:00Z,0.1,duplicate_observation,OBS_005284
IDENT_003673,ACT_0035,handle,CrimsonMoth,SRC_004520,2024-04-29T22:04:42Z,2025-05-24T22:04:42Z,0.35,duplicate_observation,OBS_014106
IDENT_003674,ACT_0034,handle,DarkVector32,SRC_001869,2024-11-25T10:59:17Z,2025-09-05T10:59:17Z,0.11,duplicate_observation,
IDENT_003675,ACT_0042,handle,ObsidianWarden,SRC_001458,2025-05-10T00:56:31Z,2025-07-05T00:56:31Z,0.36,duplicate_observation,OBS_000662
IDENT_003676,ACT_0006,handle,ForgeVector,SRC_005251,2024-08-29T08:56:39Z,2025-08-27T08:56:39Z,0.25,duplicate_observation,
IDENT_003677,ACT_0054,handle,ShadowGrid,SRC_001200,2026-09-29T00:00:00Z,2026-09-01T00:00:00Z,0.25,duplicate_observation,OBS_008286
IDENT_003678,ACT_0015,handle,NullCipher,SRC_002800,2025-10-30T12:12:24Z,2026-09-01T00:00:00Z,0.1,duplicate_observation,OBS_012030
IDENT_003679,ACT_0041,handle,RogueSpire80,SRC_004892,2024-12-23T19:31:51Z,2025-10-26T19:31:51Z,0.1,duplicate_observation,OBS_012774
IDENT_003680,ACT_0025,handle,TalonEcho,SRC_005103,2026-09-29T00:00:00Z,2026-09-01T00:00:00Z,0.25,duplicate_observation,OBS_000496
IDENT_003681,ACT_0021,handle,ShadowForge,SRC_002017,2026-08-04T20:32:16Z,2026-09-01T00:00:00Z,0.31,duplicate_observation,
IDENT_003682,ACT_0021,handle,StormLedger,SRC_001936,2026-09-18T00:00:00Z,2026-09-01T00:00:00Z,0.7,duplicate_observation,OBS_006605
IDENT_003683,ACT_0026,handle,RuneCrow,SRC_004003,2025-09-23T18:43:51Z,2026-02-18T18:43:51Z,0.22,duplicate_observation,OBS_006064
IDENT_003684,ACT_0019,handle,EmberWolf,SRC_001253,2026-11-01T00:00:00Z,2026-09-01T00:00:00Z,0.14,duplicate_observation,OBS_009512
IDENT_003685,ACT_0040,handle,RuneMoth,SRC_001308,2026-10-22T00:00:00Z,2026-09-01T00:00:00Z,0.17,duplicate_observation,OBS_001678
IDENT_003686,ACT_0024,handle,OnyxEcho,SRC_000257,2026-10-21T00:47:04Z,2026-09-01T00:00:00Z,0.34,duplicate_observation,OBS_009021
IDENT_003687,ACT_0007,handle,GhostForge71,SRC_001189,2024-06-12T13:12:42Z,2024-11-07T13:12:42Z,0.1,duplicate_observation,
IDENT_003688,ACT_0015,handle,SilverLedger,SRC_002100,2026-10-19T00:00:00Z,2026-09-01T00:00:00Z,0.19,duplicate_observation,
IDENT_003689,ACT_0035,handle,CrimsonMoth,SRC_003609,2024-05-02T22:04:42Z,2025-05-11T22:04:42Z,0.28,duplicate_observation,OBS_005055
IDENT_003690,ACT_0043,handle,CrimsonCrow,SRC_004896,2026-06-13T22:06:12Z,2026-09-01T00:00:00Z,0.12,duplicate_observation,OBS_009579
IDENT_003691,ACT_0047,handle,StormFox,SRC_004196,2024-08-23T22:38:20Z,2024-10-29T22:38:20Z,0.24,duplicate_observation,OBS_000006
IDENT_003692,ACT_0052,handle,ZeroTrace,SRC_003042,2026-10-15T00:00:00Z,2026-09-01T00:00:00Z,0.64,duplicate_observation,OBS_011731
IDENT_003693,ACT_0011,handle,IronSpecter,SRC_001525,2026-10-31T00:00:00Z,2026-09-01T00:00:00Z,0.23,duplicate_observation,
IDENT_003694,ACT_0045,handle,VectorCrow,SRC_003664,2024-12-06T07:17:31Z,2025-03-25T07:17:31Z,0.54,duplicate_observation,
IDENT_003695,ACT_0007,handle,GhostForge71,SRC_004868,2024-06-05T13:12:42Z,2024-10-25T13:12:42Z,0.34,duplicate_observation,
IDENT_003696,ACT_0036,handle,IronMarrow,SRC_003337,2026-11-03T00:00:00Z,2026-09-01T00:00:00Z,0.4,duplicate_observation,OBS_011655
IDENT_003697,ACT_0042,handle,AshFox60,SRC_004972,2025-06-27T00:56:31Z,2025-11-11T00:56:31Z,0.34,duplicate_observation,
IDENT_003698,ACT_0020,handle,BlackRoot71,SRC_002611,2025-11-11T15:43:16Z,2026-03-05T15:43:16Z,0.67,duplicate_observation,OBS_006538
IDENT_003699,ACT_0054,handle,DarkRunner,SRC_002794,2026-07-03T15:36:14Z,2026-09-01T00:00:00Z,0.41,duplicate_observation,OBS_013654
IDENT_003700,ACT_0019,handle,VoidDrift,SRC_002029,2025-09-01T04:42:59Z,2026-09-01T00:00:00Z,0.49,duplicate_observation,
IDENT_003701,ACT_0052,handle,ZeroTrace,SRC_002170,2026-10-16T00:00:00Z,2026-09-01T00:00:00Z,0.23,duplicate_observation,
IDENT_003702,ACT_0036,handle,OnyxHex,SRC_004437,2026-09-19T00:00:00Z,2026-09-01T00:00:00Z,0.49,duplicate_observation,OBS_013860
IDENT_003703,ACT_0019,handle,EmberWolf,SRC_005477,2026-10-14T00:00:00Z,2026-09-01T00:00:00Z,0.44,duplicate_observation,
IDENT_003704,ACT_0008,handle,IronCrow,SRC_002210,2025-04-08T10:13:36Z,2025-08-24T10:13:36Z,0.1,duplicate_observation,
IDENT_003705,ACT_0008,handle,IronCrow,SRC_001682,2025-04-19T10:13:36Z,2025-08-27T10:13:36Z,0.28,duplicate_observation,OBS_006707
IDENT_003706,ACT_0045,handle,VectorCrow,SRC_000178,2024-12-10T07:17:31Z,2025-03-30T07:17:31Z,0.32,duplicate_observation,OBS_004923
IDENT_003707,ACT_0043,handle,UmbraRoot,SRC_005199,2025-03-05T22:06:12Z,2026-04-14T22:06:12Z,0.1,duplicate_observation,
IDENT_003708,ACT_0050,handle,GhostCrow,SRC_003258,2026-11-16T00:00:00Z,2026-09-01T00:00:00Z,0.37,duplicate_observation,
IDENT_003709,ACT_0034,handle,HavocSentinel54,SRC_004179,2025-10-08T10:59:17Z,2026-09-01T00:00:00Z,0.5,duplicate_observation,
IDENT_003710,ACT_0053,handle,DarkOrbit,SRC_000619,2026-03-27T21:22:52Z,2026-09-01T00:00:00Z,0.51,duplicate_observation,
IDENT_003711,ACT_0038,handle,VectorVector,SRC_003582,2025-08-23T11:07:27Z,2025-10-20T11:07:27Z,0.4,duplicate_observation,
IDENT_003712,ACT_0047,handle,AshForge54,SRC_003325,2024-11-23T22:38:20Z,2026-02-12T22:38:20Z,0.17,duplicate_observation,OBS_009964
IDENT_003713,ACT_0006,handle,RogueRoot,SRC_001856,2025-09-20T08:56:39Z,2025-12-19T08:56:39Z,0.23,duplicate_observation,OBS_012214
IDENT_003714,ACT_0047,handle,StormFox,SRC_002484,2024-08-22T22:38:20Z,2024-10-16T22:38:20Z,0.22,duplicate_observation,OBS_010888
IDENT_003715,ACT_0040,handle,StormPulse,SRC_004629,2026-10-12T00:00:00Z,2026-09-01T00:00:00Z,0.33,duplicate_observation,OBS_001799
IDENT_003716,ACT_0029,handle,ChromeHex39,SRC_003769,2025-05-16T22:51:37Z,2026-03-04T22:51:37Z,0.3,duplicate_observation,OBS_007685
IDENT_003717,ACT_0028,handle,OnyxPulse,SRC_005465,2024-12-22T00:39:48Z,2025-05-18T00:39:48Z,0.25,duplicate_observation,OBS_009199
IDENT_003718,ACT_0023,handle,GreyOrbit,SRC_005255,2026-04-24T00:01:56Z,2026-09-01T00:00:00Z,0.19,duplicate_observation,
IDENT_003719,ACT_0005,handle,CipherHollow,SRC_001992,2026-09-13T00:00:00Z,2026-09-01T00:00:00Z,0.7,duplicate_observation,
IDENT_003720,ACT_0052,handle,StormHollow,SRC_004240,2026-03-28T08:12:20Z,2026-09-01T00:00:00Z,0.37,duplicate_observation,OBS_001757
IDENT_003721,ACT_0034,handle,ObsidianMoth89,SRC_002334,2026-10-04T00:00:00Z,2026-09-01T00:00:00Z,0.54,duplicate_observation,OBS_003577
IDENT_003722,ACT_0027,handle,RuneWarden,SRC_000616,2024-05-02T01:12:14Z,2024-06-22T01:12:14Z,0.47,duplicate_observation,
IDENT_003723,ACT_0050,handle,RogueWarden,SRC_000529,2026-10-22T00:00:00Z,2026-09-01T00:00:00Z,0.7,duplicate_observation,OBS_012194
IDENT_003724,ACT_0008,handle,RuneLedger,SRC_005091,2025-01-08T10:13:36Z,2025-03-12T10:13:36Z,0.13,duplicate_observation,
IDENT_003725,ACT_0014,handle,HavocHollow,SRC_000738,2025-01-01T02:17:28Z,2025-10-17T02:17:28Z,0.13,duplicate_observation,
IDENT_003726,ACT_0050,handle,ShadowNode,SRC_005259,2026-10-06T00:00:00Z,2026-09-01T00:00:00Z,0.7,duplicate_observation,OBS_009990
IDENT_003727,ACT_0053,handle,OnyxFang,SRC_000926,2025-03-02T21:22:52Z,2026-03-10T21:22:52Z,0.37,duplicate_observation,OBS_006843
IDENT_003728,ACT_0008,handle,RuneLedger,SRC_005675,2024-12-30T10:13:36Z,2025-03-07T10:13:36Z,0.33,duplicate_observation,OBS_002274
IDENT_003729,ACT_0032,handle,VoidHollow,SRC_005628,2026-08-15T17:55:46Z,2026-09-01T00:00:00Z,0.38,duplicate_observation,OBS_000489
IDENT_003730,ACT_0020,handle,NightCipher,SRC_004000,2026-11-15T00:00:00Z,2026-09-01T00:00:00Z,0.1,duplicate_observation,OBS_011493
IDENT_003731,ACT_0024,handle,WraithSpire,SRC_003298,2025-08-18T00:47:04Z,2026-09-01T00:00:00Z,0.46,duplicate_observation,
IDENT_003732,ACT_0050,handle,GhostCrow,SRC_000001,2026-11-12T00:00:00Z,2026-09-01T00:00:00Z,0.2,duplicate_observation,OBS_003276
IDENT_003733,ACT_0050,handle,GhostCrow,SRC_000639,2026-11-09T00:00:00Z,2026-09-01T00:00:00Z,0.39,duplicate_observation,OBS_003712
IDENT_003734,ACT_0045,handle,PhantomWolf,SRC_005339,2025-11-27T07:17:31Z,2026-09-01T00:00:00Z,0.7,duplicate_observation,
IDENT_003735,ACT_0025,handle,DarkMarrow,SRC_003340,2026-05-23T13:33:59Z,2026-09-01T00:00:00Z,0.19,duplicate_observation,OBS_002652
IDENT_003736,ACT_0009,handle,AshSignal52,SRC_002572,2026-11-02T00:00:00Z,2026-09-01T00:00:00Z,0.37,duplicate_observation,
IDENT_003737,ACT_0049,handle,EmberSignal,SRC_005265,2026-05-29T01:19:15Z,2026-09-01T00:00:00Z,0.35,duplicate_observation,
IDENT_003738,ACT_0052,handle,StormHollow,SRC_000769,2026-03-31T08:12:20Z,2026-09-01T00:00:00Z,0.3,duplicate_observation,OBS_002421
IDENT_003739,ACT_0045,handle,VectorCrow,SRC_005757,2024-12-10T07:17:31Z,2025-03-30T07:17:31Z,0.2,duplicate_observation,OBS_005723
IDENT_003740,ACT_0050,handle,GhostCrow,SRC_000841,2026-10-31T00:00:00Z,2026-09-01T00:00:00Z,0.1,duplicate_observation,
IDENT_003741,ACT_0027,handle,CrimsonWolf,SRC_000997,2024-07-30T01:12:14Z,2025-10-20T01:12:14Z,0.18,duplicate_observation,
IDENT_003742,ACT_0003,handle,IronLedger,SRC_001257,2025-11-12T18:21:03Z,2026-09-01T00:00:00Z,0.26,duplicate_observation,OBS_007634
IDENT_003743,ACT_0042,handle,CipherFalcon,SRC_003759,2025-11-01T00:56:31Z,2026-08-02T00:56:31Z,0.37,duplicate_observation,
IDENT_003744,ACT_0046,handle,VectorSentinel,SRC_001615,2026-07-11T14:13:34Z,2026-09-01T00:00:00Z,0.61,duplicate_observation,
IDENT_003745,ACT_0050,handle,ShadowNode,SRC_004429,2026-10-08T00:00:00Z,2026-09-01T00:00:00Z,0.45,duplicate_observation,
IDENT_003746,ACT_0006,handle,ForgeVector,SRC_003758,2024-08-25T08:56:39Z,2025-08-24T08:56:39Z,0.42,duplicate_observation,
IDENT_003747,ACT_0037,handle,AshMoth,SRC_002665,2024-09-17T20:05:11Z,2024-11-18T20:05:11Z,0.31,duplicate_observation,OBS_012288
IDENT_003748,ACT_0005,handle,SilentVector,SRC_000028,2026-07-22T07:09:23Z,2026-09-01T00:00:00Z,0.23,duplicate_observation,
IDENT_003749,ACT_0018,handle,DriftTrace,SRC_005454,2024-06-23T18:40:31Z,2025-10-02T18:40:31Z,0.26,duplicate_observation,OBS_008842
IDENT_003750,ACT_0038,handle,VectorVector,SRC_001331,2025-08-16T11:07:27Z,2025-10-28T11:07:27Z,0.39,duplicate_observation,
IDENT_003751,ACT_0055,handle,HavocSentinel,SRC_001642,2024-07-27T04:37:32Z,2025-11-29T04:37:32Z,0.28,duplicate_observation,
IDENT_003752,ACT_0023,handle,GreySentinel,SRC_001547,2026-09-26T00:00:00Z,2026-09-01T00:00:00Z,0.46,duplicate_observation,OBS_000419
IDENT_003753,ACT_0056,handle,VoidNode,SRC_004720,2024-09-11T10:20:14Z,2025-04-05T10:20:14Z,0.38,duplicate_observation,
IDENT_003754,ACT_0016,handle,PhantomHollow,SRC_005295,2025-03-18T15:47:40Z,2025-08-29T15:47:40Z,0.31,duplicate_observation,
IDENT_003755,ACT_0020,handle,BlackRoot71,SRC_003542,2025-11-17T15:43:16Z,2026-02-22T15:43:16Z,0.16,duplicate_observation,OBS_000494
IDENT_003756,ACT_0008,handle,FrostMoth,SRC_002277,2026-10-09T10:13:36Z,2026-09-01T00:00:00Z,0.63,duplicate_observation,OBS_012549
IDENT_003757,ACT_0014,handle,HavocHollow,SRC_001996,2024-12-29T02:17:28Z,2025-10-08T02:17:28Z,0.22,duplicate_observation,
IDENT_003758,ACT_0056,handle,NightCrow,SRC_001636,2025-04-09T10:20:14Z,2026-01-08T10:20:14Z,0.18,duplicate_observation,OBS_011534
IDENT_003759,ACT_0034,handle,ObsidianMoth89,SRC_002919,2026-10-07T00:00:00Z,2026-09-01T00:00:00Z,0.15,duplicate_observation,OBS_010993
IDENT_003760,ACT_0051,handle,GreyEcho,SRC_005172,2026-07-04T11:41:03Z,2026-09-01T00:00:00Z,0.14,duplicate_observation,
IDENT_003761,ACT_0039,handle,UmbraWarden,SRC_004637,2026-05-18T04:35:29Z,2026-07-13T04:35:29Z,0.38,duplicate_observation,OBS_009123
IDENT_003762,ACT_0026,handle,BlackDrift,SRC_002099,2026-02-23T18:43:51Z,2026-09-01T00:00:00Z,0.34,duplicate_observation,
IDENT_003763,ACT_0044,handle,GreyMoth,SRC_002386,2024-12-09T18:00:37Z,2026-02-08T18:00:37Z,0.51,duplicate_observation,OBS_010307
IDENT_003764,ACT_0035,handle,RogueDrift,SRC_000256,2026-11-08T00:00:00Z,2026-09-01T00:00:00Z,0.35,duplicate_observation,OBS_011247
IDENT_003765,ACT_0039,handle,UmbraWarden,SRC_001888,2026-06-03T04:35:29Z,2026-06-29T04:35:29Z,0.52,duplicate_observation,
IDENT_003766,ACT_0042,handle,CipherFalcon,SRC_003527,2025-11-08T00:56:31Z,2026-07-26T00:56:31Z,0.22,duplicate_observation,
IDENT_003767,ACT_0008,handle,IronCrow,SRC_004238,2025-04-08T10:13:36Z,2025-09-08T10:13:36Z,0.35,duplicate_observation,OBS_000441
IDENT_003768,ACT_0021,handle,StormWolf89,SRC_004347,2026-10-05T00:00:00Z,2026-09-01T00:00:00Z,0.7,duplicate_observation,
IDENT_003769,ACT_0016,handle,PhantomHollow,SRC_002937,2025-03-25T15:47:40Z,2025-08-24T15:47:40Z,0.1,duplicate_observation,
IDENT_003770,ACT_0007,handle,IronWolf81,SRC_000586,2024-12-15T13:12:42Z,2025-01-30T13:12:42Z,0.3,duplicate_observation,OBS_012422
IDENT_003771,ACT_0052,handle,StormHollow,SRC_005117,2026-04-08T08:12:20Z,2026-09-01T00:00:00Z,0.26,duplicate_observation,OBS_009493
IDENT_003772,ACT_0053,handle,DarkOrbit,SRC_004129,2026-03-28T21:22:52Z,2026-09-01T00:00:00Z,0.29,duplicate_observation,OBS_006691
IDENT_003773,ACT_0013,handle,VectorPulse,SRC_002062,2026-07-21T09:25:01Z,2026-09-01T00:00:00Z,0.52,duplicate_observation,OBS_003900
IDENT_003774,ACT_0032,handle,RuneEcho,SRC_004812,2025-07-20T17:55:46Z,2026-07-22T17:55:46Z,0.48,duplicate_observation,
IDENT_003775,ACT_0057,handle,CrimsonDrift,SRC_001587,2025-11-04T19:15:51Z,2026-09-01T00:00:00Z,0.57,duplicate_observation,
IDENT_003776,ACT_0054,handle,DarkRunner,SRC_003597,2026-06-29T15:36:14Z,2026-09-01T00:00:00Z,0.57,duplicate_observation,OBS_011823
IDENT_003777,ACT_0026,handle,BlackDrift,SRC_005788,2026-02-20T18:43:51Z,2026-09-01T00:00:00Z,0.1,duplicate_observation,
IDENT_003778,ACT_0007,handle,GhostForge71,SRC_003411,2024-06-13T13:12:42Z,2024-11-07T13:12:42Z,0.19,duplicate_observation,
IDENT_003779,ACT_0042,handle,CipherFalcon,SRC_000752,2025-11-12T00:56:31Z,2026-08-02T00:56:31Z,0.16,duplicate_observation,OBS_012393
IDENT_003780,ACT_0034,handle,PhantomOrbit,SRC_001271,2026-10-21T00:00:00Z,2026-09-01T00:00:00Z,0.24,duplicate_observation,
IDENT_003781,ACT_0014,handle,HavocHollow,SRC_000611,2025-01-03T02:17:28Z,2025-10-23T02:17:28Z,0.64,duplicate_observation,OBS_003248
IDENT_003782,ACT_0050,handle,GhostCrow,SRC_001419,2026-11-13T00:00:00Z,2026-09-01T00:00:00Z,0.26,duplicate_observation,OBS_008364
IDENT_003783,ACT_0050,handle,FrostReaper,SRC_005808,2026-07-09T02:56:43Z,2026-09-01T00:00:00Z,0.1,duplicate_observation,OBS_000249
IDENT_003784,ACT_0030,handle,OnyxRoot,SRC_005164,2025-10-16T21:36:22Z,2026-09-01T00:00:00Z,0.15,duplicate_observation,OBS_003707
IDENT_003785,ACT_0047,handle,StormFox,SRC_004667,2024-08-12T22:38:20Z,2024-10-29T22:38:20Z,0.19,duplicate_observation,OBS_006482
IDENT_003786,ACT_0038,handle,CrimsonLedger,SRC_000720,2025-11-21T11:07:27Z,2026-07-14T11:07:27Z,0.18,duplicate_observation,
IDENT_003787,ACT_0044,handle,GreyMoth,SRC_003532,2024-11-23T18:00:37Z,2026-02-12T18:00:37Z,0.23,duplicate_observation,OBS_014221
IDENT_003788,ACT_0009,handle,WraithHex25,SRC_003520,2026-10-05T00:00:00Z,2026-09-01T00:00:00Z,0.27,duplicate_observation,
IDENT_003789,ACT_0037,handle,AshMoth,SRC_001599,2024-09-25T20:05:11Z,2024-11-19T20:05:11Z,0.1,duplicate_observation,OBS_013892
IDENT_003790,ACT_0048,handle,CrimsonTrace,SRC_003793,2024-08-13T21:47:44Z,2025-11-05T21:47:44Z,0.29,duplicate_observation,
IDENT_003791,ACT_0009,handle,BlackHarbor,SRC_003401,2026-07-24T04:53:06Z,2026-09-01T00:00:00Z,0.36,duplicate_observation,OBS_011134
IDENT_003792,ACT_0024,handle,OnyxEcho,SRC_001851,2026-10-17T00:47:04Z,2026-09-01T00:00:00Z,0.37,duplicate_observation,OBS_007708
IDENT_003793,ACT_0051,handle,FrostSignal,SRC_005167,2026-10-05T00:00:00Z,2026-09-01T00:00:00Z,0.43,duplicate_observation,OBS_000236
IDENT_003794,ACT_0059,handle,VectorHex,SRC_002279,2026-09-23T00:00:00Z,2026-09-01T00:00:00Z,0.49,duplicate_observation,
IDENT_003795,ACT_0009,handle,AshSignal52,SRC_005542,2026-10-26T00:00:00Z,2026-09-01T00:00:00Z,0.1,duplicate_observation,
IDENT_003796,ACT_0003,handle,GreyRoot,SRC_000195,2024-08-18T18:21:03Z,2025-11-06T18:21:03Z,0.42,duplicate_observation,OBS_005492
IDENT_003797,ACT_0050,handle,RogueWarden,SRC_003144,2026-10-25T00:00:00Z,2026-09-01T00:00:00Z,0.33,duplicate_observation,OBS_003284
IDENT_003798,ACT_0042,handle,CipherFalcon,SRC_001519,2025-11-07T00:56:31Z,2026-07-25T00:56:31Z,0.4,duplicate_observation,
IDENT_003799,ACT_0027,handle,CrimsonWolf,SRC_005380,2024-07-28T01:12:14Z,2025-10-19T01:12:14Z,0.17,duplicate_observation,
IDENT_003800,ACT_0005,handle,CipherHollow,SRC_004724,2026-09-28T00:00:00Z,2026-09-01T00:00:00Z,0.31,duplicate_observation,
IDENT_003801,ACT_0057,handle,DriftReaper,SRC_002876,2026-09-18T00:00:00Z,2026-09-01T00:00:00Z,0.34,duplicate_observation,OBS_000475
IDENT_003802,ACT_0031,handle,WraithWarden,SRC_001715,2025-09-04T19:36:25Z,2026-03-07T19:36:25Z,0.16,duplicate_observation,OBS_001216
IDENT_003803,ACT_0001,handle,SilentTrace,SRC_003202,2024-02-25T20:28:06Z,2024-12-24T20:28:06Z,0.5,duplicate_observation,
IDENT_003804,ACT_0015,handle,SilverLedger,SRC_000951,2026-10-26T00:00:00Z,2026-09-01T00:00:00Z,0.1,duplicate_observation,OBS_012591
IDENT_003805,ACT_0020,handle,BlackRoot71,SRC_005065,2025-11-09T15:43:16Z,2026-03-10T15:43:16Z,0.38,duplicate_observation,
IDENT_003806,ACT_0057,handle,CrimsonDrift,SRC_001870,2025-11-05T19:15:51Z,2026-09-01T00:00:00Z,0.24,duplicate_observation,OBS_012969
IDENT_003807,ACT_0003,handle,IronLedger,SRC_005056,2025-11-24T18:21:03Z,2026-09-01T00:00:00Z,0.18,duplicate_observation,
IDENT_003808,ACT_0044,handle,GreyMoth,SRC_001571,2024-11-25T18:00:37Z,2026-01-26T18:00:37Z,0.1,duplicate_observation,OBS_014221
IDENT_003809,ACT_0031,handle,WraithWarden,SRC_004571,2025-09-04T19:36:25Z,2026-03-18T19:36:25Z,0.7,duplicate_observation,OBS_002601
IDENT_003810,ACT_0030,handle,CrimsonForge,SRC_004164,2024-06-05T21:36:22Z,2024-12-19T21:36:22Z,0.3,duplicate_observation,OBS_000370
IDENT_003811,ACT_0034,handle,PhantomOrbit,SRC_003033,2026-10-26T00:00:00Z,2026-09-01T00:00:00Z,0.19,duplicate_observation,OBS_003257
IDENT_003812,ACT_0034,handle,HavocSentinel54,SRC_001353,2025-10-05T10:59:17Z,2026-09-01T00:00:00Z,0.29,duplicate_observation,OBS_006955
IDENT_003813,ACT_0018,handle,DriftTrace,SRC_001733,2024-06-14T18:40:31Z,2025-10-10T18:40:31Z,0.52,duplicate_observation,OBS_007492
IDENT_003814,ACT_0044,handle,SilentNode,SRC_001101,2026-09-27T18:00:37Z,2026-09-01T00:00:00Z,0.19,duplicate_observation,OBS_009262
IDENT_003815,ACT_0045,handle,UmbraMarrow,SRC_004768,2025-05-07T07:17:31Z,2025-11-10T07:17:31Z,0.29,duplicate_observation,OBS_012260
IDENT_003816,ACT_0056,handle,VoidNode,SRC_003131,2024-09-12T10:20:14Z,2025-04-02T10:20:14Z,0.3,duplicate_observation,OBS_005783
IDENT_003817,ACT_0028,handle,OnyxPulse,SRC_003990,2024-12-21T00:39:48Z,2025-05-18T00:39:48Z,0.53,duplicate_observation,OBS_001639
IDENT_003818,ACT_0016,handle,ChromeGrid,SRC_004074,2025-09-13T15:47:40Z,2026-02-15T15:47:40Z,0.51,duplicate_observation,OBS_004021
IDENT_003819,ACT_0029,handle,ChromeHex39,SRC_000502,2025-05-20T22:51:37Z,2026-03-12T22:51:37Z,0.44,duplicate_observation,OBS_012099
IDENT_003820,ACT_0023,handle,SilverPulse,SRC_002436,2026-10-08T00:00:00Z,2026-09-01T00:00:00Z,0.42,duplicate_observation,
IDENT_003821,ACT_0045,handle,UmbraMarrow,SRC_002192,2025-05-18T07:17:31Z,2025-11-10T07:17:31Z,0.17,duplicate_observation,
IDENT_003822,ACT_0020,handle,BlackRoot71,SRC_000322,2025-11-10T15:43:16Z,2026-03-11T15:43:16Z,0.41,duplicate_observation,
IDENT_003823,ACT_0042,handle,ObsidianWarden,SRC_004135,2025-05-11T00:56:31Z,2025-07-05T00:56:31Z,0.43,duplicate_observation,
IDENT_003824,ACT_0030,handle,OnyxRoot,SRC_003611,2025-10-08T21:36:22Z,2026-08-23T21:36:22Z,0.17,duplicate_observation,
IDENT_003825,ACT_0035,handle,CrimsonMoth,SRC_002820,2024-04-25T22:04:42Z,2025-05-17T22:04:42Z,0.62,duplicate_observation,
IDENT_003826,ACT_0018,handle,DriftTrace,SRC_001924,2024-06-10T18:40:31Z,2025-10-17T18:40:31Z,0.37,duplicate_observation,
IDENT_003827,ACT_0023,handle,SilverPulse,SRC_003648,2026-09-28T00:00:00Z,2026-09-01T00:00:00Z,0.48,duplicate_observation,OBS_000328
IDENT_003828,ACT_0058,handle,DarkSignal,SRC_002492,2026-01-03T17:09:54Z,2026-09-01T00:00:00Z,0.3,duplicate_observation,
IDENT_003829,ACT_0023,handle,GreyOrbit,SRC_003798,2026-04-21T00:01:56Z,2026-09-01T00:00:00Z,0.1,duplicate_observation,OBS_002467
IDENT_003830,ACT_0050,handle,CipherForge,SRC_003568,2026-10-16T00:00:00Z,2026-09-01T00:00:00Z,0.14,duplicate_observation,OBS_000275
IDENT_003831,ACT_0006,handle,RogueRoot,SRC_004303,2025-09-25T08:56:39Z,2025-12-09T08:56:39Z,0.36,duplicate_observation,OBS_013007
IDENT_003832,ACT_0011,handle,StormMarrow12,SRC_004993,2026-05-01T12:53:27Z,2026-09-01T00:00:00Z,0.7,duplicate_observation,OBS_010653
IDENT_003833,ACT_0033,handle,TalonSentinel,SRC_004543,2025-08-15T01:20:48Z,2026-02-07T01:20:48Z,0.29,duplicate_observation,
IDENT_003834,ACT_0013,handle,VectorPulse,SRC_001526,2026-07-24T09:25:01Z,2026-09-01T00:00:00Z,0.24,duplicate_observation,OBS_013777
IDENT_003835,ACT_0051,handle,EmberOrbit93,SRC_004850,2026-09-19T00:00:00Z,2026-09-01T00:00:00Z,0.59,duplicate_observation,OBS_006917
IDENT_003836,ACT_0053,handle,IronHarbor,SRC_002844,2024-08-10T21:22:52Z,2025-02-27T21:22:52Z,0.58,duplicate_observation,
IDENT_003837,ACT_0045,handle,PhantomWolf,SRC_000895,2025-11-18T07:17:31Z,2026-09-01T00:00:00Z,0.2,duplicate_observation,
IDENT_003838,ACT_0009,handle,AshSignal52,SRC_005115,2026-10-23T00:00:00Z,2026-09-01T00:00:00Z,0.18,duplicate_observation,
IDENT_003839,ACT_0039,handle,UmbraWarden,SRC_002272,2026-05-31T04:35:29Z,2026-07-03T04:35:29Z,0.21,duplicate_observation,
IDENT_003840,ACT_0018,handle,GreyRunner,SRC_001243,2025-10-17T18:40:31Z,2026-09-01T00:00:00Z,0.62,duplicate_observation,OBS_011814
IDENT_003841,ACT_0015,handle,IronFalcon73,SRC_004002,2026-11-16T00:00:00Z,2026-09-01T00:00:00Z,0.38,duplicate_observation,OBS_001904
IDENT_003842,ACT_0017,handle,ChromeSignal,SRC_005272,2024-12-10T11:28:43Z,2025-06-29T11:28:43Z,0.65,duplicate_observation,
IDENT_003843,ACT_0035,handle,BlackReaper60,SRC_002028,2026-11-12T00:00:00Z,2026-09-01T00:00:00Z,0.37,duplicate_observation,OBS_011670
IDENT_003844,ACT_0002,handle,ShadowDrift,SRC_001298,2025-02-03T10:13:48Z,2025-03-11T10:13:48Z,0.4,duplicate_observation,
IDENT_003845,ACT_0010,handle,HavocSpire71,SRC_003048,2026-09-18T00:00:00Z,2026-09-01T00:00:00Z,0.29,duplicate_observation,OBS_007421
IDENT_003846,ACT_0051,handle,SilverGrid,SRC_001352,2026-10-30T00:00:00Z,2026-09-01T00:00:00Z,0.13,duplicate_observation,OBS_009275
IDENT_003847,ACT_0054,handle,UmbraHollow,SRC_005032,2026-02-25T15:36:14Z,2026-05-09T15:36:14Z,0.31,duplicate_observation,OBS_006254
IDENT_003848,ACT_0051,handle,EmberOrbit93,SRC_002590,2026-09-22T00:00:00Z,2026-09-01T00:00:00Z,0.38,duplicate_observation,
IDENT_003849,ACT_0023,handle,GreyOrbit,SRC_001102,2026-05-03T00:01:56Z,2026-09-01T00:00:00Z,0.1,duplicate_observation,OBS_012791
IDENT_003850,ACT_0046,handle,ObsidianFalcon,SRC_004083,2025-09-13T14:13:34Z,2026-02-02T14:13:34Z,0.3,duplicate_observation,OBS_006920
IDENT_003851,ACT_0021,handle,NullPulse,SRC_000963,2026-10-08T00:00:00Z,2026-09-01T00:00:00Z,0.34,duplicate_observation,
IDENT_003852,ACT_0019,handle,EmberWolf,SRC_000101,2026-10-27T00:00:00Z,2026-09-01T00:00:00Z,0.31,duplicate_observation,OBS_004065
IDENT_003853,ACT_0055,handle,StormRunner,SRC_001990,2024-03-29T04:37:32Z,2024-06-27T04:37:32Z,0.32,duplicate_observation,OBS_002643
IDENT_003854,ACT_0009,handle,BlackHarbor,SRC_003309,2026-08-09T04:53:06Z,2026-09-01T00:00:00Z,0.51,duplicate_observation,
IDENT_003855,ACT_0008,handle,FrostMoth,SRC_003787,2026-10-03T10:13:36Z,2026-09-01T00:00:00Z,0.46,duplicate_observation,
IDENT_003856,ACT_0024,handle,VectorHarbor,SRC_005106,2026-11-11T00:00:00Z,2026-09-01T00:00:00Z,0.19,duplicate_observation,OBS_004532
IDENT_003857,ACT_0022,handle,CrimsonVector47,SRC_000440,2024-03-27T11:56:59Z,2025-07-30T11:56:59Z,0.38,duplicate_observation,
IDENT_003858,ACT_0019,handle,VoidDrift,SRC_003317,2025-08-13T04:42:59Z,2026-09-01T00:00:00Z,0.16,duplicate_observation,
IDENT_003859,ACT_0036,handle,OnyxHex,SRC_004825,2026-09-22T00:00:00Z,2026-09-01T00:00:00Z,0.55,duplicate_observation,OBS_002873
IDENT_003860,ACT_0050,handle,CipherForge,SRC_001391,2026-10-12T00:00:00Z,2026-09-01T00:00:00Z,0.24,duplicate_observation,OBS_000789
IDENT_003861,ACT_0040,handle,RuneMoth,SRC_001799,2026-10-26T00:00:00Z,2026-09-01T00:00:00Z,0.35,duplicate_observation,
IDENT_003862,ACT_0008,handle,FrostMoth,SRC_003096,2026-09-29T10:13:36Z,2026-09-01T00:00:00Z,0.2,duplicate_observation,
IDENT_003863,ACT_0051,handle,EmberOrbit93,SRC_002243,2026-09-20T00:00:00Z,2026-09-01T00:00:00Z,0.14,duplicate_observation,
IDENT_003864,ACT_0058,handle,PhantomDrift95,SRC_002234,2025-09-03T17:09:54Z,2025-11-12T17:09:54Z,0.31,duplicate_observation,OBS_008295
IDENT_003865,ACT_0038,handle,CrimsonLedger,SRC_002443,2025-11-25T11:07:27Z,2026-07-18T11:07:27Z,0.28,duplicate_observation,OBS_010685
IDENT_003866,ACT_0045,handle,UmbraMarrow,SRC_001044,2025-05-11T07:17:31Z,2025-11-21T07:17:31Z,0.25,duplicate_observation,OBS_006098
IDENT_003867,ACT_0026,handle,BlackDrift,SRC_004434,2026-03-04T18:43:51Z,2026-09-01T00:00:00Z,0.18,duplicate_observation,OBS_001831
IDENT_003868,ACT_0019,handle,EmberWolf,SRC_001210,2026-10-26T00:00:00Z,2026-09-01T00:00:00Z,0.17,duplicate_observation,OBS_004658
IDENT_003869,ACT_0021,handle,ShadowForge,SRC_004606,2026-07-31T20:32:16Z,2026-09-01T00:00:00Z,0.63,duplicate_observation,
IDENT_003870,ACT_0011,handle,IronSpecter,SRC_000322,2026-10-27T00:00:00Z,2026-09-01T00:00:00Z,0.34,duplicate_observation,OBS_014247
IDENT_003871,ACT_0042,handle,ObsidianWarden,SRC_000195,2025-05-08T00:56:31Z,2025-07-06T00:56:31Z,0.39,duplicate_observation,
IDENT_003872,ACT_0035,handle,RogueDrift,SRC_003053,2026-11-10T00:00:00Z,2026-09-01T00:00:00Z,0.11,duplicate_observation,OBS_010500
IDENT_003873,ACT_0016,handle,ChromeGrid,SRC_005302,2025-09-12T15:47:40Z,2026-02-28T15:47:40Z,0.2,duplicate_observation,
IDENT_003874,ACT_0018,handle,GreyRunner,SRC_000736,2025-11-03T18:40:31Z,2026-09-01T00:00:00Z,0.37,duplicate_observation,OBS_002996
IDENT_003875,ACT_0028,handle,OnyxPulse,SRC_004301,2025-01-02T00:39:48Z,2025-05-09T00:39:48Z,0.33,duplicate_observation,OBS_013621
IDENT_003876,ACT_0001,handle,SilentTrace,SRC_005321,2024-02-23T20:28:06Z,2024-12-19T20:28:06Z,0.21,duplicate_observation,OBS_001544
IDENT_003877,ACT_0035,handle,BlackReaper60,SRC_004205,2026-10-30T00:00:00Z,2026-09-01T00:00:00Z,0.17,duplicate_observation,OBS_009141
IDENT_003878,ACT_0031,handle,StormMarrow37,SRC_001878,2025-03-13T19:36:25Z,2025-08-06T19:36:25Z,0.24,duplicate_observation,
IDENT_003879,ACT_0024,handle,OnyxEcho,SRC_002821,2026-11-02T00:47:04Z,2026-09-01T00:00:00Z,0.5,duplicate_observation,
IDENT_003880,ACT_0046,handle,PhantomGrid,SRC_000917,2026-02-02T14:13:34Z,2026-07-02T14:13:34Z,0.57,duplicate_observation,OBS_007374
IDENT_003881,ACT_0025,handle,DarkMarrow,SRC_002607,2026-05-22T13:33:59Z,2026-09-01T00:00:00Z,0.39,duplicate_observation,OBS_012982
IDENT_003882,ACT_0026,handle,BlackDrift,SRC_005786,2026-03-06T18:43:51Z,2026-09-01T00:00:00Z,0.46,duplicate_observation,
IDENT_003883,ACT_0004,handle,OnyxNode,SRC_000689,2026-04-30T04:44:17Z,2026-09-01T00:00:00Z,0.2,duplicate_observation,OBS_010536
IDENT_003884,ACT_0021,handle,StormLedger,SRC_003674,2026-10-01T00:00:00Z,2026-09-01T00:00:00Z,0.13,duplicate_observation,OBS_003822
IDENT_003885,ACT_0050,handle,CipherForge,SRC_000075,2026-10-18T00:00:00Z,2026-09-01T00:00:00Z,0.19,duplicate_observation,OBS_005206
IDENT_003886,ACT_0010,handle,HavocSpire71,SRC_005283,2026-10-05T00:00:00Z,2026-09-01T00:00:00Z,0.11,duplicate_observation,
IDENT_003887,ACT_0059,handle,NullWolf,SRC_003866,2026-07-31T16:19:50Z,2026-09-01T00:00:00Z,0.43,duplicate_observation,OBS_003950
IDENT_003888,ACT_0016,handle,ChromeGrid,SRC_003758,2025-09-09T15:47:40Z,2026-02-28T15:47:40Z,0.28,duplicate_observation,
IDENT_003889,ACT_0025,handle,GhostSentinel,SRC_002414,2026-10-28T00:00:00Z,2026-09-01T00:00:00Z,0.13,duplicate_observation,OBS_011072
IDENT_003890,ACT_0058,handle,DarkSignal,SRC_003895,2026-01-08T17:09:54Z,2026-09-01T00:00:00Z,0.5,duplicate_observation,OBS_002486
IDENT_003891,ACT_0017,handle,ChromeSignal,SRC_002077,2024-12-10T11:28:43Z,2025-06-20T11:28:43Z,0.38,duplicate_observation,OBS_011742
IDENT_003892,ACT_0034,handle,DarkVector32,SRC_000875,2024-11-27T10:59:17Z,2025-08-29T10:59:17Z,0.55,duplicate_observation,
IDENT_003893,ACT_0015,handle,SilverLedger,SRC_005576,2026-10-10T00:00:00Z,2026-09-01T00:00:00Z,0.15,duplicate_observation,OBS_009709
IDENT_003894,ACT_0042,handle,CipherFalcon,SRC_002920,2025-11-13T00:56:31Z,2026-07-20T00:56:31Z,0.45,duplicate_observation,OBS_011490
IDENT_003895,ACT_0031,handle,WraithWarden,SRC_003076,2025-09-04T19:36:25Z,2026-03-15T19:36:25Z,0.19,duplicate_observation,
IDENT_003896,ACT_0056,handle,TalonCipher,SRC_003164,2026-01-06T10:20:14Z,2026-03-24T10:20:14Z,0.25,duplicate_observation,OBS_002774
IDENT_003897,ACT_0013,handle,VectorNode,SRC_005419,2026-10-29T00:00:00Z,2026-09-01T00:00:00Z,0.51,duplicate_observation,OBS_005855
IDENT_003898,ACT_0026,handle,RuneCrow,SRC_005192,2025-09-07T18:43:51Z,2026-02-20T18:43:51Z,0.38,duplicate_observation,
IDENT_003899,ACT_0025,handle,DarkMarrow,SRC_005771,2026-05-16T13:33:59Z,2026-09-01T00:00:00Z,0.49,duplicate_observation,
IDENT_003900,ACT_0040,handle,StormPulse,SRC_004385,2026-10-12T00:00:00Z,2026-09-01T00:00:00Z,0.1,duplicate_observation,OBS_013358
IDENT_003901,ACT_0045,handle,PhantomWolf,SRC_001296,2025-11-27T07:17:31Z,2026-09-01T00:00:00Z,0.22,duplicate_observation,OBS_002494
IDENT_003902,ACT_0047,handle,StormFox,SRC_001570,2024-08-17T22:38:20Z,2024-10-14T22:38:20Z,0.24,duplicate_observation,
IDENT_003903,ACT_0034,handle,ObsidianMoth89,SRC_004578,2026-10-16T00:00:00Z,2026-09-01T00:00:00Z,0.29,duplicate_observation,OBS_007145
IDENT_003904,ACT_0036,handle,IronMarrow,SRC_003436,2026-11-04T00:00:00Z,2026-09-01T00:00:00Z,0.41,duplicate_observation,
IDENT_003905,ACT_0026,handle,ZeroFox,SRC_003414,2026-10-23T00:00:00Z,2026-09-01T00:00:00Z,0.12,duplicate_observation,OBS_010425
IDENT_003906,ACT_0025,handle,TalonEcho,SRC_003116,2026-10-09T00:00:00Z,2026-09-01T00:00:00Z,0.58,duplicate_observation,
IDENT_003907,ACT_0059,handle,VectorHex,SRC_000104,2026-09-21T00:00:00Z,2026-09-01T00:00:00Z,0.44,duplicate_observation,
IDENT_003908,ACT_0056,handle,TalonCipher,SRC_003533,2026-01-21T10:20:14Z,2026-03-17T10:20:14Z,0.29,duplicate_observation,
IDENT_003909,ACT_0035,handle,BlackReaper60,SRC_004662,2026-11-11T00:00:00Z,2026-09-01T00:00:00Z,0.7,duplicate_observation,
IDENT_003910,ACT_0050,handle,ShadowNode,SRC_001450,2026-09-28T00:00:00Z,2026-09-01T00:00:00Z,0.25,duplicate_observation,
IDENT_003911,ACT_0034,handle,ObsidianMoth89,SRC_004953,2026-10-19T00:00:00Z,2026-09-01T00:00:00Z,0.57,duplicate_observation,OBS_005346
IDENT_003912,ACT_0007,handle,GhostForge71,SRC_004432,2024-05-28T13:12:42Z,2024-11-01T13:12:42Z,0.29,duplicate_observation,OBS_011725
IDENT_003913,ACT_0055,handle,StormRunner,SRC_003081,2024-03-28T04:37:32Z,2024-06-30T04:37:32Z,0.44,duplicate_observation,OBS_003079
IDENT_003914,ACT_0054,handle,ShadowGrid,SRC_005745,2026-09-28T00:00:00Z,2026-09-01T00:00:00Z,0.24,duplicate_observation,
IDENT_003915,ACT_0028,handle,OnyxPulse,SRC_002547,2024-12-28T00:39:48Z,2025-05-16T00:39:48Z,0.57,duplicate_observation,
IDENT_003916,ACT_0046,handle,WraithHarbor,SRC_003198,2026-10-16T00:00:00Z,2026-09-01T00:00:00Z,0.22,duplicate_observation,OBS_008266
IDENT_003917,ACT_0003,handle,IronLedger,SRC_003417,2025-11-13T18:21:03Z,2026-09-01T00:00:00Z,0.41,duplicate_observation,
IDENT_003918,ACT_0050,handle,GhostCrow,SRC_003433,2026-11-17T00:00:00Z,2026-09-01T00:00:00Z,0.19,duplicate_observation,OBS_002442
IDENT_003919,ACT_0026,handle,RuneCrow,SRC_002269,2025-09-17T18:43:51Z,2026-02-23T18:43:51Z,0.18,duplicate_observation,OBS_005691
IDENT_003920,ACT_0008,handle,FrostMoth,SRC_005657,2026-09-29T10:13:36Z,2026-09-01T00:00:00Z,0.1,duplicate_observation,
IDENT_003921,ACT_0008,handle,RuneLedger,SRC_002911,2025-01-02T10:13:36Z,2025-03-15T10:13:36Z,0.26,duplicate_observation,
IDENT_003922,ACT_0059,handle,NullWolf,SRC_001634,2026-08-03T16:19:50Z,2026-09-01T00:00:00Z,0.16,duplicate_observation,OBS_003950
IDENT_003923,ACT_0042,handle,CipherFalcon,SRC_001945,2025-10-28T00:56:31Z,2026-08-02T00:56:31Z,0.14,duplicate_observation,
IDENT_003924,ACT_0007,handle,IronWolf81,SRC_004344,2024-12-10T13:12:42Z,2025-01-28T13:12:42Z,0.39,duplicate_observation,OBS_014412
IDENT_003925,ACT_0009,handle,AshSignal52,SRC_003945,2026-10-23T00:00:00Z,2026-09-01T00:00:00Z,0.7,duplicate_observation,OBS_008383
IDENT_003926,ACT_0003,handle,IronLedger,SRC_001385,2025-11-17T18:21:03Z,2026-09-01T00:00:00Z,0.16,duplicate_observation,
IDENT_003927,ACT_0035,handle,CrimsonMoth,SRC_001227,2024-05-03T22:04:42Z,2025-05-28T22:04:42Z,0.54,duplicate_observation,
IDENT_003928,ACT_0002,handle,ShadowDrift,SRC_001804,2025-01-29T10:13:48Z,2025-03-07T10:13:48Z,0.5,duplicate_observation,
IDENT_003929,ACT_0018,handle,GreyRunner,SRC_002327,2025-11-02T18:40:31Z,2026-09-01T00:00:00Z,0.63,duplicate_observation,OBS_013643
IDENT_003930,ACT_0011,handle,IronSpecter,SRC_005583,2026-10-31T00:00:00Z,2026-09-01T00:00:00Z,0.42,duplicate_observation,
IDENT_003931,ACT_0024,handle,WraithSpire,SRC_000817,2025-08-25T00:47:04Z,2026-08-21T00:47:04Z,0.49,duplicate_observation,
IDENT_003932,ACT_0017,handle,BlackCipher,SRC_001377,2026-09-05T11:28:43Z,2026-09-01T00:00:00Z,0.33,duplicate_observation,OBS_010559
IDENT_003933,ACT_0050,handle,GhostCrow,SRC_005217,2026-11-01T00:00:00Z,2026-09-01T00:00:00Z,0.1,duplicate_observation,OBS_003712
IDENT_003934,ACT_0042,handle,AshFox60,SRC_000393,2025-06-27T00:56:31Z,2025-10-25T00:56:31Z,0.17,duplicate_observation,
IDENT_003935,ACT_0040,handle,RuneMoth,SRC_001001,2026-10-22T00:00:00Z,2026-09-01T00:00:00Z,0.44,duplicate_observation,OBS_012003
IDENT_003936,ACT_0020,handle,NightCipher,SRC_005278,2026-10-30T00:00:00Z,2026-09-01T00:00:00Z,0.23,duplicate_observation,
IDENT_003937,ACT_0007,handle,IronWolf81,SRC_003619,2024-12-12T13:12:42Z,2025-02-10T13:12:42Z,0.2,duplicate_observation,
IDENT_003938,ACT_0034,handle,ObsidianMoth89,SRC_000189,2026-10-06T00:00:00Z,2026-09-01T00:00:00Z,0.18,duplicate_observation,OBS_005817
IDENT_003939,ACT_0050,handle,ShadowNode,SRC_001175,2026-10-02T00:00:00Z,2026-09-01T00:00:00Z,0.46,duplicate_observation,OBS_008832
IDENT_003940,ACT_0054,handle,DarkRunner,SRC_005359,2026-06-27T15:36:14Z,2026-09-01T00:00:00Z,0.21,duplicate_observation,
IDENT_003941,ACT_0056,handle,NightCrow,SRC_004058,2025-04-01T10:20:14Z,2026-01-08T10:20:14Z,0.32,duplicate_observation,
IDENT_003942,ACT_0034,handle,PhantomOrbit,SRC_003967,2026-10-20T00:00:00Z,2026-09-01T00:00:00Z,0.7,duplicate_observation,
IDENT_003943,ACT_0047,handle,StormFox,SRC_005038,2024-08-22T22:38:20Z,2024-10-31T22:38:20Z,0.1,duplicate_observation,OBS_011699
IDENT_003944,ACT_0008,handle,IronCrow,SRC_005525,2025-04-14T10:13:36Z,2025-08-24T10:13:36Z,0.28,duplicate_observation,
IDENT_003945,ACT_0019,handle,EmberWolf,SRC_003861,2026-10-16T00:00:00Z,2026-09-01T00:00:00Z,0.1,duplicate_observation,OBS_009512
IDENT_003946,ACT_0055,handle,StormRunner,SRC_004008,2024-03-16T04:37:32Z,2024-06-25T04:37:32Z,0.51,duplicate_observation,
IDENT_003947,ACT_0034,handle,ObsidianMoth89,SRC_005761,2026-10-07T00:00:00Z,2026-09-01T00:00:00Z,0.68,duplicate_observation,
IDENT_003948,ACT_0020,handle,BlackRoot71,SRC_003155,2025-11-09T15:43:16Z,2026-02-25T15:43:16Z,0.63,duplicate_observation,OBS_012426
IDENT_003949,ACT_0004,handle,OnyxNode,SRC_001377,2026-04-30T04:44:17Z,2026-09-01T00:00:00Z,0.47,duplicate_observation,
IDENT_003950,ACT_0025,handle,DarkMarrow,SRC_005007,2026-05-10T13:33:59Z,2026-09-01T00:00:00Z,0.27,duplicate_observation,OBS_001361
IDENT_003951,ACT_0041,handle,RogueSpire80,SRC_001873,2025-01-08T19:31:51Z,2025-11-09T19:31:51Z,0.47,duplicate_observation,OBS_009954
IDENT_003952,ACT_0052,handle,ZeroTrace,SRC_005415,2026-10-19T00:00:00Z,2026-09-01T00:00:00Z,0.46,duplicate_observation,
IDENT_003953,ACT_0023,handle,SilverPulse,SRC_005631,2026-10-10T00:00:00Z,2026-09-01T00:00:00Z,0.18,duplicate_observation,
IDENT_003954,ACT_0059,handle,VectorHex,SRC_005070,2026-10-01T00:00:00Z,2026-09-01T00:00:00Z,0.18,duplicate_observation,
IDENT_003955,ACT_0031,handle,WraithWarden,SRC_005036,2025-09-08T19:36:25Z,2026-03-03T19:36:25Z,0.24,duplicate_observation,
IDENT_003956,ACT_0024,handle,VectorHarbor,SRC_003465,2026-10-30T00:00:00Z,2026-09-01T00:00:00Z,0.25,duplicate_observation,
IDENT_003957,ACT_0004,handle,OnyxNode,SRC_000207,2026-05-04T04:44:17Z,2026-09-01T00:00:00Z,0.35,duplicate_observation,OBS_009133
IDENT_003958,ACT_0059,handle,VectorHex,SRC_005355,2026-09-22T00:00:00Z,2026-09-01T00:00:00Z,0.48,duplicate_observation,OBS_003573
IDENT_003959,ACT_0001,handle,SilentTrace,SRC_000334,2024-02-09T20:28:06Z,2024-12-21T20:28:06Z,0.13,duplicate_observation,
IDENT_003960,ACT_0046,handle,WraithHarbor,SRC_004611,2026-10-17T00:00:00Z,2026-09-01T00:00:00Z,0.43,duplicate_observation,OBS_003614
IDENT_003961,ACT_0015,handle,IronFalcon73,SRC_001334,2026-10-29T00:00:00Z,2026-09-01T00:00:00Z,0.14,duplicate_observation,OBS_009605
IDENT_003962,ACT_0057,handle,DriftReaper,SRC_000566,2026-09-20T00:00:00Z,2026-09-01T00:00:00Z,0.2,duplicate_observation,
IDENT_003963,ACT_0036,handle,TalonSpire,SRC_005780,2026-04-11T18:10:40Z,2026-09-01T00:00:00Z,0.5,duplicate_observation,
IDENT_003964,ACT_0046,handle,WraithHarbor,SRC_005619,2026-10-11T00:00:00Z,2026-09-01T00:00:00Z,0.46,duplicate_observation,
IDENT_003965,ACT_0015,handle,SilverLedger,SRC_003746,2026-10-13T00:00:00Z,2026-09-01T00:00:00Z,0.26,duplicate_observation,
IDENT_003966,ACT_0050,handle,FrostReaper,SRC_002621,2026-07-01T02:56:43Z,2026-09-01T00:00:00Z,0.44,duplicate_observation,OBS_013833
IDENT_003967,ACT_0026,handle,BlackDrift,SRC_003454,2026-02-20T18:43:51Z,2026-09-01T00:00:00Z,0.1,duplicate_observation,OBS_003025
IDENT_003968,ACT_0056,handle,TalonCipher,SRC_001880,2026-01-23T10:20:14Z,2026-03-25T10:20:14Z,0.59,duplicate_observation,
IDENT_003969,ACT_0021,handle,StormLedger,SRC_003602,2026-09-24T00:00:00Z,2026-09-01T00:00:00Z,0.28,duplicate_observation,OBS_004863
IDENT_003970,ACT_0008,handle,RuneLedger,SRC_001228,2025-01-09T10:13:36Z,2025-03-19T10:13:36Z,0.32,duplicate_observation,
IDENT_003971,ACT_0008,handle,FrostMoth,SRC_002323,2026-09-30T10:13:36Z,2026-09-01T00:00:00Z,0.29,duplicate_observation,OBS_009045
IDENT_003972,ACT_0008,handle,SilentPulse,SRC_005578,2025-10-09T10:13:36Z,2026-08-29T10:13:36Z,0.66,duplicate_observation,OBS_013292
IDENT_003973,ACT_0054,handle,DarkRunner,SRC_004910,2026-07-02T15:36:14Z,2026-09-01T00:00:00Z,0.26,duplicate_observation,
IDENT_003974,ACT_0031,handle,StormMarrow37,SRC_000995,2025-03-18T19:36:25Z,2025-07-27T19:36:25Z,0.69,duplicate_observation,
IDENT_003975,ACT_0006,handle,ForgeVector,SRC_004933,2024-09-03T08:56:39Z,2025-08-30T08:56:39Z,0.3,duplicate_observation,OBS_011741
IDENT_003976,ACT_0035,handle,RogueLedger,SRC_000590,2025-06-23T22:04:42Z,2026-09-01T00:00:00Z,0.37,duplicate_observation,OBS_012436
IDENT_003977,ACT_0013,handle,VectorPulse,SRC_004627,2026-07-10T09:25:01Z,2026-09-01T00:00:00Z,0.24,duplicate_observation,
IDENT_003978,ACT_0020,handle,ZeroOrbit,SRC_003083,2026-03-29T15:43:16Z,2026-09-01T00:00:00Z,0.11,duplicate_observation,OBS_003898
IDENT_003979,ACT_0016,handle,ChromeGrid,SRC_005445,2025-09-05T15:47:40Z,2026-02-26T15:47:40Z,0.33,duplicate_observation,
IDENT_003980,ACT_0052,handle,IronRunner,SRC_005384,2025-07-29T08:12:20Z,2026-02-22T08:12:20Z,0.44,duplicate_observation,
IDENT_003981,ACT_0034,handle,PhantomOrbit,SRC_004843,2026-10-23T00:00:00Z,2026-09-01T00:00:00Z,0.21,duplicate_observation,
IDENT_003982,ACT_0008,handle,SilentPulse,SRC_002266,2025-10-16T10:13:36Z,2026-08-18T10:13:36Z,0.28,duplicate_observation,OBS_006923
IDENT_003983,ACT_0013,handle,VectorNode,SRC_000786,2026-10-29T00:00:00Z,2026-09-01T00:00:00Z,0.11,duplicate_observation,
IDENT_003984,ACT_0008,handle,IronCrow,SRC_004478,2025-04-24T10:13:36Z,2025-08-29T10:13:36Z,0.42,duplicate_observation,
IDENT_003985,ACT_0013,handle,NightWarden,SRC_002663,2026-09-30T00:00:00Z,2026-09-01T00:00:00Z,0.22,duplicate_observation,
IDENT_003986,ACT_0025,handle,GhostSentinel,SRC_003376,2026-11-03T00:00:00Z,2026-09-01T00:00:00Z,0.23,duplicate_observation,OBS_003719
IDENT_003987,ACT_0039,handle,UmbraWarden,SRC_000210,2026-05-16T04:35:29Z,2026-07-08T04:35:29Z,0.6,duplicate_observation,OBS_012131
IDENT_003988,ACT_0006,handle,RogueRoot,SRC_004146,2025-09-22T08:56:39Z,2025-12-05T08:56:39Z,0.27,duplicate_observation,OBS_002110
IDENT_003989,ACT_0007,handle,GhostForge71,SRC_003723,2024-06-05T13:12:42Z,2024-11-08T13:12:42Z,0.33,duplicate_observation,OBS_013357
IDENT_003990,ACT_0017,handle,ChromeSignal,SRC_001294,2024-12-03T11:28:43Z,2025-06-21T11:28:43Z,0.27,duplicate_observation,
IDENT_003991,ACT_0037,handle,AshMoth,SRC_000162,2024-09-16T20:05:11Z,2024-12-03T20:05:11Z,0.14,duplicate_observation,
IDENT_003992,ACT_0020,handle,ZeroOrbit,SRC_005519,2026-03-13T15:43:16Z,2026-09-01T00:00:00Z,0.37,duplicate_observation,OBS_004158
IDENT_003993,ACT_0045,handle,PhantomWolf,SRC_004783,2025-11-27T07:17:31Z,2026-09-01T00:00:00Z,0.22,duplicate_observation,OBS_011330
IDENT_003994,ACT_0052,handle,IronRunner,SRC_003318,2025-08-05T08:12:20Z,2026-02-24T08:12:20Z,0.1,duplicate_observation,
IDENT_003995,ACT_0054,handle,UmbraHollow,SRC_003554,2026-02-16T15:36:14Z,2026-05-03T15:36:14Z,0.1,duplicate_observation,OBS_007845
IDENT_003996,ACT_0045,handle,PhantomWolf,SRC_004765,2025-11-22T07:17:31Z,2026-09-01T00:00:00Z,0.19,duplicate_observation,
IDENT_003997,ACT_0035,handle,StormDrift,SRC_002977,2026-10-12T00:00:00Z,2026-09-01T00:00:00Z,0.1,duplicate_observation,
IDENT_003998,ACT_0046,handle,WraithHarbor,SRC_002820,2026-10-26T00:00:00Z,2026-09-01T00:00:00Z,0.24,duplicate_observation,OBS_008266
IDENT_003999,ACT_0022,handle,CrimsonVector47,SRC_002103,2024-03-27T11:56:59Z,2025-07-21T11:56:59Z,0.1,duplicate_observation,
IDENT_004000,ACT_0056,handle,AshShade20,SRC_005390,2026-04-22T10:20:14Z,2026-09-01T00:00:00Z,0.37,duplicate_observation,OBS_007823
IDENT_004001,ACT_0054,handle,UmbraHollow,SRC_000463,2026-02-17T15:36:14Z,2026-05-11T15:36:14Z,0.1,duplicate_observation,
IDENT_004002,ACT_0020,handle,ChromeHarbor,SRC_001170,2025-07-16T15:43:16Z,2025-10-23T15:43:16Z,0.16,duplicate_observation,OBS_013898
IDENT_004003,ACT_0007,handle,GhostForge71,SRC_004996,2024-06-04T13:12:42Z,2024-10-22T13:12:42Z,0.12,duplicate_observation,OBS_000828
IDENT_004004,ACT_0036,handle,TalonSpire,SRC_004799,2026-04-29T18:10:40Z,2026-09-01T00:00:00Z,0.33,duplicate_observation,OBS_005802
IDENT_004005,ACT_0020,handle,NightCipher,SRC_004959,2026-11-08T00:00:00Z,2026-09-01T00:00:00Z,0.27,duplicate_observation,OBS_009211
IDENT_004006,ACT_0017,handle,UmbraSpire59,SRC_000203,2025-08-18T11:28:43Z,2026-07-23T11:28:43Z,0.12,duplicate_observation,
IDENT_004007,ACT_0007,handle,IronWolf81,SRC_002567,2024-11-26T13:12:42Z,2025-02-12T13:12:42Z,0.21,duplicate_observation,OBS_003116
IDENT_004008,ACT_0006,handle,ShadowForge,SRC_000865,2024-02-24T08:56:39Z,2024-07-10T08:56:39Z,0.49,duplicate_observation,OBS_008161
IDENT_004009,ACT_0056,handle,TalonCipher,SRC_005117,2026-01-16T10:20:14Z,2026-03-18T10:20:14Z,0.22,duplicate_observation,OBS_007743
IDENT_004010,ACT_0034,handle,PhantomOrbit,SRC_003376,2026-10-21T00:00:00Z,2026-09-01T00:00:00Z,0.23,duplicate_observation,OBS_003237
IDENT_004011,ACT_0032,handle,VoidHollow,SRC_004008,2026-07-31T17:55:46Z,2026-09-01T00:00:00Z,0.1,duplicate_observation,OBS_000489
IDENT_004012,ACT_0040,handle,FrostWolf,SRC_001547,2025-05-29T18:08:11Z,2025-11-18T18:08:11Z,0.17,duplicate_observation,OBS_008251
IDENT_004013,ACT_0045,handle,VectorCrow,SRC_002319,2024-12-12T07:17:31Z,2025-03-29T07:17:31Z,0.33,duplicate_observation,OBS_005724
IDENT_004014,ACT_0020,handle,ChromeHarbor,SRC_003284,2025-07-22T15:43:16Z,2025-10-26T15:43:16Z,0.15,duplicate_observation,
IDENT_004015,ACT_0027,handle,CrimsonWolf,SRC_004432,2024-07-26T01:12:14Z,2025-10-17T01:12:14Z,0.51,duplicate_observation,OBS_014152
IDENT_004016,ACT_0034,handle,HavocSentinel54,SRC_004299,2025-10-18T10:59:17Z,2026-09-01T00:00:00Z,0.56,duplicate_observation,OBS_005727
IDENT_004017,ACT_0043,handle,UmbraRoot,SRC_003709,2025-03-06T22:06:12Z,2026-04-23T22:06:12Z,0.1,duplicate_observation,
IDENT_004018,ACT_0035,handle,RogueDrift,SRC_001067,2026-11-06T00:00:00Z,2026-09-01T00:00:00Z,0.49,duplicate_observation,OBS_013139
IDENT_004019,ACT_0027,handle,CrimsonWolf,SRC_005345,2024-08-07T01:12:14Z,2025-10-27T01:12:14Z,0.31,duplicate_observation,
IDENT_004020,ACT_0005,handle,SilentVector,SRC_004444,2026-07-22T07:09:23Z,2026-09-01T00:00:00Z,0.63,duplicate_observation,OBS_011767
IDENT_004021,ACT_0027,handle,RuneWarden,SRC_000643,2024-04-28T01:12:14Z,2024-06-23T01:12:14Z,0.48,duplicate_observation,
IDENT_004022,ACT_0018,handle,GreyRunner,SRC_000364,2025-11-05T18:40:31Z,2026-09-01T00:00:00Z,0.43,duplicate_observation,
IDENT_004023,ACT_0056,handle,VoidNode,SRC_002079,2024-08-29T10:20:14Z,2025-03-27T10:20:14Z,0.29,duplicate_observation,OBS_008341
IDENT_004024,ACT_0007,handle,GhostForge71,SRC_004364,2024-06-12T13:12:42Z,2024-11-02T13:12:42Z,0.11,duplicate_observation,
IDENT_004025,ACT_0003,handle,IronLedger,SRC_005587,2025-11-23T18:21:03Z,2026-09-01T00:00:00Z,0.19,duplicate_observation,
IDENT_004026,ACT_0025,handle,GhostSentinel,SRC_003981,2026-11-12T00:00:00Z,2026-09-01T00:00:00Z,0.18,duplicate_observation,OBS_012388
IDENT_004027,ACT_0024,handle,WraithSpire,SRC_003544,2025-08-14T00:47:04Z,2026-08-18T00:47:04Z,0.13,duplicate_observation,OBS_003583
IDENT_004028,ACT_0024,handle,WraithSpire,SRC_002845,2025-08-28T00:47:04Z,2026-08-21T00:47:04Z,0.58,duplicate_observation,OBS_000193
IDENT_004029,ACT_0044,handle,NightSentinel32,SRC_001737,2026-03-28T18:00:37Z,2026-08-01T18:00:37Z,0.2,duplicate_observation,OBS_008411
IDENT_004030,ACT_0045,handle,PhantomWolf,SRC_002840,2025-11-21T07:17:31Z,2026-09-01T00:00:00Z,0.37,duplicate_observation,OBS_007912
IDENT_004031,ACT_0059,handle,FrostRunner37,SRC_004786,2026-10-17T00:00:00Z,2026-09-01T00:00:00Z,0.15,duplicate_observation,
IDENT_004032,ACT_0057,handle,CrimsonDrift,SRC_003390,2025-10-20T19:15:51Z,2026-09-01T00:00:00Z,0.27,duplicate_observation,
IDENT_004033,ACT_0056,handle,NightCrow,SRC_000769,2025-04-16T10:20:14Z,2026-01-01T10:20:14Z,0.1,duplicate_observation,OBS_007309
IDENT_004034,ACT_0008,handle,SilentPulse,SRC_002806,2025-09-26T10:13:36Z,2026-08-27T10:13:36Z,0.45,duplicate_observation,OBS_006707
IDENT_004035,ACT_0058,handle,DarkSignal,SRC_000662,2026-01-15T17:09:54Z,2026-09-01T00:00:00Z,0.61,duplicate_observation,
IDENT_004036,ACT_0020,handle,NightCipher,SRC_000799,2026-11-03T00:00:00Z,2026-09-01T00:00:00Z,0.58,duplicate_observation,
IDENT_004037,ACT_0017,handle,UmbraSpire59,SRC_003189,2025-08-21T11:28:43Z,2026-08-03T11:28:43Z,0.14,duplicate_observation,
IDENT_004038,ACT_0016,handle,ChromeGrid,SRC_001444,2025-09-15T15:47:40Z,2026-03-03T15:47:40Z,0.48,duplicate_observation,
IDENT_004039,ACT_0036,handle,TalonSpire,SRC_005759,2026-04-13T18:10:40Z,2026-09-01T00:00:00Z,0.41,duplicate_observation,OBS_013803
IDENT_004040,ACT_0043,handle,CrimsonCrow,SRC_004969,2026-06-22T22:06:12Z,2026-09-01T00:00:00Z,0.11,duplicate_observation,OBS_008620
IDENT_004041,ACT_0015,handle,NullCipher,SRC_005580,2025-11-03T12:12:24Z,2026-09-01T00:00:00Z,0.18,duplicate_observation,
IDENT_004042,ACT_0050,handle,FrostReaper,SRC_003322,2026-06-28T02:56:43Z,2026-09-01T00:00:00Z,0.6,duplicate_observation,
IDENT_004043,ACT_0040,handle,ObsidianHex,SRC_000876,2026-01-05T18:08:11Z,2026-09-01T00:00:00Z,0.53,duplicate_observation,OBS_010603
IDENT_004044,ACT_0036,handle,TalonSpire,SRC_002650,2026-04-14T18:10:40Z,2026-09-01T00:00:00Z,0.52,duplicate_observation,OBS_002138
IDENT_004045,ACT_0005,handle,SilentVector,SRC_005220,2026-07-20T07:09:23Z,2026-09-01T00:00:00Z,0.14,duplicate_observation,
IDENT_004046,ACT_0016,handle,ChromeGrid,SRC_005375,2025-09-13T15:47:40Z,2026-02-23T15:47:40Z,0.11,duplicate_observation,OBS_006893
IDENT_004047,ACT_0054,handle,DarkRunner,SRC_003457,2026-06-24T15:36:14Z,2026-09-01T00:00:00Z,0.21,duplicate_observation,OBS_013684
IDENT_004048,ACT_0045,handle,UmbraMarrow,SRC_000327,2025-05-12T07:17:31Z,2025-11-07T07:17:31Z,0.19,duplicate_observation,
IDENT_004049,ACT_0060,handle,CipherEcho,SRC_003577,2026-04-20T22:48:45Z,2026-09-01T00:00:00Z,0.33,duplicate_observation,OBS_014158
IDENT_004050,ACT_0015,handle,NullCipher,SRC_003036,2025-11-07T12:12:24Z,2026-09-01T00:00:00Z,0.22,duplicate_observation,OBS_003091
IDENT_004051,ACT_0051,handle,FrostSignal,SRC_004507,2026-10-08T00:00:00Z,2026-09-01T00:00:00Z,0.1,duplicate_observation,OBS_006953
IDENT_004052,ACT_0042,handle,AshFox60,SRC_002409,2025-07-07T00:56:31Z,2025-10-24T00:56:31Z,0.54,duplicate_observation,
IDENT_004053,ACT_0034,handle,ObsidianMoth89,SRC_001024,2026-10-11T00:00:00Z,2026-09-01T00:00:00Z,0.27,duplicate_observation,
IDENT_004054,ACT_0053,handle,IronHarbor,SRC_002029,2024-08-12T21:22:52Z,2025-02-14T21:22:52Z,0.21,duplicate_observation,OBS_003165
IDENT_004055,ACT_0048,handle,CrimsonTrace,SRC_004157,2024-08-08T21:47:44Z,2025-11-15T21:47:44Z,0.53,duplicate_observation,
IDENT_004056,ACT_0040,handle,StormPulse,SRC_004805,2026-10-03T00:00:00Z,2026-09-01T00:00:00Z,0.16,duplicate_observation,
IDENT_004057,ACT_0044,handle,SilentNode,SRC_005709,2026-09-25T18:00:37Z,2026-09-01T00:00:00Z,0.49,duplicate_observation,OBS_004617
IDENT_004058,ACT_0024,handle,OnyxEcho,SRC_004640,2026-11-01T00:47:04Z,2026-09-01T00:00:00Z,0.7,duplicate_observation,OBS_001500
IDENT_004059,ACT_0059,handle,VectorHex,SRC_002949,2026-10-03T00:00:00Z,2026-09-01T00:00:00Z,0.4,duplicate_observation,OBS_009429
IDENT_004060,ACT_0056,handle,VoidCipher,SRC_001719,2026-10-25T00:00:00Z,2026-09-01T00:00:00Z,0.56,duplicate_observation,OBS_004761
IDENT_004061,ACT_0045,handle,PhantomWolf,SRC_004695,2025-12-01T07:17:31Z,2026-09-01T00:00:00Z,0.22,duplicate_observation,OBS_011710
IDENT_004062,ACT_0030,handle,OnyxRoot,SRC_001965,2025-10-03T21:36:22Z,2026-09-01T00:00:00Z,0.48,duplicate_observation,OBS_013157
IDENT_004063,ACT_0030,handle,OnyxRoot,SRC_004421,2025-10-07T21:36:22Z,2026-09-01T00:00:00Z,0.27,duplicate_observation,
IDENT_004064,ACT_0042,handle,AshFox60,SRC_001571,2025-06-24T00:56:31Z,2025-11-08T00:56:31Z,0.28,duplicate_observation,OBS_007539
IDENT_004065,ACT_0020,handle,BlackRoot71,SRC_003377,2025-11-13T15:43:16Z,2026-02-23T15:43:16Z,0.14,duplicate_observation,OBS_006748
IDENT_004066,ACT_0059,handle,VectorHex,SRC_002833,2026-10-04T00:00:00Z,2026-09-01T00:00:00Z,0.2,duplicate_observation,
IDENT_004067,ACT_0059,handle,NullWolf,SRC_003191,2026-07-17T16:19:50Z,2026-09-01T00:00:00Z,0.33,duplicate_observation,
IDENT_004068,ACT_0053,handle,IronHarbor,SRC_004354,2024-08-02T21:22:52Z,2025-02-18T21:22:52Z,0.33,duplicate_observation,
IDENT_004069,ACT_0008,handle,IronCrow,SRC_003909,2025-04-16T10:13:36Z,2025-09-02T10:13:36Z,0.53,duplicate_observation,OBS_010261
IDENT_004070,ACT_0017,handle,ChromeSignal,SRC_004863,2024-12-06T11:28:43Z,2025-06-21T11:28:43Z,0.1,duplicate_observation,
IDENT_004071,ACT_0029,handle,ChromeHex39,SRC_000869,2025-05-12T22:51:37Z,2026-03-09T22:51:37Z,0.5,duplicate_observation,
IDENT_004072,ACT_0023,handle,GreySentinel,SRC_002080,2026-09-12T00:00:00Z,2026-09-01T00:00:00Z,0.55,duplicate_observation,OBS_009733
IDENT_004073,ACT_0037,handle,AshMoth,SRC_000072,2024-09-14T20:05:11Z,2024-12-03T20:05:11Z,0.44,duplicate_observation,OBS_013555
IDENT_004074,ACT_0040,handle,StormPulse,SRC_002358,2026-10-12T00:00:00Z,2026-09-01T00:00:00Z,0.35,duplicate_observation,OBS_005467
IDENT_004075,ACT_0034,handle,HavocSentinel54,SRC_001220,2025-10-11T10:59:17Z,2026-09-01T00:00:00Z,0.57,duplicate_observation,
IDENT_004076,ACT_0023,handle,GreySentinel,SRC_002764,2026-09-19T00:00:00Z,2026-09-01T00:00:00Z,0.37,duplicate_observation,
IDENT_004077,ACT_0015,handle,IronFalcon73,SRC_000160,2026-11-10T00:00:00Z,2026-09-01T00:00:00Z,0.64,duplicate_observation,
IDENT_004078,ACT_0046,handle,ObsidianFalcon,SRC_001645,2025-09-25T14:13:34Z,2026-01-29T14:13:34Z,0.46,duplicate_observation,
IDENT_004079,ACT_0053,handle,IronHarbor,SRC_005512,2024-08-22T21:22:52Z,2025-02-19T21:22:52Z,0.32,duplicate_observation,
IDENT_004080,ACT_0036,handle,IronMarrow,SRC_005249,2026-10-28T00:00:00Z,2026-09-01T00:00:00Z,0.47,duplicate_observation,
IDENT_004081,ACT_0055,handle,StormRunner,SRC_001846,2024-04-03T04:37:32Z,2024-06-16T04:37:32Z,0.42,duplicate_observation,OBS_000353
IDENT_004082,ACT_0020,handle,ZeroOrbit,SRC_003211,2026-03-20T15:43:16Z,2026-09-01T00:00:00Z,0.39,duplicate_observation,OBS_005004
IDENT_004083,ACT_0009,handle,WraithHex25,SRC_004966,2026-09-28T00:00:00Z,2026-09-01T00:00:00Z,0.1,duplicate_observation,
IDENT_004084,ACT_0017,handle,UmbraSpire59,SRC_003595,2025-08-11T11:28:43Z,2026-08-09T11:28:43Z,0.43,duplicate_observation,
IDENT_004085,ACT_0016,handle,PhantomHollow,SRC_004921,2025-03-21T15:47:40Z,2025-08-18T15:47:40Z,0.5,duplicate_observation,OBS_007185
IDENT_004086,ACT_0010,handle,HavocSpire71,SRC_001026,2026-09-30T00:00:00Z,2026-09-01T00:00:00Z,0.21,duplicate_observation,
IDENT_004087,ACT_0046,handle,ObsidianFalcon,SRC_005523,2025-09-08T14:13:34Z,2026-01-26T14:13:34Z,0.52,duplicate_observation,
IDENT_004088,ACT_0026,handle,ChromeMarrow,SRC_004920,2025-08-03T18:43:51Z,2025-09-14T18:43:51Z,0.64,duplicate_observation,
IDENT_004089,ACT_0040,handle,StormPulse,SRC_002413,2026-10-12T00:00:00Z,2026-09-01T00:00:00Z,0.5,duplicate_observation,
IDENT_004090,ACT_0050,handle,RogueWarden,SRC_002251,2026-11-03T00:00:00Z,2026-09-01T00:00:00Z,0.62,duplicate_observation,OBS_004139
IDENT_004091,ACT_0008,handle,SilentPulse,SRC_003219,2025-09-29T10:13:36Z,2026-08-26T10:13:36Z,0.12,duplicate_observation,OBS_014272
IDENT_004092,ACT_0034,handle,PhantomOrbit,SRC_000529,2026-10-31T00:00:00Z,2026-09-01T00:00:00Z,0.7,duplicate_observation,OBS_005611
IDENT_004093,ACT_0023,handle,SilverPulse,SRC_000200,2026-10-11T00:00:00Z,2026-09-01T00:00:00Z,0.1,duplicate_observation,OBS_001445
IDENT_004094,ACT_0009,handle,WraithHex25,SRC_001531,2026-09-23T00:00:00Z,2026-09-01T00:00:00Z,0.26,duplicate_observation,OBS_010586
IDENT_004095,ACT_0015,handle,IronFalcon73,SRC_002672,2026-10-28T00:00:00Z,2026-09-01T00:00:00Z,0.1,duplicate_observation,
IDENT_004096,ACT_0025,handle,DarkMarrow,SRC_003923,2026-05-20T13:33:59Z,2026-09-01T00:00:00Z,0.35,duplicate_observation,OBS_007558
IDENT_004097,ACT_0007,handle,IronWolf81,SRC_000252,2024-11-28T13:12:42Z,2025-02-14T13:12:42Z,0.26,duplicate_observation,OBS_006604
IDENT_004098,ACT_0055,handle,HavocSentinel,SRC_005285,2024-08-02T04:37:32Z,2025-11-15T04:37:32Z,0.22,duplicate_observation,OBS_001410
IDENT_004099,ACT_0037,handle,VoidMoth,SRC_001981,2025-01-23T20:05:11Z,2025-07-29T20:05:11Z,0.56,duplicate_observation,OBS_003756
IDENT_004100,ACT_0007,handle,GhostForge71,SRC_002626,2024-06-02T13:12:42Z,2024-11-06T13:12:42Z,0.14,duplicate_observation,OBS_003844
IDENT_004101,ACT_0050,handle,ShadowNode,SRC_001553,2026-10-08T00:00:00Z,2026-09-01T00:00:00Z,0.42,duplicate_observation,OBS_010776
IDENT_004102,ACT_0041,handle,RogueSpire80,SRC_001219,2025-01-03T19:31:51Z,2025-11-05T19:31:51Z,0.67,duplicate_observation,
IDENT_004103,ACT_0040,handle,ChromeShade,SRC_001262,2026-10-18T00:00:00Z,2026-09-01T00:00:00Z,0.1,duplicate_observation,OBS_009408
IDENT_004104,ACT_0038,handle,CrimsonLedger,SRC_004208,2025-11-21T11:07:27Z,2026-07-29T11:07:27Z,0.65,duplicate_observation,OBS_007395
IDENT_004105,ACT_0009,handle,CrimsonReaper,SRC_001647,2026-10-19T00:00:00Z,2026-09-01T00:00:00Z,0.69,duplicate_observation,OBS_010312
IDENT_004106,ACT_0025,handle,GhostSentinel,SRC_004687,2026-10-28T00:00:00Z,2026-09-01T00:00:00Z,0.58,duplicate_observation,
IDENT_004107,ACT_0042,handle,CipherFalcon,SRC_002512,2025-11-01T00:56:31Z,2026-07-27T00:56:31Z,0.17,duplicate_observation,
IDENT_004108,ACT_0008,handle,SilentPulse,SRC_001699,2025-10-01T10:13:36Z,2026-09-01T00:00:00Z,0.7,duplicate_observation,
IDENT_004109,ACT_0053,handle,IronHarbor,SRC_005258,2024-08-14T21:22:52Z,2025-02-18T21:22:52Z,0.31,duplicate_observation,OBS_003574
IDENT_004110,ACT_0042,handle,CipherFalcon,SRC_004498,2025-11-11T00:56:31Z,2026-07-31T00:56:31Z,0.15,duplicate_observation,OBS_004397
IDENT_004111,ACT_0021,handle,ShadowForge,SRC_003269,2026-08-15T20:32:16Z,2026-09-01T00:00:00Z,0.26,duplicate_observation,OBS_009396
IDENT_004112,ACT_0056,handle,TalonCipher,SRC_002871,2026-01-08T10:20:14Z,2026-03-23T10:20:14Z,0.65,duplicate_observation,OBS_010209
IDENT_004113,ACT_0021,handle,NullPulse,SRC_001568,2026-10-02T00:00:00Z,2026-09-01T00:00:00Z,0.28,duplicate_observation,OBS_002271
IDENT_004114,ACT_0017,handle,UmbraSpire59,SRC_004567,2025-08-10T11:28:43Z,2026-07-27T11:28:43Z,0.62,duplicate_observation,OBS_005670
IDENT_004115,ACT_0031,handle,WraithWarden,SRC_004212,2025-09-05T19:36:25Z,2026-03-19T19:36:25Z,0.51,duplicate_observation,OBS_002406
IDENT_004116,ACT_0023,handle,NullEcho,SRC_002066,2026-11-06T00:00:00Z,2026-09-01T00:00:00Z,0.18,duplicate_observation,OBS_005533
IDENT_004117,ACT_0014,handle,HavocHollow,SRC_002670,2025-01-06T02:17:28Z,2025-10-16T02:17:28Z,0.41,duplicate_observation,OBS_007618
IDENT_004118,ACT_0023,handle,SilverPulse,SRC_001589,2026-10-17T00:00:00Z,2026-09-01T00:00:00Z,0.1,duplicate_observation,
IDENT_004119,ACT_0011,handle,StormMarrow12,SRC_001939,2026-05-06T12:53:27Z,2026-09-01T00:00:00Z,0.12,duplicate_observation,OBS_008599
IDENT_004120,ACT_0035,handle,RogueLedger,SRC_001829,2025-06-28T22:04:42Z,2026-09-01T00:00:00Z,0.33,duplicate_observation,
IDENT_004121,ACT_0035,handle,RogueLedger,SRC_001601,2025-06-26T22:04:42Z,2026-09-01T00:00:00Z,0.28,duplicate_observation,OBS_011670
IDENT_004122,ACT_0007,handle,IronWolf81,SRC_005438,2024-11-26T13:12:42Z,2025-02-06T13:12:42Z,0.51,duplicate_observation,
IDENT_004123,ACT_0005,handle,CipherHollow,SRC_004147,2026-09-17T00:00:00Z,2026-09-01T00:00:00Z,0.32,duplicate_observation,OBS_012331
IDENT_004124,ACT_0008,handle,SilentPulse,SRC_000591,2025-10-04T10:13:36Z,2026-08-28T10:13:36Z,0.1,duplicate_observation,OBS_004561
IDENT_004125,ACT_0016,handle,ChromeGrid,SRC_000708,2025-09-18T15:47:40Z,2026-02-13T15:47:40Z,0.31,duplicate_observation,
IDENT_004126,ACT_0019,handle,VoidDrift,SRC_001965,2025-08-15T04:42:59Z,2026-09-01T00:00:00Z,0.51,duplicate_observation,OBS_005332
IDENT_004127,ACT_0012,handle,CipherSpire,SRC_001498,2025-02-08T10:37:19Z,2025-11-08T10:37:19Z,0.5,duplicate_observation,
IDENT_004128,ACT_0030,handle,CrimsonForge,SRC_005506,2024-06-19T21:36:22Z,2024-12-20T21:36:22Z,0.15,duplicate_observation,OBS_012479
IDENT_004129,ACT_0043,handle,CrimsonCrow,SRC_000279,2026-06-23T22:06:12Z,2026-09-01T00:00:00Z,0.11,duplicate_observation,OBS_010037
IDENT_004130,ACT_0017,handle,UmbraSpire59,SRC_005276,2025-08-11T11:28:43Z,2026-08-04T11:28:43Z,0.35,duplicate_observation,OBS_013983
IDENT_004131,ACT_0016,handle,ChromeGrid,SRC_001854,2025-09-04T15:47:40Z,2026-02-20T15:47:40Z,0.65,duplicate_observation,
IDENT_004132,ACT_0009,handle,BlackHarbor,SRC_005849,2026-08-04T04:53:06Z,2026-09-01T00:00:00Z,0.21,duplicate_observation,OBS_001784
IDENT_004133,ACT_0019,handle,VoidDrift,SRC_004723,2025-08-16T04:42:59Z,2026-09-01T00:00:00Z,0.21,duplicate_observation,
IDENT_004134,ACT_0051,handle,SilverGrid,SRC_004069,2026-11-05T00:00:00Z,2026-09-01T00:00:00Z,0.28,duplicate_observation,OBS_013501
IDENT_004135,ACT_0046,handle,PhantomGrid,SRC_002404,2026-01-20T14:13:34Z,2026-07-05T14:13:34Z,0.51,duplicate_observation,OBS_005526
IDENT_004136,ACT_0013,handle,NightWarden,SRC_004249,2026-09-25T00:00:00Z,2026-09-01T00:00:00Z,0.15,duplicate_observation,OBS_009807
IDENT_004137,ACT_0003,handle,IronLedger,SRC_000456,2025-11-20T18:21:03Z,2026-09-01T00:00:00Z,0.18,duplicate_observation,
IDENT_004138,ACT_0007,handle,GhostForge71,SRC_000762,2024-06-13T13:12:42Z,2024-10-21T13:12:42Z,0.1,duplicate_observation,OBS_013465
IDENT_004139,ACT_0031,handle,RogueReaper,SRC_002484,2026-04-12T19:36:25Z,2026-09-01T00:00:00Z,0.65,duplicate_observation,OBS_005116
IDENT_004140,ACT_0037,handle,VoidMoth,SRC_001071,2025-01-13T20:05:11Z,2025-07-28T20:05:11Z,0.29,duplicate_observation,
IDENT_004141,ACT_0057,handle,DriftReaper,SRC_003597,2026-09-16T00:00:00Z,2026-09-01T00:00:00Z,0.35,duplicate_observation,OBS_009551
IDENT_004142,ACT_0020,handle,ZeroOrbit,SRC_004999,2026-03-23T15:43:16Z,2026-09-01T00:00:00Z,0.13,duplicate_observation,
IDENT_004143,ACT_0023,handle,SilverPulse,SRC_003612,2026-10-18T00:00:00Z,2026-09-01T00:00:00Z,0.29,duplicate_observation,OBS_002467
IDENT_004144,ACT_0017,handle,UmbraSpire59,SRC_004933,2025-08-14T11:28:43Z,2026-08-05T11:28:43Z,0.31,duplicate_observation,OBS_005805
IDENT_004145,ACT_0046,handle,VectorSentinel,SRC_004872,2026-07-12T14:13:34Z,2026-09-01T00:00:00Z,0.21,duplicate_observation,
IDENT_004146,ACT_0013,handle,VectorPulse,SRC_000978,2026-07-18T09:25:01Z,2026-09-01T00:00:00Z,0.27,duplicate_observation,
IDENT_004147,ACT_0016,handle,ChromeGrid,SRC_002375,2025-09-08T15:47:40Z,2026-02-25T15:47:40Z,0.32,duplicate_observation,
IDENT_004148,ACT_0053,handle,OnyxFang,SRC_001398,2025-03-06T21:22:52Z,2026-03-09T21:22:52Z,0.23,duplicate_observation,OBS_012135
IDENT_004149,ACT_0051,handle,SilverGrid,SRC_004795,2026-10-28T00:00:00Z,2026-09-01T00:00:00Z,0.11,duplicate_observation,OBS_014330
IDENT_004150,ACT_0008,handle,SilentPulse,SRC_003594,2025-10-16T10:13:36Z,2026-08-28T10:13:36Z,0.36,duplicate_observation,OBS_004089
IDENT_004151,ACT_0025,handle,TalonEcho,SRC_001370,2026-10-10T00:00:00Z,2026-09-01T00:00:00Z,0.1,duplicate_observation,
IDENT_004152,ACT_0021,handle,StormLedger,SRC_001562,2026-09-14T00:00:00Z,2026-09-01T00:00:00Z,0.18,duplicate_observation,
IDENT_004153,ACT_0008,handle,SilentPulse,SRC_000305,2025-10-07T10:13:36Z,2026-08-14T10:13:36Z,0.53,duplicate_observation,OBS_010790
IDENT_004154,ACT_0048,handle,CrimsonTrace,SRC_001433,2024-08-24T21:47:44Z,2025-11-06T21:47:44Z,0.42,duplicate_observation,OBS_000747
IDENT_004155,ACT_0040,handle,RuneMoth,SRC_004923,2026-10-28T00:00:00Z,2026-09-01T00:00:00Z,0.6,duplicate_observation,
IDENT_004156,ACT_0046,handle,VectorSentinel,SRC_001172,2026-07-16T14:13:34Z,2026-09-01T00:00:00Z,0.32,duplicate_observation,OBS_005495
IDENT_004157,ACT_0045,handle,VectorCrow,SRC_004961,2024-12-13T07:17:31Z,2025-04-05T07:17:31Z,0.37,duplicate_observation,OBS_008025
IDENT_004158,ACT_0034,handle,ObsidianMoth89,SRC_005617,2026-10-17T00:00:00Z,2026-09-01T00:00:00Z,0.69,duplicate_observation,OBS_010622
IDENT_004159,ACT_0050,handle,RogueWarden,SRC_004337,2026-11-04T00:00:00Z,2026-09-01T00:00:00Z,0.26,duplicate_observation,OBS_008144
IDENT_004160,ACT_0025,handle,GhostSentinel,SRC_003684,2026-10-29T00:00:00Z,2026-09-01T00:00:00Z,0.24,duplicate_observation,OBS_009981
IDENT_004161,ACT_0044,handle,GreyMoth,SRC_001628,2024-12-07T18:00:37Z,2026-02-03T18:00:37Z,0.32,duplicate_observation,
IDENT_004162,ACT_0029,handle,ChromeHex39,SRC_000173,2025-05-09T22:51:37Z,2026-03-01T22:51:37Z,0.39,duplicate_observation,OBS_010230
IDENT_004163,ACT_0039,handle,UmbraWarden,SRC_001240,2026-05-22T04:35:29Z,2026-07-10T04:35:29Z,0.54,duplicate_observation,OBS_012809
IDENT_004164,ACT_0051,handle,SilverGrid,SRC_002017,2026-11-06T00:00:00Z,2026-09-01T00:00:00Z,0.3,duplicate_observation,OBS_006483
IDENT_004165,ACT_0043,handle,UmbraRoot,SRC_002760,2025-03-02T22:06:12Z,2026-04-18T22:06:12Z,0.3,duplicate_observation,
IDENT_004166,ACT_0013,handle,NightWarden,SRC_005272,2026-09-18T00:00:00Z,2026-09-01T00:00:00Z,0.46,duplicate_observation,
IDENT_004167,ACT_0056,handle,VoidCipher,SRC_004957,2026-10-15T00:00:00Z,2026-09-01T00:00:00Z,0.7,duplicate_observation,OBS_002899
IDENT_004168,ACT_0040,handle,ChromeShade,SRC_001470,2026-10-18T00:00:00Z,2026-09-01T00:00:00Z,0.5,duplicate_observation,OBS_010882
IDENT_004169,ACT_0008,handle,IronCrow,SRC_002201,2025-04-16T10:13:36Z,2025-08-28T10:13:36Z,0.18,duplicate_observation,
IDENT_004170,ACT_0020,handle,ZeroOrbit,SRC_002805,2026-03-10T15:43:16Z,2026-09-01T00:00:00Z,0.41,duplicate_observation,OBS_012255
IDENT_004171,ACT_0036,handle,TalonSpire,SRC_002560,2026-04-22T18:10:40Z,2026-09-01T00:00:00Z,0.54,duplicate_observation,OBS_012980
IDENT_004172,ACT_0020,handle,BlackRoot71,SRC_005263,2025-11-10T15:43:16Z,2026-02-21T15:43:16Z,0.28,duplicate_observation,OBS_000642
IDENT_004173,ACT_0023,handle,GreySentinel,SRC_000033,2026-09-13T00:00:00Z,2026-09-01T00:00:00Z,0.24,duplicate_observation,OBS_001355
IDENT_004174,ACT_0036,handle,IronMarrow,SRC_002966,2026-10-28T00:00:00Z,2026-09-01T00:00:00Z,0.32,duplicate_observation,
IDENT_004175,ACT_0042,handle,ObsidianWarden,SRC_004213,2025-05-09T00:56:31Z,2025-06-24T00:56:31Z,0.15,duplicate_observation,OBS_003545
IDENT_004176,ACT_0026,handle,RuneCrow,SRC_002467,2025-09-10T18:43:51Z,2026-02-21T18:43:51Z,0.28,duplicate_observation,
IDENT_004177,ACT_0048,handle,CrimsonTrace,SRC_003015,2024-08-04T21:47:44Z,2025-11-09T21:47:44Z,0.1,duplicate_observation,
IDENT_004178,ACT_0034,handle,PhantomOrbit,SRC_000083,2026-10-19T00:00:00Z,2026-09-01T00:00:00Z,0.34,duplicate_observation,
IDENT_004179,ACT_0053,handle,IronHarbor,SRC_000890,2024-08-04T21:22:52Z,2025-02-14T21:22:52Z,0.52,duplicate_observation,
IDENT_004180,ACT_0044,handle,GreyMoth,SRC_004649,2024-12-02T18:00:37Z,2026-02-03T18:00:37Z,0.12,duplicate_observation,
IDENT_004181,ACT_0018,handle,DriftTrace,SRC_005358,2024-06-27T18:40:31Z,2025-10-04T18:40:31Z,0.22,duplicate_observation,OBS_013459
IDENT_004182,ACT_0046,handle,ObsidianFalcon,SRC_005361,2025-09-26T14:13:34Z,2026-01-17T14:13:34Z,0.6,duplicate_observation,
IDENT_004183,ACT_0038,handle,CrimsonLedger,SRC_005582,2025-11-15T11:07:27Z,2026-07-17T11:07:27Z,0.37,duplicate_observation,
IDENT_004184,ACT_0051,handle,SilverGrid,SRC_005643,2026-11-14T00:00:00Z,2026-09-01T00:00:00Z,0.38,duplicate_observation,
IDENT_004185,ACT_0008,handle,FrostMoth,SRC_005674,2026-09-23T10:13:36Z,2026-09-01T00:00:00Z,0.54,duplicate_observation,
IDENT_004186,ACT_0030,handle,OnyxRoot,SRC_001691,2025-10-05T21:36:22Z,2026-08-29T21:36:22Z,0.1,duplicate_observation,
IDENT_004187,ACT_0013,handle,VectorPulse,SRC_001596,2026-07-14T09:25:01Z,2026-09-01T00:00:00Z,0.1,duplicate_observation,OBS_012287
IDENT_004188,ACT_0007,handle,IronWolf81,SRC_004565,2024-12-06T13:12:42Z,2025-01-30T13:12:42Z,0.36,duplicate_observation,OBS_003498
IDENT_004189,ACT_0047,handle,StormFox,SRC_002847,2024-08-22T22:38:20Z,2024-10-25T22:38:20Z,0.53,duplicate_observation,
IDENT_004190,ACT_0035,handle,RogueDrift,SRC_003226,2026-11-14T00:00:00Z,2026-09-01T00:00:00Z,0.16,duplicate_observation,OBS_008405
IDENT_004191,ACT_0046,handle,VectorSentinel,SRC_003807,2026-07-01T14:13:34Z,2026-09-01T00:00:00Z,0.7,duplicate_observation,OBS_012407
IDENT_004192,ACT_0037,handle,AshMoth,SRC_001172,2024-09-23T20:05:11Z,2024-12-07T20:05:11Z,0.42,duplicate_observation,
IDENT_004193,ACT_0024,handle,WraithSpire,SRC_004152,2025-08-17T00:47:04Z,2026-08-31T00:47:04Z,0.67,duplicate_observation,OBS_009713
IDENT_004194,ACT_0047,handle,AshForge54,SRC_002260,2024-11-16T22:38:20Z,2026-02-25T22:38:20Z,0.15,duplicate_observation,
IDENT_004195,ACT_0023,handle,GreyOrbit,SRC_002165,2026-04-15T00:01:56Z,2026-09-01T00:00:00Z,0.4,duplicate_observation,
IDENT_004196,ACT_0058,handle,PhantomDrift95,SRC_002026,2025-09-08T17:09:54Z,2025-11-24T17:09:54Z,0.49,duplicate_observation,
IDENT_004197,ACT_0045,handle,VectorCrow,SRC_001804,2024-11-26T07:17:31Z,2025-03-24T07:17:31Z,0.13,duplicate_observation,
IDENT_004198,ACT_0044,handle,SilentNode,SRC_000117,2026-09-26T18:00:37Z,2026-09-01T00:00:00Z,0.47,duplicate_observation,OBS_002862
IDENT_004199,ACT_0044,handle,GreyMoth,SRC_000574,2024-11-25T18:00:37Z,2026-02-13T18:00:37Z,0.64,duplicate_observation,
IDENT_004200,ACT_0017,handle,BlackCipher,SRC_004809,2026-09-05T11:28:43Z,2026-09-01T00:00:00Z,0.6,duplicate_observation,
IDENT_004201,ACT_0006,handle,ShadowForge,SRC_001531,2024-02-25T08:56:39Z,2024-07-18T08:56:39Z,0.15,duplicate_observation,
IDENT_004202,ACT_0036,handle,OnyxHex,SRC_005851,2026-09-13T00:00:00Z,2026-09-01T00:00:00Z,0.39,duplicate_observation,OBS_011269
IDENT_004203,ACT_0039,handle,UmbraWarden,SRC_005648,2026-05-15T04:35:29Z,2026-06-30T04:35:29Z,0.59,duplicate_observation,
IDENT_004204,ACT_0046,handle,PhantomGrid,SRC_005246,2026-02-05T14:13:34Z,2026-07-11T14:13:34Z,0.43,duplicate_observation,
IDENT_004205,ACT_0050,handle,CipherForge,SRC_005132,2026-10-21T00:00:00Z,2026-09-01T00:00:00Z,0.24,duplicate_observation,
IDENT_004206,ACT_0030,handle,SilentOrbit,SRC_005751,2025-01-24T21:36:22Z,2025-09-05T21:36:22Z,0.31,duplicate_observation,OBS_008111
IDENT_004207,ACT_0053,handle,IronHarbor,SRC_003536,2024-08-22T21:22:52Z,2025-02-23T21:22:52Z,0.53,duplicate_observation,OBS_004903
IDENT_004208,ACT_0058,handle,DarkSignal,SRC_001351,2026-01-06T17:09:54Z,2026-09-01T00:00:00Z,0.45,duplicate_observation,
IDENT_004209,ACT_0002,handle,ShadowDrift,SRC_002796,2025-01-18T10:13:48Z,2025-03-03T10:13:48Z,0.13,duplicate_observation,OBS_010665
IDENT_004210,ACT_0026,handle,BlackDrift,SRC_004162,2026-03-09T18:43:51Z,2026-09-01T00:00:00Z,0.41,duplicate_observation,OBS_001007
IDENT_004211,ACT_0006,handle,ShadowForge,SRC_001379,2024-02-29T08:56:39Z,2024-07-17T08:56:39Z,0.15,duplicate_observation,OBS_009306
IDENT_004212,ACT_0030,handle,SilentOrbit,SRC_001429,2025-01-15T21:36:22Z,2025-09-09T21:36:22Z,0.26,duplicate_observation,OBS_010314
IDENT_004213,ACT_0045,handle,VectorCrow,SRC_001418,2024-12-08T07:17:31Z,2025-03-24T07:17:31Z,0.32,duplicate_observation,OBS_003231
IDENT_004214,ACT_0008,handle,FrostMoth,SRC_005630,2026-10-07T10:13:36Z,2026-09-01T00:00:00Z,0.21,duplicate_observation,OBS_008165
IDENT_004215,ACT_0026,handle,ZeroFox,SRC_000438,2026-11-01T00:00:00Z,2026-09-01T00:00:00Z,0.48,duplicate_observation,
IDENT_004216,ACT_0002,handle,ShadowDrift,SRC_003308,2025-01-22T10:13:48Z,2025-03-05T10:13:48Z,0.51,duplicate_observation,OBS_000200
IDENT_004217,ACT_0011,handle,IronSpecter,SRC_005363,2026-11-12T00:00:00Z,2026-09-01T00:00:00Z,0.25,duplicate_observation,OBS_014082
IDENT_004218,ACT_0015,handle,SilverLedger,SRC_000207,2026-10-25T00:00:00Z,2026-09-01T00:00:00Z,0.49,duplicate_observation,OBS_003465
IDENT_004219,ACT_0034,handle,ObsidianMoth89,SRC_005411,2026-10-23T00:00:00Z,2026-09-01T00:00:00Z,0.42,duplicate_observation,
IDENT_004220,ACT_0024,handle,VectorHarbor,SRC_002032,2026-11-04T00:00:00Z,2026-09-01T00:00:00Z,0.6,duplicate_observation,OBS_004663
IDENT_004221,ACT_0019,handle,VoidDrift,SRC_002316,2025-09-01T04:42:59Z,2026-09-01T00:00:00Z,0.7,duplicate_observation,
IDENT_004222,ACT_0028,handle,OnyxPulse,SRC_002203,2025-01-06T00:39:48Z,2025-05-03T00:39:48Z,0.13,duplicate_observation,
IDENT_004223,ACT_0045,handle,PhantomWolf,SRC_004831,2025-11-18T07:17:31Z,2026-09-01T00:00:00Z,0.38,duplicate_observation,OBS_009648
IDENT_004224,ACT_0002,handle,ShadowDrift,SRC_005014,2025-01-16T10:13:48Z,2025-02-23T10:13:48Z,0.13,duplicate_observation,OBS_005616
IDENT_004225,ACT_0031,handle,WraithWarden,SRC_001943,2025-09-02T19:36:25Z,2026-03-17T19:36:25Z,0.45,duplicate_observation,OBS_000429
IDENT_004226,ACT_0015,handle,NullCipher,SRC_004001,2025-10-31T12:12:24Z,2026-09-01T00:00:00Z,0.66,duplicate_observation,OBS_001904
IDENT_004227,ACT_0027,handle,CrimsonWolf,SRC_002283,2024-08-01T01:12:14Z,2025-10-21T01:12:14Z,0.45,duplicate_observation,OBS_009345
IDENT_004228,ACT_0054,handle,ShadowGrid,SRC_004223,2026-10-06T00:00:00Z,2026-09-01T00:00:00Z,0.12,duplicate_observation,OBS_012047
IDENT_004229,ACT_0054,handle,ShadowGrid,SRC_004112,2026-10-04T00:00:00Z,2026-09-01T00:00:00Z,0.61,duplicate_observation,OBS_002724
IDENT_004230,ACT_0043,handle,UmbraRoot,SRC_005731,2025-02-24T22:06:12Z,2026-04-28T22:06:12Z,0.18,duplicate_observation,OBS_008623
IDENT_004231,ACT_0009,handle,CrimsonReaper,SRC_004422,2026-10-13T00:00:00Z,2026-09-01T00:00:00Z,0.24,duplicate_observation,
IDENT_004232,ACT_0015,handle,SilverLedger,SRC_002313,2026-10-17T00:00:00Z,2026-09-01T00:00:00Z,0.24,duplicate_observation,
IDENT_004233,ACT_0004,handle,OnyxNode,SRC_003495,2026-05-09T04:44:17Z,2026-09-01T00:00:00Z,0.1,duplicate_observation,OBS_001472
IDENT_004234,ACT_0024,handle,WraithSpire,SRC_002765,2025-08-23T00:47:04Z,2026-09-01T00:00:00Z,0.41,duplicate_observation,OBS_008565
IDENT_004235,ACT_0037,handle,VoidMoth,SRC_003354,2025-01-23T20:05:11Z,2025-08-04T20:05:11Z,0.1,duplicate_observation,
IDENT_004236,ACT_0045,handle,UmbraMarrow,SRC_004434,2025-05-02T07:17:31Z,2025-11-10T07:17:31Z,0.54,duplicate_observation,
IDENT_004237,ACT_0002,handle,ShadowDrift,SRC_004195,2025-01-23T10:13:48Z,2025-02-24T10:13:48Z,0.38,duplicate_observation,
IDENT_004238,ACT_0008,handle,IronCrow,SRC_004137,2025-04-20T10:13:36Z,2025-08-22T10:13:36Z,0.43,duplicate_observation,
IDENT_004239,ACT_0050,handle,ShadowNode,SRC_001599,2026-09-30T00:00:00Z,2026-09-01T00:00:00Z,0.36,duplicate_observation,
IDENT_004240,ACT_0051,handle,GreyEcho,SRC_005473,2026-07-11T11:41:03Z,2026-09-01T00:00:00Z,0.27,duplicate_observation,
IDENT_004241,ACT_0004,handle,OnyxNode,SRC_004840,2026-04-29T04:44:17Z,2026-09-01T00:00:00Z,0.13,duplicate_observation,OBS_008892
IDENT_004242,ACT_0030,handle,OnyxRoot,SRC_002643,2025-10-17T21:36:22Z,2026-08-21T21:36:22Z,0.44,duplicate_observation,OBS_008566
IDENT_004243,ACT_0019,handle,VoidDrift,SRC_004281,2025-08-31T04:42:59Z,2026-09-01T00:00:00Z,0.26,duplicate_observation,OBS_003627
IDENT_004244,ACT_0021,handle,ShadowForge,SRC_003997,2026-08-11T20:32:16Z,2026-09-01T00:00:00Z,0.69,duplicate_observation,
IDENT_004245,ACT_0037,handle,AshMoth,SRC_003426,2024-09-26T20:05:11Z,2024-11-24T20:05:11Z,0.13,duplicate_observation,
IDENT_004246,ACT_0019,handle,VoidDrift,SRC_000036,2025-08-19T04:42:59Z,2026-09-01T00:00:00Z,0.29,duplicate_observation,
IDENT_004247,ACT_0055,handle,StormRunner,SRC_004845,2024-03-27T04:37:32Z,2024-07-04T04:37:32Z,0.1,duplicate_observation,
IDENT_004248,ACT_0028,handle,OnyxPulse,SRC_002237,2025-01-09T00:39:48Z,2025-05-08T00:39:48Z,0.26,duplicate_observation,
IDENT_004249,ACT_0007,handle,IronWolf81,SRC_005010,2024-12-12T13:12:42Z,2025-01-26T13:12:42Z,0.1,duplicate_observation,OBS_003757
IDENT_004250,ACT_0030,handle,SilentOrbit,SRC_004036,2025-01-28T21:36:22Z,2025-08-27T21:36:22Z,0.29,duplicate_observation,OBS_003708
IDENT_004251,ACT_0051,handle,GreyEcho,SRC_001737,2026-07-06T11:41:03Z,2026-09-01T00:00:00Z,0.12,duplicate_observation,
IDENT_004252,ACT_0034,handle,DarkVector32,SRC_002542,2024-12-01T10:59:17Z,2025-09-10T10:59:17Z,0.63,duplicate_observation,
IDENT_004253,ACT_0040,handle,ObsidianHex,SRC_000963,2026-01-09T18:08:11Z,2026-09-01T00:00:00Z,0.56,duplicate_observation,OBS_011286
IDENT_004254,ACT_0027,handle,CrimsonWolf,SRC_002417,2024-08-08T01:12:14Z,2025-10-26T01:12:14Z,0.69,duplicate_observation,
IDENT_004255,ACT_0040,handle,StormPulse,SRC_000255,2026-10-01T00:00:00Z,2026-09-01T00:00:00Z,0.17,duplicate_observation,OBS_005020
IDENT_004256,ACT_0045,handle,UmbraMarrow,SRC_005674,2025-04-29T07:17:31Z,2025-11-17T07:17:31Z,0.17,duplicate_observation,
IDENT_004257,ACT_0036,handle,IronMarrow,SRC_001571,2026-11-07T00:00:00Z,2026-09-01T00:00:00Z,0.68,duplicate_observation,
IDENT_004258,ACT_0032,handle,VoidHollow,SRC_000413,2026-08-16T17:55:46Z,2026-09-01T00:00:00Z,0.6,duplicate_observation,OBS_004849
IDENT_004259,ACT_0046,handle,WraithHarbor,SRC_005421,2026-10-13T00:00:00Z,2026-09-01T00:00:00Z,0.39,duplicate_observation,
IDENT_004260,ACT_0046,handle,PhantomGrid,SRC_001730,2026-02-01T14:13:34Z,2026-07-11T14:13:34Z,0.3,duplicate_observation,
IDENT_004261,ACT_0005,handle,CipherHollow,SRC_001738,2026-09-18T00:00:00Z,2026-09-01T00:00:00Z,0.6,duplicate_observation,OBS_011888
IDENT_004262,ACT_0050,handle,GhostCrow,SRC_005160,2026-11-07T00:00:00Z,2026-09-01T00:00:00Z,0.55,duplicate_observation,OBS_007164
IDENT_004263,ACT_0054,handle,ShadowGrid,SRC_005052,2026-10-06T00:00:00Z,2026-09-01T00:00:00Z,0.4,duplicate_observation,
IDENT_004264,ACT_0016,handle,ChromeGrid,SRC_002266,2025-09-16T15:47:40Z,2026-02-24T15:47:40Z,0.44,duplicate_observation,OBS_006368
IDENT_004265,ACT_0042,handle,AshFox60,SRC_001873,2025-06-30T00:56:31Z,2025-11-05T00:56:31Z,0.26,duplicate_observation,
IDENT_004266,ACT_0043,handle,UmbraRoot,SRC_003721,2025-03-09T22:06:12Z,2026-04-12T22:06:12Z,0.14,duplicate_observation,
IDENT_004267,ACT_0052,handle,IronRunner,SRC_002788,2025-08-02T08:12:20Z,2026-03-07T08:12:20Z,0.23,duplicate_observation,
IDENT_004268,ACT_0023,handle,GreySentinel,SRC_000029,2026-09-19T00:00:00Z,2026-09-01T00:00:00Z,0.6,duplicate_observation,
IDENT_004269,ACT_0030,handle,SilentOrbit,SRC_001874,2025-01-17T21:36:22Z,2025-08-30T21:36:22Z,0.16,duplicate_observation,OBS_009148
IDENT_004270,ACT_0026,handle,RuneCrow,SRC_002555,2025-09-16T18:43:51Z,2026-02-17T18:43:51Z,0.22,duplicate_observation,OBS_002186
IDENT_004271,ACT_0035,handle,RogueDrift,SRC_005047,2026-11-13T00:00:00Z,2026-09-01T00:00:00Z,0.36,duplicate_observation,OBS_011284
IDENT_004272,ACT_0005,handle,CipherHollow,SRC_000411,2026-09-19T00:00:00Z,2026-09-01T00:00:00Z,0.35,duplicate_observation,
IDENT_004273,ACT_0056,handle,AshShade20,SRC_005470,2026-04-21T10:20:14Z,2026-09-01T00:00:00Z,0.23,duplicate_observation,OBS_000131
IDENT_004274,ACT_0051,handle,EmberOrbit93,SRC_001115,2026-09-16T00:00:00Z,2026-09-01T00:00:00Z,0.32,duplicate_observation,OBS_005745
IDENT_004275,ACT_0030,handle,SilentOrbit,SRC_000117,2025-01-25T21:36:22Z,2025-09-07T21:36:22Z,0.47,duplicate_observation,OBS_009464
IDENT_004276,ACT_0002,handle,ShadowDrift,SRC_005371,2025-01-19T10:13:48Z,2025-03-15T10:13:48Z,0.27,duplicate_observation,OBS_007528
IDENT_004277,ACT_0037,handle,VoidMoth,SRC_003296,2025-01-03T20:05:11Z,2025-08-02T20:05:11Z,0.23,duplicate_observation,OBS_011953
IDENT_004278,ACT_0031,handle,WraithWarden,SRC_002056,2025-09-03T19:36:25Z,2026-03-04T19:36:25Z,0.2,duplicate_observation,OBS_003616
IDENT_004279,ACT_0031,handle,StormMarrow37,SRC_001228,2025-03-22T19:36:25Z,2025-08-01T19:36:25Z,0.14,duplicate_observation,
IDENT_004280,ACT_0045,handle,UmbraMarrow,SRC_002410,2025-05-11T07:17:31Z,2025-11-16T07:17:31Z,0.58,duplicate_observation,OBS_009321
IDENT_004281,ACT_0040,handle,ObsidianHex,SRC_004430,2026-01-10T18:08:11Z,2026-09-01T00:00:00Z,0.3,duplicate_observation,
IDENT_004282,ACT_0024,handle,OnyxEcho,SRC_001314,2026-10-13T00:47:04Z,2026-09-01T00:00:00Z,0.53,duplicate_observation,OBS_000192
IDENT_004283,ACT_0008,handle,SilentPulse,SRC_005785,2025-10-06T10:13:36Z,2026-08-22T10:13:36Z,0.61,duplicate_observation,
IDENT_004284,ACT_0012,handle,ObsidianRoot49,SRC_003140,2024-12-28T10:37:19Z,2025-01-23T10:37:19Z,0.37,duplicate_observation,
IDENT_004285,ACT_0023,handle,NullEcho,SRC_002750,2026-10-29T00:00:00Z,2026-09-01T00:00:00Z,0.24,duplicate_observation,OBS_004179
IDENT_004286,ACT_0007,handle,GhostForge71,SRC_004615,2024-06-01T13:12:42Z,2024-11-03T13:12:42Z,0.46,duplicate_observation,
IDENT_004287,ACT_0050,handle,CipherForge,SRC_004769,2026-10-18T00:00:00Z,2026-09-01T00:00:00Z,0.55,duplicate_observation,
IDENT_004288,ACT_0035,handle,RogueLedger,SRC_002063,2025-06-30T22:04:42Z,2026-09-01T00:00:00Z,0.44,duplicate_observation,
IDENT_004289,ACT_0031,handle,StormMarrow37,SRC_001712,2025-03-25T19:36:25Z,2025-08-07T19:36:25Z,0.25,duplicate_observation,
IDENT_004290,ACT_0017,handle,BlackCipher,SRC_001647,2026-09-16T11:28:43Z,2026-09-01T00:00:00Z,0.1,duplicate_observation,OBS_009614
IDENT_004291,ACT_0004,handle,OnyxNode,SRC_001276,2026-04-28T04:44:17Z,2026-09-01T00:00:00Z,0.3,duplicate_observation,OBS_011305
IDENT_004292,ACT_0018,handle,GreyRunner,SRC_000629,2025-10-23T18:40:31Z,2026-09-01T00:00:00Z,0.67,duplicate_observation,
IDENT_004293,ACT_0006,handle,RogueRoot,SRC_003938,2025-09-16T08:56:39Z,2025-12-08T08:56:39Z,0.2,duplicate_observation,OBS_013246
IDENT_004294,ACT_0046,handle,ObsidianFalcon,SRC_005631,2025-09-20T14:13:34Z,2026-02-01T14:13:34Z,0.39,duplicate_observation,OBS_002392
IDENT_004295,ACT_0026,handle,ZeroFox,SRC_000828,2026-11-04T00:00:00Z,2026-09-01T00:00:00Z,0.27,duplicate_observation,OBS_002922
IDENT_004296,ACT_0021,handle,ShadowForge,SRC_002639,2026-07-30T20:32:16Z,2026-09-01T00:00:00Z,0.32,duplicate_observation,
IDENT_004297,ACT_0036,handle,TalonSpire,SRC_002125,2026-04-17T18:10:40Z,2026-09-01T00:00:00Z,0.18,duplicate_observation,OBS_013860
IDENT_004298,ACT_0021,handle,ShadowForge,SRC_002199,2026-08-14T20:32:16Z,2026-09-01T00:00:00Z,0.12,duplicate_observation,OBS_002000
IDENT_004299,ACT_0047,handle,AshForge54,SRC_000175,2024-12-03T22:38:20Z,2026-02-27T22:38:20Z,0.1,duplicate_observation,OBS_007706
IDENT_004300,ACT_0040,handle,StormPulse,SRC_003906,2026-09-28T00:00:00Z,2026-09-01T00:00:00Z,0.16,duplicate_observation,
IDENT_004301,ACT_0021,handle,ShadowForge,SRC_005129,2026-08-13T20:32:16Z,2026-09-01T00:00:00Z,0.19,duplicate_observation,OBS_012279
IDENT_004302,ACT_0010,handle,HavocSpire71,SRC_001955,2026-09-27T00:00:00Z,2026-09-01T00:00:00Z,0.61,duplicate_observation,
IDENT_004303,ACT_0034,handle,HavocSentinel54,SRC_000618,2025-10-06T10:59:17Z,2026-09-01T00:00:00Z,0.69,duplicate_observation,OBS_003279
IDENT_004304,ACT_0041,handle,RogueSpire80,SRC_000306,2025-01-04T19:31:51Z,2025-11-02T19:31:51Z,0.54,duplicate_observation,
IDENT_004305,ACT_0015,handle,SilverLedger,SRC_005588,2026-10-20T00:00:00Z,2026-09-01T00:00:00Z,0.34,duplicate_observation,
IDENT_004306,ACT_0012,handle,ObsidianRoot49,SRC_005826,2024-12-27T10:37:19Z,2025-01-26T10:37:19Z,0.17,duplicate_observation,
IDENT_004307,ACT_0046,handle,VectorSentinel,SRC_003100,2026-07-09T14:13:34Z,2026-09-01T00:00:00Z,0.45,duplicate_observation,OBS_006922
IDENT_004308,ACT_0058,handle,PhantomDrift95,SRC_003828,2025-09-07T17:09:54Z,2025-11-15T17:09:54Z,0.33,duplicate_observation,OBS_010229
IDENT_004309,ACT_0007,handle,IronWolf81,SRC_005080,2024-12-07T13:12:42Z,2025-02-07T13:12:42Z,0.56,duplicate_observation,OBS_007366
IDENT_004310,ACT_0051,handle,SilverGrid,SRC_001007,2026-10-29T00:00:00Z,2026-09-01T00:00:00Z,0.46,duplicate_observation,
IDENT_004311,ACT_0034,handle,DarkVector32,SRC_002600,2024-12-01T10:59:17Z,2025-08-30T10:59:17Z,0.22,duplicate_observation,OBS_008597
IDENT_004312,ACT_0024,handle,OnyxEcho,SRC_000629,2026-10-21T00:47:04Z,2026-09-01T00:00:00Z,0.56,duplicate_observation,
IDENT_004313,ACT_0058,handle,DarkSignal,SRC_005641,2026-01-01T17:09:54Z,2026-09-01T00:00:00Z,0.6,duplicate_observation,
IDENT_004314,ACT_0050,handle,RogueWarden,SRC_001736,2026-10-24T00:00:00Z,2026-09-01T00:00:00Z,0.64,duplicate_observation,
IDENT_004315,ACT_0046,handle,WraithHarbor,SRC_002254,2026-10-28T00:00:00Z,2026-09-01T00:00:00Z,0.38,duplicate_observation,OBS_014211
IDENT_004316,ACT_0038,handle,VectorVector,SRC_000947,2025-08-29T11:07:27Z,2025-10-15T11:07:27Z,0.1,duplicate_observation,
IDENT_004317,ACT_0021,handle,StormWolf89,SRC_002167,2026-10-01T00:00:00Z,2026-09-01T00:00:00Z,0.1,duplicate_observation,
IDENT_004318,ACT_0045,handle,UmbraMarrow,SRC_005044,2025-05-12T07:17:31Z,2025-11-11T07:17:31Z,0.1,duplicate_observation,OBS_008260
IDENT_004319,ACT_0050,handle,GhostCrow,SRC_003349,2026-11-14T00:00:00Z,2026-09-01T00:00:00Z,0.31,duplicate_observation,OBS_001680
IDENT_004320,ACT_0011,handle,IronSpecter,SRC_004914,2026-11-08T00:00:00Z,2026-09-01T00:00:00Z,0.16,duplicate_observation,OBS_007629
IDENT_004321,ACT_0054,handle,DarkRunner,SRC_004305,2026-07-03T15:36:14Z,2026-09-01T00:00:00Z,0.24,duplicate_observation,OBS_009281
IDENT_004322,ACT_0050,handle,FrostReaper,SRC_003283,2026-07-08T02:56:43Z,2026-09-01T00:00:00Z,0.45,duplicate_observation,
IDENT_004323,ACT_0045,handle,VectorCrow,SRC_000634,2024-11-29T07:17:31Z,2025-04-03T07:17:31Z,0.67,duplicate_observation,OBS_001959
IDENT_004324,ACT_0014,handle,HavocHollow,SRC_001192,2024-12-22T02:17:28Z,2025-10-20T02:17:28Z,0.46,duplicate_observation,OBS_011933
IDENT_004325,ACT_0059,handle,NullWolf,SRC_002885,2026-07-19T16:19:50Z,2026-09-01T00:00:00Z,0.61,duplicate_observation,OBS_000172
IDENT_004326,ACT_0017,handle,UmbraSpire59,SRC_004516,2025-08-12T11:28:43Z,2026-07-26T11:28:43Z,0.56,duplicate_observation,
IDENT_004327,ACT_0031,handle,StormMarrow37,SRC_001980,2025-03-21T19:36:25Z,2025-08-07T19:36:25Z,0.1,duplicate_observation,OBS_002914
IDENT_004328,ACT_0006,handle,ForgeVector,SRC_001707,2024-08-16T08:56:39Z,2025-08-24T08:56:39Z,0.33,duplicate_observation,OBS_012704
IDENT_004329,ACT_0016,handle,PhantomHollow,SRC_002843,2025-03-22T15:47:40Z,2025-08-25T15:47:40Z,0.19,duplicate_observation,OBS_004021
IDENT_004330,ACT_0047,handle,AshForge54,SRC_003402,2024-11-22T22:38:20Z,2026-02-17T22:38:20Z,0.38,duplicate_observation,OBS_007835
IDENT_004331,ACT_0049,handle,EmberSignal,SRC_003464,2026-06-06T01:19:15Z,2026-09-01T00:00:00Z,0.57,duplicate_observation,OBS_001203
IDENT_004332,ACT_0023,handle,GreySentinel,SRC_002176,2026-09-14T00:00:00Z,2026-09-01T00:00:00Z,0.19,duplicate_observation,
IDENT_004333,ACT_0008,handle,IronCrow,SRC_001017,2025-04-17T10:13:36Z,2025-08-29T10:13:36Z,0.1,duplicate_observation,
IDENT_004334,ACT_0038,handle,CrimsonLedger,SRC_003164,2025-11-10T11:07:27Z,2026-07-14T11:07:27Z,0.16,duplicate_observation,
IDENT_004335,ACT_0031,handle,WraithWarden,SRC_000852,2025-09-05T19:36:25Z,2026-03-10T19:36:25Z,0.14,duplicate_observation,
IDENT_004336,ACT_0060,handle,CipherEcho,SRC_003916,2026-04-14T22:48:45Z,2026-09-01T00:00:00Z,0.56,duplicate_observation,
IDENT_004337,ACT_0029,handle,ChromeHex39,SRC_004865,2025-05-12T22:51:37Z,2026-03-06T22:51:37Z,0.45,duplicate_observation,OBS_008110
IDENT_004338,ACT_0006,handle,RogueRoot,SRC_002537,2025-09-05T08:56:39Z,2025-12-24T08:56:39Z,0.62,duplicate_observation,OBS_007032
IDENT_004339,ACT_0017,handle,BlackCipher,SRC_004071,2026-09-03T11:28:43Z,2026-09-01T00:00:00Z,0.52,duplicate_observation,OBS_009402
IDENT_004340,ACT_0009,handle,BlackHarbor,SRC_000593,2026-08-13T04:53:06Z,2026-09-01T00:00:00Z,0.28,duplicate_observation,OBS_011589
IDENT_004341,ACT_0035,handle,RogueLedger,SRC_004258,2025-06-16T22:04:42Z,2026-09-01T00:00:00Z,0.21,duplicate_observation,OBS_000815
IDENT_004342,ACT_0048,handle,CrimsonTrace,SRC_003539,2024-08-23T21:47:44Z,2025-11-20T21:47:44Z,0.12,duplicate_observation,
IDENT_004343,ACT_0035,handle,CrimsonMoth,SRC_004176,2024-04-30T22:04:42Z,2025-05-12T22:04:42Z,0.35,duplicate_observation,
IDENT_004344,ACT_0029,handle,ChromeHex39,SRC_003301,2025-05-23T22:51:37Z,2026-03-08T22:51:37Z,0.6,duplicate_observation,OBS_010851
IDENT_004345,ACT_0015,handle,SilverLedger,SRC_002853,2026-10-25T00:00:00Z,2026-09-01T00:00:00Z,0.63,duplicate_observation,OBS_001905
IDENT_004346,ACT_0046,handle,ObsidianFalcon,SRC_004085,2025-09-26T14:13:34Z,2026-01-16T14:13:34Z,0.53,duplicate_observation,
IDENT_004347,ACT_0029,handle,GhostShade,SRC_003349,2024-05-05T22:51:37Z,2025-04-23T22:51:37Z,0.1,duplicate_observation,
IDENT_004348,ACT_0029,handle,ChromeHex39,SRC_002075,2025-05-23T22:51:37Z,2026-03-03T22:51:37Z,0.6,duplicate_observation,
IDENT_004349,ACT_0025,handle,DarkMarrow,SRC_001372,2026-05-14T13:33:59Z,2026-09-01T00:00:00Z,0.44,duplicate_observation,
IDENT_004350,ACT_0006,handle,RogueRoot,SRC_004295,2025-09-21T08:56:39Z,2025-12-10T08:56:39Z,0.24,duplicate_observation,
IDENT_004351,ACT_0012,handle,ObsidianRoot49,SRC_005335,2024-12-08T10:37:19Z,2025-01-27T10:37:19Z,0.24,duplicate_observation,
IDENT_004352,ACT_0045,handle,VectorCrow,SRC_005132,2024-12-08T07:17:31Z,2025-03-22T07:17:31Z,0.2,duplicate_observation,
IDENT_004353,ACT_0004,handle,OnyxNode,SRC_001949,2026-04-28T04:44:17Z,2026-09-01T00:00:00Z,0.1,duplicate_observation,OBS_014004
IDENT_004354,ACT_0001,handle,SilentTrace,SRC_001797,2024-02-24T20:28:06Z,2024-12-22T20:28:06Z,0.19,duplicate_observation,OBS_002118
IDENT_004355,ACT_0059,handle,NullWolf,SRC_004347,2026-07-17T16:19:50Z,2026-09-01T00:00:00Z,0.42,duplicate_observation,OBS_005248
IDENT_004356,ACT_0059,handle,NullWolf,SRC_005323,2026-07-28T16:19:50Z,2026-09-01T00:00:00Z,0.18,duplicate_observation,OBS_001838
IDENT_004357,ACT_0046,handle,ObsidianFalcon,SRC_000487,2025-09-09T14:13:34Z,2026-02-02T14:13:34Z,0.19,duplicate_observation,OBS_013062
IDENT_004358,ACT_0051,handle,FrostSignal,SRC_003209,2026-10-21T00:00:00Z,2026-09-01T00:00:00Z,0.35,duplicate_observation,
IDENT_004359,ACT_0024,handle,WraithSpire,SRC_002234,2025-08-18T00:47:04Z,2026-08-30T00:47:04Z,0.15,duplicate_observation,
IDENT_004360,ACT_0019,handle,VoidDrift,SRC_004216,2025-08-29T04:42:59Z,2026-09-01T00:00:00Z,0.15,duplicate_observation,
IDENT_004361,ACT_0035,handle,CrimsonMoth,SRC_005447,2024-04-26T22:04:42Z,2025-05-22T22:04:42Z,0.22,duplicate_observation,OBS_010817
IDENT_004362,ACT_0056,handle,TalonCipher,SRC_001841,2026-01-15T10:20:14Z,2026-03-31T10:20:14Z,0.49,duplicate_observation,OBS_002886
IDENT_004363,ACT_0051,handle,EmberOrbit93,SRC_000301,2026-09-22T00:00:00Z,2026-09-01T00:00:00Z,0.5,duplicate_observation,OBS_004806
IDENT_004364,ACT_0027,handle,RuneWarden,SRC_003695,2024-04-19T01:12:14Z,2024-06-12T01:12:14Z,0.13,duplicate_observation,OBS_007001
IDENT_004365,ACT_0041,handle,RogueSpire80,SRC_005532,2024-12-26T19:31:51Z,2025-10-26T19:31:51Z,0.46,duplicate_observation,
IDENT_004366,ACT_0003,handle,IronLedger,SRC_005754,2025-11-13T18:21:03Z,2026-09-01T00:00:00Z,0.7,duplicate_observation,OBS_006812
IDENT_004367,ACT_0054,handle,UmbraHollow,SRC_005380,2026-02-21T15:36:14Z,2026-05-02T15:36:14Z,0.29,duplicate_observation,
IDENT_004368,ACT_0025,handle,GhostSentinel,SRC_001317,2026-11-15T00:00:00Z,2026-09-01T00:00:00Z,0.45,duplicate_observation,
IDENT_004369,ACT_0054,handle,UmbraHollow,SRC_000614,2026-02-24T15:36:14Z,2026-05-12T15:36:14Z,0.43,duplicate_observation,OBS_007339
IDENT_004370,ACT_0023,handle,NullEcho,SRC_003390,2026-11-08T00:00:00Z,2026-09-01T00:00:00Z,0.11,duplicate_observation,OBS_006070
IDENT_004371,ACT_0015,handle,SilverLedger,SRC_002446,2026-10-22T00:00:00Z,2026-09-01T00:00:00Z,0.37,duplicate_observation,OBS_001905
IDENT_004372,ACT_0035,handle,RogueLedger,SRC_005507,2025-06-21T22:04:42Z,2026-09-01T00:00:00Z,0.41,duplicate_observation,OBS_013352
IDENT_004373,ACT_0034,handle,HavocSentinel54,SRC_005401,2025-10-17T10:59:17Z,2026-09-01T00:00:00Z,0.1,duplicate_observation,
IDENT_004374,ACT_0042,handle,AshFox60,SRC_000360,2025-07-11T00:56:31Z,2025-10-25T00:56:31Z,0.55,duplicate_observation,OBS_002223
IDENT_004375,ACT_0056,handle,NightCrow,SRC_003191,2025-03-31T10:20:14Z,2025-12-28T10:20:14Z,0.14,duplicate_observation,OBS_004063
IDENT_004376,ACT_0050,handle,FrostReaper,SRC_000158,2026-07-04T02:56:43Z,2026-09-01T00:00:00Z,0.1,duplicate_observation,OBS_006564
IDENT_004377,ACT_0040,handle,FrostWolf,SRC_000066,2025-06-03T18:08:11Z,2025-11-19T18:08:11Z,0.28,duplicate_observation,
IDENT_004378,ACT_0053,handle,DarkOrbit,SRC_001424,2026-03-27T21:22:52Z,2026-09-01T00:00:00Z,0.43,duplicate_observation,
IDENT_004379,ACT_0035,handle,RogueDrift,SRC_003339,2026-11-14T00:00:00Z,2026-09-01T00:00:00Z,0.22,duplicate_observation,OBS_009771
IDENT_004380,ACT_0055,handle,HavocSentinel,SRC_000071,2024-07-27T04:37:32Z,2025-12-04T04:37:32Z,0.27,duplicate_observation,OBS_003143
IDENT_004381,ACT_0036,handle,TalonSpire,SRC_001317,2026-04-22T18:10:40Z,2026-09-01T00:00:00Z,0.18,duplicate_observation,OBS_000418
IDENT_004382,ACT_0010,handle,HavocSpire71,SRC_005540,2026-09-23T00:00:00Z,2026-09-01T00:00:00Z,0.37,duplicate_observation,OBS_002534
IDENT_004383,ACT_0030,handle,SilentOrbit,SRC_004484,2025-01-23T21:36:22Z,2025-09-04T21:36:22Z,0.46,duplicate_observation,
IDENT_004384,ACT_0053,handle,IronHarbor,SRC_002576,2024-08-18T21:22:52Z,2025-02-22T21:22:52Z,0.51,duplicate_observation,
IDENT_004385,ACT_0053,handle,DarkOrbit,SRC_003442,2026-04-01T21:22:52Z,2026-09-01T00:00:00Z,0.14,duplicate_observation,
IDENT_004386,ACT_0054,handle,DarkRunner,SRC_004182,2026-07-03T15:36:14Z,2026-09-01T00:00:00Z,0.48,duplicate_observation,
IDENT_004387,ACT_0003,handle,GreyRoot,SRC_001161,2024-08-14T18:21:03Z,2025-11-05T18:21:03Z,0.21,duplicate_observation,OBS_009603
IDENT_004388,ACT_0051,handle,EmberOrbit93,SRC_000771,2026-09-02T00:00:00Z,2026-09-01T00:00:00Z,0.37,duplicate_observation,
IDENT_004389,ACT_0059,handle,NullWolf,SRC_005351,2026-07-30T16:19:50Z,2026-09-01T00:00:00Z,0.34,duplicate_observation,
IDENT_004390,ACT_0023,handle,NullEcho,SRC_003773,2026-11-13T00:00:00Z,2026-09-01T00:00:00Z,0.25,duplicate_observation,
IDENT_004391,ACT_0032,handle,RuneEcho,SRC_003127,2025-07-20T17:55:46Z,2026-08-10T17:55:46Z,0.34,duplicate_observation,
IDENT_004392,ACT_0023,handle,GreyOrbit,SRC_003620,2026-04-29T00:01:56Z,2026-09-01T00:00:00Z,0.39,duplicate_observation,
IDENT_004393,ACT_0005,handle,CipherHollow,SRC_005076,2026-10-02T00:00:00Z,2026-09-01T00:00:00Z,0.15,duplicate_observation,OBS_003994
IDENT_004394,ACT_0040,handle,RuneMoth,SRC_003192,2026-10-24T00:00:00Z,2026-09-01T00:00:00Z,0.15,duplicate_observation,OBS_006418
IDENT_004395,ACT_0045,handle,VectorCrow,SRC_003529,2024-12-07T07:17:31Z,2025-03-21T07:17:31Z,0.64,duplicate_observation,OBS_013216
IDENT_004396,ACT_0056,handle,VoidCipher,SRC_005711,2026-10-26T00:00:00Z,2026-09-01T00:00:00Z,0.52,duplicate_observation,OBS_012583
IDENT_004397,ACT_0052,handle,IronRunner,SRC_005820,2025-07-17T08:12:20Z,2026-02-21T08:12:20Z,0.12,duplicate_observation,
IDENT_004398,ACT_0038,handle,CrimsonLedger,SRC_001564,2025-11-21T11:07:27Z,2026-07-25T11:07:27Z,0.14,duplicate_observation,
IDENT_004399,ACT_0048,handle,CrimsonTrace,SRC_004543,2024-08-23T21:47:44Z,2025-11-15T21:47:44Z,0.39,duplicate_observation,OBS_005301
IDENT_004400,ACT_0033,handle,TalonSentinel,SRC_004509,2025-08-14T01:20:48Z,2026-02-21T01:20:48Z,0.45,duplicate_observation,OBS_012921
IDENT_004401,ACT_0056,handle,NightCrow,SRC_001162,2025-04-06T10:20:14Z,2026-01-07T10:20:14Z,0.48,duplicate_observation,OBS_013951
IDENT_004402,ACT_0038,handle,VectorVector,SRC_003659,2025-08-13T11:07:27Z,2025-10-27T11:07:27Z,0.42,duplicate_observation,
IDENT_004403,ACT_0020,handle,NightCipher,SRC_000493,2026-11-08T00:00:00Z,2026-09-01T00:00:00Z,0.52,duplicate_observation,
IDENT_004404,ACT_0028,handle,OnyxPulse,SRC_002840,2024-12-26T00:39:48Z,2025-05-13T00:39:48Z,0.38,duplicate_observation,
IDENT_004405,ACT_0037,handle,AshMoth,SRC_004467,2024-09-11T20:05:11Z,2024-11-28T20:05:11Z,0.15,duplicate_observation,
IDENT_004406,ACT_0056,handle,AshShade20,SRC_004371,2026-05-09T10:20:14Z,2026-09-01T00:00:00Z,0.25,duplicate_observation,OBS_004947
IDENT_004407,ACT_0012,handle,CipherSpire,SRC_002348,2025-02-11T10:37:19Z,2025-10-27T10:37:19Z,0.12,duplicate_observation,OBS_004958
IDENT_004408,ACT_0017,handle,BlackCipher,SRC_003470,2026-09-06T11:28:43Z,2026-09-01T00:00:00Z,0.7,duplicate_observation,
IDENT_004409,ACT_0013,handle,VectorNode,SRC_003840,2026-11-03T00:00:00Z,2026-09-01T00:00:00Z,0.1,duplicate_observation,
IDENT_004410,ACT_0050,handle,CipherForge,SRC_003940,2026-10-09T00:00:00Z,2026-09-01T00:00:00Z,0.16,duplicate_observation,OBS_013518
IDENT_004411,ACT_0057,handle,DriftReaper,SRC_001997,2026-09-17T00:00:00Z,2026-09-01T00:00:00Z,0.61,duplicate_observation,OBS_010483
IDENT_004412,ACT_0010,handle,SilentFox,SRC_001153,2026-06-02T20:43:57Z,2026-09-01T00:00:00Z,0.3,duplicate_observation,OBS_003252
IDENT_004413,ACT_0015,handle,NullCipher,SRC_000531,2025-11-04T12:12:24Z,2026-09-01T00:00:00Z,0.51,duplicate_observation,
IDENT_004414,ACT_0051,handle,SilverGrid,SRC_004145,2026-11-01T00:00:00Z,2026-09-01T00:00:00Z,0.21,duplicate_observation,OBS_000284
IDENT_004415,ACT_0035,handle,StormDrift,SRC_004834,2026-10-23T00:00:00Z,2026-09-01T00:00:00Z,0.22,duplicate_observation,
IDENT_004416,ACT_0026,handle,ZeroFox,SRC_005365,2026-11-07T00:00:00Z,2026-09-01T00:00:00Z,0.14,duplicate_observation,OBS_011060
IDENT_004417,ACT_0057,handle,CrimsonDrift,SRC_004012,2025-10-28T19:15:51Z,2026-09-01T00:00:00Z,0.44,duplicate_observation,
IDENT_004418,ACT_0058,handle,DarkSignal,SRC_002304,2026-01-16T17:09:54Z,2026-09-01T00:00:00Z,0.2,duplicate_observation,OBS_008295
IDENT_004419,ACT_0046,handle,VectorSentinel,SRC_001643,2026-07-12T14:13:34Z,2026-09-01T00:00:00Z,0.45,duplicate_observation,OBS_003446
IDENT_004420,ACT_0026,handle,ChromeMarrow,SRC_005409,2025-07-28T18:43:51Z,2025-09-12T18:43:51Z,0.54,duplicate_observation,
IDENT_004421,ACT_0044,handle,GreyMoth,SRC_002120,2024-12-06T18:00:37Z,2026-02-10T18:00:37Z,0.23,duplicate_observation,OBS_004452
IDENT_004422,ACT_0046,handle,ObsidianFalcon,SRC_004702,2025-09-09T14:13:34Z,2026-02-04T14:13:34Z,0.53,duplicate_observation,OBS_001345
IDENT_004423,ACT_0023,handle,GreyOrbit,SRC_000891,2026-04-28T00:01:56Z,2026-09-01T00:00:00Z,0.58,duplicate_observation,
IDENT_004424,ACT_0015,handle,NullCipher,SRC_002424,2025-10-30T12:12:24Z,2026-09-01T00:00:00Z,0.52,duplicate_observation,OBS_012591
IDENT_004425,ACT_0014,handle,NightLedger,SRC_005261,2024-01-23T02:17:28Z,2024-10-29T02:17:28Z,0.5,duplicate_observation,OBS_005147
IDENT_004426,ACT_0056,handle,VoidCipher,SRC_004959,2026-10-12T00:00:00Z,2026-09-01T00:00:00Z,0.26,duplicate_observation,OBS_009309
IDENT_004427,ACT_0034,handle,ObsidianMoth89,SRC_005642,2026-10-11T00:00:00Z,2026-09-01T00:00:00Z,0.1,duplicate_observation,
IDENT_004428,ACT_0011,handle,IronSpecter,SRC_002506,2026-10-30T00:00:00Z,2026-09-01T00:00:00Z,0.1,duplicate_observation,OBS_004002
IDENT_004429,ACT_0013,handle,NightWarden,SRC_001894,2026-09-22T00:00:00Z,2026-09-01T00:00:00Z,0.22,duplicate_observation,OBS_010725
IDENT_004430,ACT_0017,handle,BlackCipher,SRC_004785,2026-09-08T11:28:43Z,2026-09-01T00:00:00Z,0.42,duplicate_observation,OBS_011660
IDENT_004431,ACT_0022,handle,CrimsonVector47,SRC_000063,2024-03-16T11:56:59Z,2025-07-27T11:56:59Z,0.45,duplicate_observation,
IDENT_004432,ACT_0040,handle,StormPulse,SRC_005101,2026-10-17T00:00:00Z,2026-09-01T00:00:00Z,0.28,duplicate_observation,
IDENT_004433,ACT_0049,handle,EmberSignal,SRC_000887,2026-05-29T01:19:15Z,2026-09-01T00:00:00Z,0.55,duplicate_observation,
IDENT_004434,ACT_0009,handle,WraithHex25,SRC_001547,2026-10-04T00:00:00Z,2026-09-01T00:00:00Z,0.14,duplicate_observation,
IDENT_004435,ACT_0016,handle,ChromeGrid,SRC_002765,2025-09-12T15:47:40Z,2026-03-01T15:47:40Z,0.28,duplicate_observation,
IDENT_004436,ACT_0002,handle,ShadowDrift,SRC_000115,2025-02-01T10:13:48Z,2025-02-28T10:13:48Z,0.48,duplicate_observation,OBS_008389
IDENT_004437,ACT_0054,handle,ShadowGrid,SRC_001388,2026-10-08T00:00:00Z,2026-09-01T00:00:00Z,0.26,duplicate_observation,
IDENT_004438,ACT_0025,handle,TalonEcho,SRC_003710,2026-09-22T00:00:00Z,2026-09-01T00:00:00Z,0.61,duplicate_observation,
IDENT_004439,ACT_0022,handle,CrimsonVector47,SRC_003400,2024-03-13T11:56:59Z,2025-07-30T11:56:59Z,0.25,duplicate_observation,
IDENT_004440,ACT_0022,handle,CrimsonVector47,SRC_004010,2024-03-20T11:56:59Z,2025-07-23T11:56:59Z,0.38,duplicate_observation,OBS_014043
IDENT_004441,ACT_0009,handle,BlackHarbor,SRC_002213,2026-08-06T04:53:06Z,2026-09-01T00:00:00Z,0.32,duplicate_observation,
IDENT_004442,ACT_0048,handle,CrimsonTrace,SRC_000647,2024-08-10T21:47:44Z,2025-11-09T21:47:44Z,0.27,duplicate_observation,
IDENT_004443,ACT_0016,handle,PhantomHollow,SRC_001036,2025-03-07T15:47:40Z,2025-08-29T15:47:40Z,0.7,duplicate_observation,OBS_014259
IDENT_004444,ACT_0010,handle,SilentFox,SRC_005143,2026-05-24T20:43:57Z,2026-09-01T00:00:00Z,0.54,duplicate_observation,OBS_004379
IDENT_004445,ACT_0017,handle,ChromeSignal,SRC_001183,2024-12-18T11:28:43Z,2025-06-20T11:28:43Z,0.69,duplicate_observation,
IDENT_004446,ACT_0008,handle,SilentPulse,SRC_004067,2025-10-12T10:13:36Z,2026-08-26T10:13:36Z,0.18,duplicate_observation,
IDENT_004447,ACT_0050,handle,RogueWarden,SRC_005615,2026-10-29T00:00:00Z,2026-09-01T00:00:00Z,0.26,duplicate_observation,
IDENT_004448,ACT_0009,handle,WraithHex25,SRC_002499,2026-10-07T00:00:00Z,2026-09-01T00:00:00Z,0.23,duplicate_observation,
IDENT_004449,ACT_0011,handle,IronSpecter,SRC_002421,2026-11-01T00:00:00Z,2026-09-01T00:00:00Z,0.27,duplicate_observation,OBS_008888
IDENT_004450,ACT_0029,handle,ChromeHex39,SRC_003897,2025-05-20T22:51:37Z,2026-03-08T22:51:37Z,0.56,duplicate_observation,
IDENT_004451,ACT_0045,handle,VectorCrow,SRC_002921,2024-12-13T07:17:31Z,2025-04-06T07:17:31Z,0.57,duplicate_observation,
IDENT_004452,ACT_0018,handle,GreyRunner,SRC_001197,2025-10-27T18:40:31Z,2026-09-01T00:00:00Z,0.26,duplicate_observation,
IDENT_004453,ACT_0030,handle,SilentOrbit,SRC_004287,2025-01-11T21:36:22Z,2025-08-22T21:36:22Z,0.19,duplicate_observation,
IDENT_004454,ACT_0051,handle,GreyEcho,SRC_001810,2026-07-12T11:41:03Z,2026-09-01T00:00:00Z,0.29,duplicate_observation,OBS_008548
IDENT_004455,ACT_0012,handle,CipherSpire,SRC_004602,2025-02-16T10:37:19Z,2025-11-02T10:37:19Z,0.23,duplicate_observation,
IDENT_004456,ACT_0050,handle,ShadowNode,SRC_003522,2026-10-09T00:00:00Z,2026-09-01T00:00:00Z,0.63,duplicate_observation,
IDENT_004457,ACT_0036,handle,OnyxHex,SRC_003611,2026-09-26T00:00:00Z,2026-09-01T00:00:00Z,0.38,duplicate_observation,
IDENT_004458,ACT_0034,handle,ObsidianMoth89,SRC_001107,2026-10-12T00:00:00Z,2026-09-01T00:00:00Z,0.37,duplicate_observation,
IDENT_004459,ACT_0012,handle,ObsidianRoot49,SRC_003396,2024-12-10T10:37:19Z,2025-01-27T10:37:19Z,0.34,duplicate_observation,
IDENT_004460,ACT_0040,handle,ObsidianHex,SRC_005027,2026-01-05T18:08:11Z,2026-09-01T00:00:00Z,0.57,duplicate_observation,OBS_000375
IDENT_004461,ACT_0030,handle,CrimsonForge,SRC_001838,2024-06-09T21:36:22Z,2024-12-03T21:36:22Z,0.38,duplicate_observation,OBS_004715
IDENT_004462,ACT_0017,handle,BlackCipher,SRC_005390,2026-09-16T11:28:43Z,2026-09-01T00:00:00Z,0.52,duplicate_observation,
IDENT_004463,ACT_0008,handle,FrostMoth,SRC_003114,2026-10-01T10:13:36Z,2026-09-01T00:00:00Z,0.61,duplicate_observation,OBS_007407
IDENT_004464,ACT_0051,handle,FrostSignal,SRC_002161,2026-10-13T00:00:00Z,2026-09-01T00:00:00Z,0.53,duplicate_observation,
IDENT_004465,ACT_0013,handle,VectorPulse,SRC_004302,2026-07-23T09:25:01Z,2026-09-01T00:00:00Z,0.2,duplicate_observation,
IDENT_004466,ACT_0026,handle,ChromeMarrow,SRC_003968,2025-08-01T18:43:51Z,2025-09-15T18:43:51Z,0.32,duplicate_observation,OBS_002452
IDENT_004467,ACT_0035,handle,RogueLedger,SRC_000433,2025-06-22T22:04:42Z,2026-09-01T00:00:00Z,0.19,duplicate_observation,
IDENT_004468,ACT_0056,handle,TalonCipher,SRC_004785,2026-01-08T10:20:14Z,2026-03-13T10:20:14Z,0.23,duplicate_observation,
IDENT_004469,ACT_0034,handle,DarkVector32,SRC_005052,2024-12-02T10:59:17Z,2025-08-22T10:59:17Z,0.22,duplicate_observation,OBS_003892
IDENT_004470,ACT_0040,handle,ObsidianHex,SRC_002734,2026-01-10T18:08:11Z,2026-09-01T00:00:00Z,0.42,duplicate_observation,OBS_013096
IDENT_004471,ACT_0022,handle,CrimsonVector47,SRC_001133,2024-03-08T11:56:59Z,2025-07-31T11:56:59Z,0.18,duplicate_observation,
IDENT_004472,ACT_0018,handle,DriftTrace,SRC_003712,2024-06-17T18:40:31Z,2025-10-10T18:40:31Z,0.1,duplicate_observation,
IDENT_004473,ACT_0036,handle,IronMarrow,SRC_002495,2026-10-26T00:00:00Z,2026-09-01T00:00:00Z,0.36,duplicate_observation,OBS_013237
IDENT_004474,ACT_0049,handle,EmberSignal,SRC_003517,2026-05-30T01:19:15Z,2026-09-01T00:00:00Z,0.22,duplicate_observation,OBS_002956
IDENT_004475,ACT_0032,handle,VoidHollow,SRC_000089,2026-08-11T17:55:46Z,2026-09-01T00:00:00Z,0.17,duplicate_observation,
IDENT_004476,ACT_0012,handle,CipherSpire,SRC_001454,2025-02-21T10:37:19Z,2025-11-10T10:37:19Z,0.1,duplicate_observation,
IDENT_004477,ACT_0030,handle,SilentOrbit,SRC_004740,2025-01-26T21:36:22Z,2025-08-30T21:36:22Z,0.35,duplicate_observation,
IDENT_004478,ACT_0023,handle,NullEcho,SRC_004107,2026-11-11T00:00:00Z,2026-09-01T00:00:00Z,0.31,duplicate_observation,OBS_005545
IDENT_004479,ACT_0032,handle,VoidHollow,SRC_003210,2026-08-16T17:55:46Z,2026-09-01T00:00:00Z,0.3,duplicate_observation,
IDENT_004480,ACT_0050,handle,CipherForge,SRC_001196,2026-10-10T00:00:00Z,2026-09-01T00:00:00Z,0.35,duplicate_observation,
IDENT_004481,ACT_0050,handle,CipherForge,SRC_004605,2026-10-19T00:00:00Z,2026-09-01T00:00:00Z,0.19,duplicate_observation,OBS_000019
IDENT_004482,ACT_0059,handle,VectorHex,SRC_003382,2026-10-02T00:00:00Z,2026-09-01T00:00:00Z,0.19,duplicate_observation,
IDENT_004483,ACT_0014,handle,HavocHollow,SRC_003113,2025-01-03T02:17:28Z,2025-10-10T02:17:28Z,0.39,duplicate_observation,
IDENT_004484,ACT_0044,handle,GreyMoth,SRC_005324,2024-12-08T18:00:37Z,2026-02-07T18:00:37Z,0.54,duplicate_observation,OBS_009556
IDENT_004485,ACT_0014,handle,HavocHollow,SRC_001094,2025-01-09T02:17:28Z,2025-10-26T02:17:28Z,0.1,duplicate_observation,
IDENT_004486,ACT_0051,handle,GreyEcho,SRC_002214,2026-07-13T11:41:03Z,2026-09-01T00:00:00Z,0.43,duplicate_observation,OBS_011940
IDENT_004487,ACT_0034,handle,PhantomOrbit,SRC_005190,2026-10-27T00:00:00Z,2026-09-01T00:00:00Z,0.29,duplicate_observation,OBS_002593
IDENT_004488,ACT_0011,handle,IronSpecter,SRC_001991,2026-10-29T00:00:00Z,2026-09-01T00:00:00Z,0.1,duplicate_observation,
IDENT_004489,ACT_0046,handle,WraithHarbor,SRC_000590,2026-10-24T00:00:00Z,2026-09-01T00:00:00Z,0.19,duplicate_observation,OBS_013769
IDENT_004490,ACT_0021,handle,StormLedger,SRC_003988,2026-09-26T00:00:00Z,2026-09-01T00:00:00Z,0.1,duplicate_observation,
IDENT_004491,ACT_0040,handle,FrostWolf,SRC_004346,2025-06-04T18:08:11Z,2025-11-19T18:08:11Z,0.39,duplicate_observation,OBS_007592
IDENT_004492,ACT_0009,handle,BlackHarbor,SRC_001576,2026-07-24T04:53:06Z,2026-09-01T00:00:00Z,0.14,duplicate_observation,
IDENT_004493,ACT_0042,handle,CipherFalcon,SRC_002962,2025-11-06T00:56:31Z,2026-07-27T00:56:31Z,0.65,duplicate_observation,OBS_002223
IDENT_004494,ACT_0016,handle,PhantomHollow,SRC_002048,2025-03-21T15:47:40Z,2025-09-06T15:47:40Z,0.34,duplicate_observation,
IDENT_004495,ACT_0050,handle,FrostReaper,SRC_001116,2026-07-12T02:56:43Z,2026-09-01T00:00:00Z,0.25,duplicate_observation,OBS_000248
IDENT_004496,ACT_0043,handle,CrimsonCrow,SRC_002937,2026-06-10T22:06:12Z,2026-09-01T00:00:00Z,0.46,duplicate_observation,OBS_010754
IDENT_004497,ACT_0031,handle,WraithWarden,SRC_001747,2025-09-05T19:36:25Z,2026-03-19T19:36:25Z,0.44,duplicate_observation,
IDENT_004498,ACT_0059,handle,VectorHex,SRC_002542,2026-09-28T00:00:00Z,2026-09-01T00:00:00Z,0.38,duplicate_observation,
IDENT_004499,ACT_0043,handle,UmbraRoot,SRC_002429,2025-03-09T22:06:12Z,2026-04-28T22:06:12Z,0.17,duplicate_observation,
IDENT_004500,ACT_0043,handle,UmbraRoot,SRC_001579,2025-03-04T22:06:12Z,2026-04-27T22:06:12Z,0.29,duplicate_observation,OBS_002790
IDENT_004501,ACT_0044,handle,SilentNode,SRC_005785,2026-09-12T18:00:37Z,2026-09-01T00:00:00Z,0.24,duplicate_observation,
IDENT_004502,ACT_0056,handle,VoidNode,SRC_000153,2024-09-07T10:20:14Z,2025-03-24T10:20:14Z,0.2,duplicate_observation,
IDENT_004503,ACT_0011,handle,StormMarrow12,SRC_000905,2026-05-01T12:53:27Z,2026-09-01T00:00:00Z,0.39,duplicate_observation,OBS_011691
IDENT_004504,ACT_0053,handle,DarkOrbit,SRC_003047,2026-04-07T21:22:52Z,2026-09-01T00:00:00Z,0.4,duplicate_observation,OBS_013772
IDENT_004505,ACT_0006,handle,ShadowForge,SRC_000048,2024-02-20T08:56:39Z,2024-07-13T08:56:39Z,0.33,duplicate_observation,OBS_010636
IDENT_004506,ACT_0053,handle,IronHarbor,SRC_002705,2024-08-14T21:22:52Z,2025-02-25T21:22:52Z,0.21,duplicate_observation,OBS_001648
IDENT_004507,ACT_0006,handle,ForgeVector,SRC_004824,2024-08-26T08:56:39Z,2025-08-19T08:56:39Z,0.43,duplicate_observation,OBS_000778
IDENT_004508,ACT_0029,handle,ChromeHex39,SRC_000031,2025-05-18T22:51:37Z,2026-03-09T22:51:37Z,0.63,duplicate_observation,
IDENT_004509,ACT_0035,handle,RogueLedger,SRC_003914,2025-06-24T22:04:42Z,2026-09-01T00:00:00Z,0.1,duplicate_observation,
IDENT_004510,ACT_0037,handle,VoidMoth,SRC_005795,2025-01-10T20:05:11Z,2025-07-15T20:05:11Z,0.27,duplicate_observation,
IDENT_004511,ACT_0015,handle,NullCipher,SRC_003078,2025-11-05T12:12:24Z,2026-09-01T00:00:00Z,0.26,duplicate_observation,
IDENT_004512,ACT_0003,handle,IronLedger,SRC_001725,2025-11-15T18:21:03Z,2026-09-01T00:00:00Z,0.1,duplicate_observation,OBS_006812
IDENT_004513,ACT_0056,handle,VoidCipher,SRC_004980,2026-10-26T00:00:00Z,2026-09-01T00:00:00Z,0.7,duplicate_observation,
IDENT_004514,ACT_0035,handle,CrimsonMoth,SRC_004322,2024-04-26T22:04:42Z,2025-05-16T22:04:42Z,0.18,duplicate_observation,
IDENT_004515,ACT_0046,handle,PhantomGrid,SRC_000738,2026-01-21T14:13:34Z,2026-06-28T14:13:34Z,0.64,duplicate_observation,
IDENT_004516,ACT_0006,handle,RogueRoot,SRC_001223,2025-09-20T08:56:39Z,2025-12-24T08:56:39Z,0.62,duplicate_observation,OBS_005719
IDENT_004517,ACT_0025,handle,DarkMarrow,SRC_004147,2026-05-24T13:33:59Z,2026-09-01T00:00:00Z,0.18,duplicate_observation,OBS_005829
IDENT_004518,ACT_0026,handle,ChromeMarrow,SRC_000670,2025-08-01T18:43:51Z,2025-09-12T18:43:51Z,0.51,duplicate_observation,OBS_011223
IDENT_004519,ACT_0021,handle,StormWolf89,SRC_003434,2026-10-01T00:00:00Z,2026-09-01T00:00:00Z,0.46,duplicate_observation,OBS_014144
IDENT_004520,ACT_0008,handle,FrostMoth,SRC_003172,2026-10-08T10:13:36Z,2026-09-01T00:00:00Z,0.3,duplicate_observation,
IDENT_004521,ACT_0038,handle,VectorVector,SRC_005312,2025-08-24T11:07:27Z,2025-10-27T11:07:27Z,0.57,duplicate_observation,OBS_011479
IDENT_004522,ACT_0045,handle,UmbraMarrow,SRC_001233,2025-05-16T07:17:31Z,2025-11-22T07:17:31Z,0.19,duplicate_observation,OBS_013032
IDENT_004523,ACT_0056,handle,VoidCipher,SRC_004848,2026-10-26T00:00:00Z,2026-09-01T00:00:00Z,0.69,duplicate_observation,
IDENT_004524,ACT_0039,handle,UmbraWarden,SRC_003105,2026-05-29T04:35:29Z,2026-07-11T04:35:29Z,0.1,duplicate_observation,OBS_010495
IDENT_004525,ACT_0052,handle,StormHollow,SRC_004536,2026-03-25T08:12:20Z,2026-09-01T00:00:00Z,0.19,duplicate_observation,OBS_012833
IDENT_004526,ACT_0040,handle,FrostWolf,SRC_005175,2025-06-03T18:08:11Z,2025-12-04T18:08:11Z,0.16,duplicate_observation,OBS_011116
IDENT_004527,ACT_0049,handle,EmberSignal,SRC_005382,2026-05-24T01:19:15Z,2026-09-01T00:00:00Z,0.34,duplicate_observation,OBS_003818
IDENT_004528,ACT_0050,handle,GhostCrow,SRC_003420,2026-11-08T00:00:00Z,2026-09-01T00:00:00Z,0.56,duplicate_observation,OBS_000119
IDENT_004529,ACT_0004,handle,OnyxNode,SRC_001551,2026-05-17T04:44:17Z,2026-09-01T00:00:00Z,0.7,duplicate_observation,OBS_014497
IDENT_004530,ACT_0017,handle,BlackCipher,SRC_001162,2026-09-03T11:28:43Z,2026-09-01T00:00:00Z,0.45,duplicate_observation,
IDENT_004531,ACT_0007,handle,IronWolf81,SRC_004762,2024-12-04T13:12:42Z,2025-02-03T13:12:42Z,0.1,duplicate_observation,
IDENT_004532,ACT_0005,handle,CipherHollow,SRC_002303,2026-09-15T00:00:00Z,2026-09-01T00:00:00Z,0.29,duplicate_observation,
IDENT_004533,ACT_0005,handle,SilentVector,SRC_000654,2026-07-14T07:09:23Z,2026-09-01T00:00:00Z,0.28,duplicate_observation,OBS_012719
IDENT_004534,ACT_0038,handle,VectorVector,SRC_002406,2025-08-24T11:07:27Z,2025-10-19T11:07:27Z,0.37,duplicate_observation,OBS_005504
IDENT_004535,ACT_0006,handle,ShadowForge,SRC_004382,2024-02-26T08:56:39Z,2024-07-14T08:56:39Z,0.26,duplicate_observation,OBS_010304
IDENT_004536,ACT_0011,handle,StormMarrow12,SRC_005393,2026-05-15T12:53:27Z,2026-09-01T00:00:00Z,0.41,duplicate_observation,
IDENT_004537,ACT_0035,handle,RogueLedger,SRC_003336,2025-06-22T22:04:42Z,2026-09-01T00:00:00Z,0.35,duplicate_observation,OBS_011586
IDENT_004538,ACT_0038,handle,VectorVector,SRC_005059,2025-08-14T11:07:27Z,2025-10-19T11:07:27Z,0.18,duplicate_observation,OBS_002520
IDENT_004539,ACT_0032,handle,RuneEcho,SRC_005845,2025-07-20T17:55:46Z,2026-08-02T17:55:46Z,0.5,duplicate_observation,OBS_000260
IDENT_004540,ACT_0059,handle,VectorHex,SRC_001345,2026-09-20T00:00:00Z,2026-09-01T00:00:00Z,0.36,duplicate_observation,OBS_014030
IDENT_004541,ACT_0035,handle,StormDrift,SRC_001514,2026-10-08T00:00:00Z,2026-09-01T00:00:00Z,0.27,duplicate_observation,OBS_009584
IDENT_004542,ACT_0054,handle,DarkRunner,SRC_004493,2026-06-24T15:36:14Z,2026-09-01T00:00:00Z,0.25,duplicate_observation,OBS_003063
IDENT_004543,ACT_0047,handle,AshForge54,SRC_001718,2024-11-18T22:38:20Z,2026-02-26T22:38:20Z,0.31,duplicate_observation,
IDENT_004544,ACT_0006,handle,ForgeVector,SRC_003508,2024-08-31T08:56:39Z,2025-08-18T08:56:39Z,0.2,duplicate_observation,OBS_002752
IDENT_004545,ACT_0035,handle,StormDrift,SRC_005485,2026-10-18T00:00:00Z,2026-09-01T00:00:00Z,0.51,duplicate_observation,
IDENT_004546,ACT_0041,handle,RogueSpire80,SRC_005599,2025-01-09T19:31:51Z,2025-11-02T19:31:51Z,0.38,duplicate_observation,
IDENT_004547,ACT_0023,handle,SilverPulse,SRC_002775,2026-10-15T00:00:00Z,2026-09-01T00:00:00Z,0.61,duplicate_observation,OBS_013667
IDENT_004548,ACT_0044,handle,SilentNode,SRC_002267,2026-09-24T18:00:37Z,2026-09-01T00:00:00Z,0.37,duplicate_observation,OBS_012094
IDENT_004549,ACT_0042,handle,AshFox60,SRC_002841,2025-07-11T00:56:31Z,2025-11-01T00:56:31Z,0.25,duplicate_observation,
IDENT_004550,ACT_0050,handle,ShadowNode,SRC_003160,2026-09-29T00:00:00Z,2026-09-01T00:00:00Z,0.25,duplicate_observation,
IDENT_004551,ACT_0050,handle,CipherForge,SRC_002337,2026-10-24T00:00:00Z,2026-09-01T00:00:00Z,0.31,duplicate_observation,OBS_012530
IDENT_004552,ACT_0052,handle,ZeroTrace,SRC_002487,2026-10-10T00:00:00Z,2026-09-01T00:00:00Z,0.49,duplicate_observation,OBS_011248
IDENT_004553,ACT_0026,handle,RuneCrow,SRC_002150,2025-09-23T18:43:51Z,2026-02-21T18:43:51Z,0.35,duplicate_observation,OBS_008221
IDENT_004554,ACT_0011,handle,StormMarrow12,SRC_001817,2026-05-07T12:53:27Z,2026-09-01T00:00:00Z,0.16,duplicate_observation,OBS_010122
IDENT_004555,ACT_0033,handle,TalonSentinel,SRC_002352,2025-08-02T01:20:48Z,2026-02-12T01:20:48Z,0.7,duplicate_observation,
IDENT_004556,ACT_0026,handle,BlackDrift,SRC_001227,2026-03-11T18:43:51Z,2026-09-01T00:00:00Z,0.49,duplicate_observation,OBS_003103
IDENT_004557,ACT_0052,handle,StormHollow,SRC_001471,2026-03-27T08:12:20Z,2026-09-01T00:00:00Z,0.16,duplicate_observation,OBS_008343
IDENT_004558,ACT_0057,handle,CrimsonDrift,SRC_000506,2025-11-04T19:15:51Z,2026-09-01T00:00:00Z,0.34,duplicate_observation,OBS_000925
IDENT_004559,ACT_0002,handle,ShadowDrift,SRC_003538,2025-01-26T10:13:48Z,2025-02-28T10:13:48Z,0.36,duplicate_observation,
IDENT_004560,ACT_0015,handle,IronFalcon73,SRC_000159,2026-10-29T00:00:00Z,2026-09-01T00:00:00Z,0.38,duplicate_observation,
IDENT_004561,ACT_0046,handle,VectorSentinel,SRC_000474,2026-07-06T14:13:34Z,2026-09-01T00:00:00Z,0.45,duplicate_observation,OBS_011475
IDENT_004562,ACT_0056,handle,NightCrow,SRC_003606,2025-04-12T10:20:14Z,2026-01-10T10:20:14Z,0.25,duplicate_observation,OBS_004816
IDENT_004563,ACT_0056,handle,AshShade20,SRC_002671,2026-04-23T10:20:14Z,2026-09-01T00:00:00Z,0.61,duplicate_observation,
IDENT_004564,ACT_0035,handle,RogueDrift,SRC_004897,2026-11-08T00:00:00Z,2026-09-01T00:00:00Z,0.65,duplicate_observation,OBS_014165
IDENT_004565,ACT_0012,handle,CipherSpire,SRC_005462,2025-02-11T10:37:19Z,2025-10-29T10:37:19Z,0.21,duplicate_observation,
IDENT_004566,ACT_0012,handle,CipherSpire,SRC_000219,2025-02-16T10:37:19Z,2025-11-06T10:37:19Z,0.27,duplicate_observation,OBS_012304
IDENT_004567,ACT_0055,handle,StormRunner,SRC_001065,2024-03-31T04:37:32Z,2024-07-02T04:37:32Z,0.39,duplicate_observation,OBS_002514
IDENT_004568,ACT_0029,handle,GhostShade,SRC_000896,2024-05-23T22:51:37Z,2025-04-30T22:51:37Z,0.43,duplicate_observation,
IDENT_004569,ACT_0015,handle,NullCipher,SRC_000719,2025-10-24T12:12:24Z,2026-09-01T00:00:00Z,0.2,duplicate_observation,OBS_004147
IDENT_004570,ACT_0042,handle,CipherFalcon,SRC_001033,2025-11-07T00:56:31Z,2026-07-18T00:56:31Z,0.28,duplicate_observation,
IDENT_004571,ACT_0053,handle,OnyxFang,SRC_002199,2025-03-06T21:22:52Z,2026-03-25T21:22:52Z,0.49,duplicate_observation,OBS_001648
IDENT_004572,ACT_0013,handle,NightWarden,SRC_002004,2026-09-25T00:00:00Z,2026-09-01T00:00:00Z,0.4,duplicate_observation,OBS_005299
IDENT_004573,ACT_0029,handle,GhostShade,SRC_004150,2024-05-18T22:51:37Z,2025-04-27T22:51:37Z,0.1,duplicate_observation,OBS_001743
IDENT_004574,ACT_0006,handle,RogueRoot,SRC_002647,2025-09-17T08:56:39Z,2025-12-08T08:56:39Z,0.58,duplicate_observation,
IDENT_004575,ACT_0043,handle,CrimsonCrow,SRC_003785,2026-06-17T22:06:12Z,2026-09-01T00:00:00Z,0.25,duplicate_observation,
IDENT_004576,ACT_0051,handle,SilverGrid,SRC_005530,2026-11-06T00:00:00Z,2026-09-01T00:00:00Z,0.63,duplicate_observation,
IDENT_004577,ACT_0056,handle,VoidNode,SRC_003517,2024-09-06T10:20:14Z,2025-04-03T10:20:14Z,0.1,duplicate_observation,OBS_003036
IDENT_004578,ACT_0012,handle,ObsidianRoot49,SRC_005778,2024-12-22T10:37:19Z,2025-01-25T10:37:19Z,0.1,duplicate_observation,OBS_000477
IDENT_004579,ACT_0008,handle,IronCrow,SRC_002293,2025-04-05T10:13:36Z,2025-09-09T10:13:36Z,0.23,duplicate_observation,
IDENT_004580,ACT_0051,handle,GreyEcho,SRC_001519,2026-07-06T11:41:03Z,2026-09-01T00:00:00Z,0.47,duplicate_observation,OBS_002109
IDENT_004581,ACT_0056,handle,NightCrow,SRC_001807,2025-04-05T10:20:14Z,2026-01-15T10:20:14Z,0.41,duplicate_observation,OBS_012001
IDENT_004582,ACT_0043,handle,CrimsonCrow,SRC_004900,2026-06-15T22:06:12Z,2026-09-01T00:00:00Z,0.61,duplicate_observation,
IDENT_004583,ACT_0025,handle,GhostSentinel,SRC_001242,2026-11-11T00:00:00Z,2026-09-01T00:00:00Z,0.1,duplicate_observation,OBS_009205
IDENT_004584,ACT_0046,handle,VectorSentinel,SRC_001106,2026-07-12T14:13:34Z,2026-09-01T00:00:00Z,0.23,duplicate_observation,OBS_012447
IDENT_004585,ACT_0057,handle,CrimsonDrift,SRC_003120,2025-11-06T19:15:51Z,2026-09-01T00:00:00Z,0.28,duplicate_observation,
IDENT_004586,ACT_0015,handle,SilverLedger,SRC_004000,2026-10-13T00:00:00Z,2026-09-01T00:00:00Z,0.14,duplicate_observation,OBS_010389
IDENT_004587,ACT_0049,handle,EmberSignal,SRC_004484,2026-05-24T01:19:15Z,2026-09-01T00:00:00Z,0.19,duplicate_observation,OBS_010096
IDENT_004588,ACT_0035,handle,RogueDrift,SRC_003189,2026-11-18T00:00:00Z,2026-09-01T00:00:00Z,0.17,duplicate_observation,
IDENT_004589,ACT_0034,handle,HavocSentinel54,SRC_002974,2025-10-18T10:59:17Z,2026-09-01T00:00:00Z,0.7,duplicate_observation,
IDENT_004590,ACT_0056,handle,VoidNode,SRC_004823,2024-09-01T10:20:14Z,2025-03-27T10:20:14Z,0.33,duplicate_observation,
IDENT_004591,ACT_0045,handle,VectorCrow,SRC_005221,2024-12-03T07:17:31Z,2025-03-21T07:17:31Z,0.1,duplicate_observation,OBS_000469
IDENT_004592,ACT_0046,handle,PhantomGrid,SRC_001835,2026-02-06T14:13:34Z,2026-06-25T14:13:34Z,0.4,duplicate_observation,
IDENT_004593,ACT_0009,handle,BlackHarbor,SRC_005425,2026-08-02T04:53:06Z,2026-09-01T00:00:00Z,0.65,duplicate_observation,
IDENT_004594,ACT_0060,handle,CipherEcho,SRC_001859,2026-04-21T22:48:45Z,2026-09-01T00:00:00Z,0.55,duplicate_observation,
IDENT_004595,ACT_0030,handle,CrimsonForge,SRC_002112,2024-06-08T21:36:22Z,2024-12-13T21:36:22Z,0.25,duplicate_observation,OBS_011866
IDENT_004596,ACT_0003,handle,IronLedger,SRC_002140,2025-11-26T18:21:03Z,2026-09-01T00:00:00Z,0.36,duplicate_observation,
IDENT_004597,ACT_0023,handle,SilverPulse,SRC_003890,2026-09-29T00:00:00Z,2026-09-01T00:00:00Z,0.38,duplicate_observation,
IDENT_004598,ACT_0006,handle,RogueRoot,SRC_004317,2025-09-21T08:56:39Z,2025-12-18T08:56:39Z,0.37,duplicate_observation,OBS_006978
IDENT_004599,ACT_0031,handle,WraithWarden,SRC_000228,2025-08-20T19:36:25Z,2026-03-20T19:36:25Z,0.45,duplicate_observation,
IDENT_004600,ACT_0012,handle,ObsidianRoot49,SRC_003909,2024-12-22T10:37:19Z,2025-01-12T10:37:19Z,0.46,duplicate_observation,OBS_003012
IDENT_004601,ACT_0023,handle,SilverPulse,SRC_002567,2026-10-17T00:00:00Z,2026-09-01T00:00:00Z,0.46,duplicate_observation,OBS_005061
IDENT_004602,ACT_0053,handle,OnyxFang,SRC_004712,2025-03-09T21:22:52Z,2026-03-18T21:22:52Z,0.51,duplicate_observation,OBS_009691
IDENT_004603,ACT_0026,handle,RuneCrow,SRC_003750,2025-09-23T18:43:51Z,2026-02-23T18:43:51Z,0.65,duplicate_observation,OBS_006529
IDENT_004604,ACT_0040,handle,ChromeShade,SRC_002470,2026-10-05T00:00:00Z,2026-09-01T00:00:00Z,0.33,duplicate_observation,OBS_008454
IDENT_004605,ACT_0042,handle,AshFox60,SRC_001978,2025-07-11T00:56:31Z,2025-11-10T00:56:31Z,0.62,duplicate_observation,
IDENT_004606,ACT_0040,handle,ChromeShade,SRC_005404,2026-10-13T00:00:00Z,2026-09-01T00:00:00Z,0.29,duplicate_observation,
IDENT_004607,ACT_0057,handle,CrimsonDrift,SRC_002454,2025-10-23T19:15:51Z,2026-09-01T00:00:00Z,0.21,duplicate_observation,
IDENT_004608,ACT_0004,handle,OnyxNode,SRC_001590,2026-05-09T04:44:17Z,2026-09-01T00:00:00Z,0.28,duplicate_observation,
IDENT_004609,ACT_0038,handle,VectorVector,SRC_005420,2025-08-18T11:07:27Z,2025-10-21T11:07:27Z,0.14,duplicate_observation,OBS_010593
IDENT_004610,ACT_0018,handle,DriftTrace,SRC_000863,2024-06-18T18:40:31Z,2025-10-16T18:40:31Z,0.14,duplicate_observation,OBS_006609
IDENT_004611,ACT_0009,handle,CrimsonReaper,SRC_002067,2026-10-16T00:00:00Z,2026-09-01T00:00:00Z,0.24,duplicate_observation,OBS_009401
IDENT_004612,ACT_0033,handle,TalonSentinel,SRC_003703,2025-08-11T01:20:48Z,2026-02-18T01:20:48Z,0.39,duplicate_observation,
IDENT_004613,ACT_0058,handle,PhantomDrift95,SRC_004529,2025-08-22T17:09:54Z,2025-11-18T17:09:54Z,0.58,duplicate_observation,
IDENT_004614,ACT_0025,handle,GhostSentinel,SRC_002664,2026-11-02T00:00:00Z,2026-09-01T00:00:00Z,0.18,duplicate_observation,OBS_009802
IDENT_004615,ACT_0016,handle,PhantomHollow,SRC_003414,2025-03-24T15:47:40Z,2025-08-20T15:47:40Z,0.28,duplicate_observation,OBS_008001
IDENT_004616,ACT_0055,handle,HavocSentinel,SRC_000883,2024-08-03T04:37:32Z,2025-11-27T04:37:32Z,0.22,duplicate_observation,
IDENT_004617,ACT_0037,handle,VoidMoth,SRC_002104,2025-01-23T20:05:11Z,2025-08-04T20:05:11Z,0.3,duplicate_observation,
IDENT_004618,ACT_0051,handle,FrostSignal,SRC_001294,2026-10-23T00:00:00Z,2026-09-01T00:00:00Z,0.16,duplicate_observation,OBS_009047
IDENT_004619,ACT_0056,handle,TalonCipher,SRC_004558,2026-01-24T10:20:14Z,2026-03-25T10:20:14Z,0.68,duplicate_observation,
IDENT_004620,ACT_0038,handle,CrimsonLedger,SRC_000855,2025-11-29T11:07:27Z,2026-07-12T11:07:27Z,0.7,duplicate_observation,
IDENT_004621,ACT_0037,handle,VoidMoth,SRC_000289,2025-01-03T20:05:11Z,2025-08-04T20:05:11Z,0.12,duplicate_observation,OBS_013421
IDENT_004622,ACT_0030,handle,CrimsonForge,SRC_000171,2024-06-18T21:36:22Z,2024-12-04T21:36:22Z,0.33,duplicate_observation,OBS_010716
IDENT_004623,ACT_0034,handle,PhantomOrbit,SRC_005267,2026-10-16T00:00:00Z,2026-09-01T00:00:00Z,0.1,duplicate_observation,
IDENT_004624,ACT_0014,handle,HavocHollow,SRC_005354,2025-01-09T02:17:28Z,2025-10-27T02:17:28Z,0.14,duplicate_observation,OBS_008930
IDENT_004625,ACT_0036,handle,TalonSpire,SRC_005789,2026-04-11T18:10:40Z,2026-09-01T00:00:00Z,0.65,duplicate_observation,OBS_003695
IDENT_004626,ACT_0037,handle,AshMoth,SRC_004414,2024-09-10T20:05:11Z,2024-12-04T20:05:11Z,0.21,duplicate_observation,
IDENT_004627,ACT_0008,handle,IronCrow,SRC_002267,2025-04-24T10:13:36Z,2025-08-29T10:13:36Z,0.2,duplicate_observation,OBS_010901
IDENT_004628,ACT_0034,handle,PhantomOrbit,SRC_004239,2026-10-20T00:00:00Z,2026-09-01T00:00:00Z,0.44,duplicate_observation,OBS_004259
IDENT_004629,ACT_0018,handle,GreyRunner,SRC_003895,2025-10-30T18:40:31Z,2026-09-01T00:00:00Z,0.16,duplicate_observation,OBS_011773
IDENT_004630,ACT_0030,handle,SilentOrbit,SRC_002580,2025-01-26T21:36:22Z,2025-08-22T21:36:22Z,0.28,duplicate_observation,
IDENT_004631,ACT_0055,handle,HavocSentinel,SRC_004275,2024-08-02T04:37:32Z,2025-11-20T04:37:32Z,0.45,duplicate_observation,
IDENT_004632,ACT_0021,handle,ShadowForge,SRC_001317,2026-07-27T20:32:16Z,2026-09-01T00:00:00Z,0.23,duplicate_observation,OBS_007287
IDENT_004633,ACT_0019,handle,VoidDrift,SRC_002942,2025-08-30T04:42:59Z,2026-09-01T00:00:00Z,0.39,duplicate_observation,OBS_009512
IDENT_004634,ACT_0060,handle,CipherEcho,SRC_004474,2026-04-16T22:48:45Z,2026-09-01T00:00:00Z,0.33,duplicate_observation,
IDENT_004635,ACT_0054,handle,ShadowGrid,SRC_001621,2026-09-24T00:00:00Z,2026-09-01T00:00:00Z,0.14,duplicate_observation,
IDENT_004636,ACT_0008,handle,SilentPulse,SRC_002704,2025-10-09T10:13:36Z,2026-08-22T10:13:36Z,0.11,duplicate_observation,OBS_013550
IDENT_004637,ACT_0023,handle,GreySentinel,SRC_000278,2026-09-19T00:00:00Z,2026-09-01T00:00:00Z,0.36,duplicate_observation,
IDENT_004638,ACT_0021,handle,StormLedger,SRC_004929,2026-09-11T00:00:00Z,2026-09-01T00:00:00Z,0.63,duplicate_observation,OBS_011595
IDENT_004639,ACT_0051,handle,FrostSignal,SRC_004897,2026-10-19T00:00:00Z,2026-09-01T00:00:00Z,0.12,duplicate_observation,OBS_011401
IDENT_004640,ACT_0001,handle,SilentTrace,SRC_002632,2024-02-13T20:28:06Z,2024-12-13T20:28:06Z,0.13,duplicate_observation,OBS_011939
IDENT_004641,ACT_0032,handle,RuneEcho,SRC_004430,2025-07-29T17:55:46Z,2026-08-05T17:55:46Z,0.2,duplicate_observation,
IDENT_004642,ACT_0054,handle,ShadowGrid,SRC_001382,2026-09-26T00:00:00Z,2026-09-01T00:00:00Z,0.67,duplicate_observation,OBS_012213
IDENT_004643,ACT_0036,handle,IronMarrow,SRC_002365,2026-10-21T00:00:00Z,2026-09-01T00:00:00Z,0.1,duplicate_observation,
IDENT_004644,ACT_0008,handle,FrostMoth,SRC_005733,2026-10-08T10:13:36Z,2026-09-01T00:00:00Z,0.22,duplicate_observation,OBS_010618
IDENT_004645,ACT_0039,handle,UmbraWarden,SRC_003584,2026-06-01T04:35:29Z,2026-07-09T04:35:29Z,0.68,duplicate_observation,OBS_006148
IDENT_004646,ACT_0056,handle,NightCrow,SRC_002335,2025-04-17T10:20:14Z,2026-01-08T10:20:14Z,0.21,duplicate_observation,OBS_014055
IDENT_004647,ACT_0002,handle,ShadowDrift,SRC_001909,2025-01-21T10:13:48Z,2025-02-26T10:13:48Z,0.51,duplicate_observation,OBS_002329
IDENT_004648,ACT_0023,handle,SilverPulse,SRC_004716,2026-10-18T00:00:00Z,2026-09-01T00:00:00Z,0.32,duplicate_observation,
IDENT_004649,ACT_0059,handle,FrostRunner37,SRC_003215,2026-10-15T00:00:00Z,2026-09-01T00:00:00Z,0.29,duplicate_observation,OBS_012051
IDENT_004650,ACT_0002,handle,ShadowDrift,SRC_000724,2025-02-03T10:13:48Z,2025-02-26T10:13:48Z,0.5,duplicate_observation,OBS_006760
IDENT_004651,ACT_0029,handle,ChromeHex39,SRC_005559,2025-05-09T22:51:37Z,2026-03-13T22:51:37Z,0.44,duplicate_observation,OBS_005433
IDENT_004652,ACT_0008,handle,FrostMoth,SRC_000425,2026-10-09T10:13:36Z,2026-09-01T00:00:00Z,0.31,duplicate_observation,
IDENT_004653,ACT_0026,handle,RuneCrow,SRC_003377,2025-09-06T18:43:51Z,2026-03-05T18:43:51Z,0.52,duplicate_observation,OBS_003026
IDENT_004654,ACT_0011,handle,StormMarrow12,SRC_004847,2026-05-16T12:53:27Z,2026-09-01T00:00:00Z,0.11,duplicate_observation,OBS_007446
IDENT_004655,ACT_0031,handle,StormMarrow37,SRC_001049,2025-03-08T19:36:25Z,2025-07-25T19:36:25Z,0.44,duplicate_observation,OBS_007874
IDENT_004656,ACT_0052,handle,IronRunner,SRC_000653,2025-07-26T08:12:20Z,2026-03-08T08:12:20Z,0.34,duplicate_observation,OBS_013694
IDENT_004657,ACT_0007,handle,IronWolf81,SRC_001529,2024-12-04T13:12:42Z,2025-02-04T13:12:42Z,0.22,duplicate_observation,OBS_001324
IDENT_004658,ACT_0009,handle,BlackHarbor,SRC_004240,2026-08-02T04:53:06Z,2026-09-01T00:00:00Z,0.33,duplicate_observation,
IDENT_004659,ACT_0017,handle,ChromeSignal,SRC_000121,2024-12-16T11:28:43Z,2025-06-17T11:28:43Z,0.49,duplicate_observation,OBS_001405
IDENT_004660,ACT_0054,handle,DarkRunner,SRC_000623,2026-06-26T15:36:14Z,2026-09-01T00:00:00Z,0.7,duplicate_observation,OBS_012918
IDENT_004661,ACT_0050,handle,FrostReaper,SRC_005695,2026-07-05T02:56:43Z,2026-09-01T00:00:00Z,0.38,duplicate_observation,OBS_008270
IDENT_004662,ACT_0055,handle,HavocSentinel,SRC_003858,2024-08-04T04:37:32Z,2025-11-25T04:37:32Z,0.16,duplicate_observation,OBS_002827
IDENT_004663,ACT_0038,handle,CrimsonLedger,SRC_000324,2025-11-12T11:07:27Z,2026-07-15T11:07:27Z,0.3,duplicate_observation,
IDENT_004664,ACT_0027,handle,CrimsonWolf,SRC_005698,2024-08-05T01:12:14Z,2025-10-10T01:12:14Z,0.24,duplicate_observation,
IDENT_004665,ACT_0034,handle,DarkVector32,SRC_003878,2024-11-24T10:59:17Z,2025-08-26T10:59:17Z,0.61,duplicate_observation,OBS_002121
IDENT_004666,ACT_0055,handle,StormRunner,SRC_003097,2024-03-28T04:37:32Z,2024-06-17T04:37:32Z,0.28,duplicate_observation,
IDENT_004667,ACT_0048,handle,CrimsonTrace,SRC_000356,2024-08-06T21:47:44Z,2025-11-02T21:47:44Z,0.11,duplicate_observation,OBS_003992
IDENT_004668,ACT_0006,handle,ShadowForge,SRC_003130,2024-03-06T08:56:39Z,2024-07-09T08:56:39Z,0.27,duplicate_observation,OBS_000331
IDENT_004669,ACT_0032,handle,VoidHollow,SRC_004998,2026-07-29T17:55:46Z,2026-09-01T00:00:00Z,0.36,duplicate_observation,
IDENT_004670,ACT_0011,handle,IronSpecter,SRC_005422,2026-11-14T00:00:00Z,2026-09-01T00:00:00Z,0.32,duplicate_observation,OBS_010212
IDENT_004671,ACT_0049,handle,EmberSignal,SRC_003367,2026-05-23T01:19:15Z,2026-09-01T00:00:00Z,0.22,duplicate_observation,OBS_001326
IDENT_004672,ACT_0012,handle,CipherSpire,SRC_000361,2025-02-03T10:37:19Z,2025-10-27T10:37:19Z,0.1,duplicate_observation,
IDENT_004673,ACT_0019,handle,VoidDrift,SRC_005713,2025-08-30T04:42:59Z,2026-09-01T00:00:00Z,0.7,duplicate_observation,OBS_004747
IDENT_004674,ACT_0021,handle,StormWolf89,SRC_003334,2026-10-12T00:00:00Z,2026-09-01T00:00:00Z,0.31,duplicate_observation,
IDENT_004675,ACT_0027,handle,RuneWarden,SRC_003811,2024-04-20T01:12:14Z,2024-06-15T01:12:14Z,0.7,duplicate_observation,OBS_010295
IDENT_004676,ACT_0016,handle,ChromeGrid,SRC_000118,2025-09-11T15:47:40Z,2026-02-27T15:47:40Z,0.48,duplicate_observation,
IDENT_004677,ACT_0019,handle,EmberWolf,SRC_005843,2026-10-21T00:00:00Z,2026-09-01T00:00:00Z,0.1,duplicate_observation,OBS_000665
IDENT_004678,ACT_0041,handle,RogueSpire80,SRC_004728,2025-01-10T19:31:51Z,2025-10-31T19:31:51Z,0.1,duplicate_observation,OBS_002114
IDENT_004679,ACT_0032,handle,RuneEcho,SRC_002087,2025-07-26T17:55:46Z,2026-07-28T17:55:46Z,0.45,duplicate_observation,OBS_010239
IDENT_004680,ACT_0021,handle,StormWolf89,SRC_003250,2026-10-10T00:00:00Z,2026-09-01T00:00:00Z,0.29,duplicate_observation,OBS_008199
IDENT_004681,ACT_0013,handle,NightWarden,SRC_005400,2026-09-19T00:00:00Z,2026-09-01T00:00:00Z,0.38,duplicate_observation,OBS_003806
IDENT_004682,ACT_0036,handle,IronMarrow,SRC_004060,2026-11-08T00:00:00Z,2026-09-01T00:00:00Z,0.28,duplicate_observation,OBS_011868
IDENT_004683,ACT_0059,handle,VectorHex,SRC_002239,2026-09-30T00:00:00Z,2026-09-01T00:00:00Z,0.32,duplicate_observation,
IDENT_004684,ACT_0052,handle,ZeroTrace,SRC_003641,2026-10-20T00:00:00Z,2026-09-01T00:00:00Z,0.37,duplicate_observation,OBS_009690
IDENT_004685,ACT_0014,handle,NightLedger,SRC_005215,2024-01-18T02:17:28Z,2024-11-12T02:17:28Z,0.24,duplicate_observation,
IDENT_004686,ACT_0030,handle,CrimsonForge,SRC_004120,2024-06-19T21:36:22Z,2024-12-03T21:36:22Z,0.29,duplicate_observation,
IDENT_004687,ACT_0031,handle,RogueReaper,SRC_004331,2026-04-18T19:36:25Z,2026-09-01T00:00:00Z,0.33,duplicate_observation,OBS_008804
IDENT_004688,ACT_0058,handle,DarkSignal,SRC_001235,2025-12-30T17:09:54Z,2026-09-01T00:00:00Z,0.24,duplicate_observation,OBS_005392
IDENT_004689,ACT_0030,handle,CrimsonForge,SRC_003771,2024-06-14T21:36:22Z,2024-12-11T21:36:22Z,0.44,duplicate_observation,OBS_009278
IDENT_004690,ACT_0009,handle,CrimsonReaper,SRC_001071,2026-10-02T00:00:00Z,2026-09-01T00:00:00Z,0.7,duplicate_observation,
IDENT_004691,ACT_0034,handle,PhantomOrbit,SRC_003907,2026-10-20T00:00:00Z,2026-09-01T00:00:00Z,0.36,duplicate_observation,OBS_005817
IDENT_004692,ACT_0035,handle,RogueDrift,SRC_000758,2026-11-15T00:00:00Z,2026-09-01T00:00:00Z,0.36,duplicate_observation,
IDENT_004693,ACT_0050,handle,FrostReaper,SRC_003243,2026-06-29T02:56:43Z,2026-09-01T00:00:00Z,0.11,duplicate_observation,OBS_003102
IDENT_004694,ACT_0008,handle,RuneLedger,SRC_003231,2024-12-28T10:13:36Z,2025-03-21T10:13:36Z,0.23,duplicate_observation,OBS_014436
IDENT_004695,ACT_0026,handle,ChromeMarrow,SRC_005465,2025-08-01T18:43:51Z,2025-09-17T18:43:51Z,0.2,duplicate_observation,OBS_012853
IDENT_004696,ACT_0051,handle,SilverGrid,SRC_004488,2026-11-04T00:00:00Z,2026-09-01T00:00:00Z,0.53,duplicate_observation,
IDENT_004697,ACT_0058,handle,DarkSignal,SRC_005742,2026-01-14T17:09:54Z,2026-09-01T00:00:00Z,0.25,duplicate_observation,OBS_001412
IDENT_004698,ACT_0016,handle,ChromeGrid,SRC_002409,2025-09-15T15:47:40Z,2026-02-27T15:47:40Z,0.26,duplicate_observation,OBS_002483
IDENT_004699,ACT_0029,handle,GhostShade,SRC_001855,2024-05-12T22:51:37Z,2025-05-05T22:51:37Z,0.3,duplicate_observation,
IDENT_004700,ACT_0044,handle,NightSentinel32,SRC_000464,2026-03-12T18:00:37Z,2026-07-27T18:00:37Z,0.31,duplicate_observation,OBS_014068
IDENT_004701,ACT_0003,handle,IronLedger,SRC_001430,2025-11-18T18:21:03Z,2026-09-01T00:00:00Z,0.24,duplicate_observation,
IDENT_004702,ACT_0020,handle,ZeroOrbit,SRC_000635,2026-03-11T15:43:16Z,2026-09-01T00:00:00Z,0.1,duplicate_observation,
IDENT_004703,ACT_0030,handle,SilentOrbit,SRC_002552,2025-01-17T21:36:22Z,2025-08-22T21:36:22Z,0.7,duplicate_observation,
IDENT_004704,ACT_0010,handle,HavocSpire71,SRC_000239,2026-09-19T00:00:00Z,2026-09-01T00:00:00Z,0.32,duplicate_observation,
IDENT_004705,ACT_0018,handle,GreyRunner,SRC_004190,2025-11-03T18:40:31Z,2026-09-01T00:00:00Z,0.14,duplicate_observation,OBS_008096
IDENT_004706,ACT_0046,handle,PhantomGrid,SRC_004701,2026-01-30T14:13:34Z,2026-07-13T14:13:34Z,0.62,duplicate_observation,OBS_010526
IDENT_004707,ACT_0020,handle,NightCipher,SRC_002004,2026-11-03T00:00:00Z,2026-09-01T00:00:00Z,0.38,duplicate_observation,OBS_007159
IDENT_004708,ACT_0051,handle,SilverGrid,SRC_005017,2026-11-17T00:00:00Z,2026-09-01T00:00:00Z,0.16,duplicate_observation,
IDENT_004709,ACT_0040,handle,FrostWolf,SRC_002416,2025-05-30T18:08:11Z,2025-11-26T18:08:11Z,0.2,duplicate_observation,
IDENT_004710,ACT_0036,handle,TalonSpire,SRC_004764,2026-04-28T18:10:40Z,2026-09-01T00:00:00Z,0.1,duplicate_observation,OBS_007766
IDENT_004711,ACT_0005,handle,SilentVector,SRC_000934,2026-07-13T07:09:23Z,2026-09-01T00:00:00Z,0.52,duplicate_observation,
IDENT_004712,ACT_0056,handle,AshShade20,SRC_004631,2026-05-07T10:20:14Z,2026-09-01T00:00:00Z,0.14,duplicate_observation,OBS_001970
IDENT_004713,ACT_0009,handle,WraithHex25,SRC_000829,2026-10-12T00:00:00Z,2026-09-01T00:00:00Z,0.47,duplicate_observation,OBS_001784
IDENT_004714,ACT_0025,handle,ChromeOrbit,SRC_004168,2026-09-17T00:00:00Z,2026-09-01T00:00:00Z,0.26,duplicate_observation,OBS_003912
IDENT_004715,ACT_0026,handle,RuneCrow,SRC_003622,2025-09-19T18:43:51Z,2026-02-23T18:43:51Z,0.16,duplicate_observation,OBS_000937
IDENT_004716,ACT_0032,handle,RuneEcho,SRC_003304,2025-08-09T17:55:46Z,2026-07-22T17:55:46Z,0.18,duplicate_observation,
IDENT_004717,ACT_0053,handle,IronHarbor,SRC_002506,2024-08-05T21:22:52Z,2025-02-10T21:22:52Z,0.1,duplicate_observation,
IDENT_004718,ACT_0009,handle,BlackHarbor,SRC_000886,2026-07-25T04:53:06Z,2026-09-01T00:00:00Z,0.13,duplicate_observation,
IDENT_004719,ACT_0020,handle,BlackRoot71,SRC_003891,2025-11-09T15:43:16Z,2026-03-07T15:43:16Z,0.25,duplicate_observation,
IDENT_004720,ACT_0053,handle,OnyxFang,SRC_005278,2025-02-26T21:22:52Z,2026-03-20T21:22:52Z,0.14,duplicate_observation,OBS_003131
IDENT_004721,ACT_0025,handle,ChromeOrbit,SRC_004751,2026-09-14T00:00:00Z,2026-09-01T00:00:00Z,0.6,duplicate_observation,OBS_006364
IDENT_004722,ACT_0044,handle,SilentNode,SRC_005658,2026-09-29T18:00:37Z,2026-09-01T00:00:00Z,0.65,duplicate_observation,OBS_009294
IDENT_004723,ACT_0010,handle,HavocSpire71,SRC_000290,2026-09-18T00:00:00Z,2026-09-01T00:00:00Z,0.14,duplicate_observation,OBS_007651
IDENT_004724,ACT_0051,handle,SilverGrid,SRC_002646,2026-11-06T00:00:00Z,2026-09-01T00:00:00Z,0.42,duplicate_observation,OBS_005707
IDENT_004725,ACT_0050,handle,CipherForge,SRC_000594,2026-10-28T00:00:00Z,2026-09-01T00:00:00Z,0.3,duplicate_observation,
IDENT_004726,ACT_0051,handle,GreyEcho,SRC_001859,2026-07-12T11:41:03Z,2026-09-01T00:00:00Z,0.44,duplicate_observation,OBS_000853
IDENT_004727,ACT_0003,handle,GreyRoot,SRC_003733,2024-08-09T18:21:03Z,2025-10-29T18:21:03Z,0.37,duplicate_observation,OBS_011549
IDENT_004728,ACT_0059,handle,VectorHex,SRC_004866,2026-09-26T00:00:00Z,2026-09-01T00:00:00Z,0.26,duplicate_observation,
IDENT_004729,ACT_0038,handle,CrimsonLedger,SRC_003099,2025-11-23T11:07:27Z,2026-07-12T11:07:27Z,0.53,duplicate_observation,OBS_014044
IDENT_004730,ACT_0056,handle,VoidCipher,SRC_001593,2026-10-18T00:00:00Z,2026-09-01T00:00:00Z,0.19,duplicate_observation,
IDENT_004731,ACT_0023,handle,GreyOrbit,SRC_003028,2026-04-28T00:01:56Z,2026-09-01T00:00:00Z,0.38,duplicate_observation,OBS_006071
IDENT_004732,ACT_0011,handle,IronSpecter,SRC_000541,2026-11-07T00:00:00Z,2026-09-01T00:00:00Z,0.1,duplicate_observation,OBS_011691
IDENT_004733,ACT_0023,handle,SilverPulse,SRC_000520,2026-10-03T00:00:00Z,2026-09-01T00:00:00Z,0.6,duplicate_observation,
IDENT_004734,ACT_0030,handle,CrimsonForge,SRC_003753,2024-06-20T21:36:22Z,2024-12-14T21:36:22Z,0.13,duplicate_observation,
IDENT_004735,ACT_0006,handle,ForgeVector,SRC_003694,2024-08-15T08:56:39Z,2025-08-29T08:56:39Z,0.25,duplicate_observation,
IDENT_004736,ACT_0022,handle,CrimsonVector47,SRC_003525,2024-03-23T11:56:59Z,2025-07-14T11:56:59Z,0.27,duplicate_observation,OBS_012157
IDENT_004737,ACT_0054,handle,ShadowGrid,SRC_000637,2026-10-08T00:00:00Z,2026-09-01T00:00:00Z,0.34,duplicate_observation,
IDENT_004738,ACT_0055,handle,StormRunner,SRC_003797,2024-03-14T04:37:32Z,2024-06-22T04:37:32Z,0.1,duplicate_observation,OBS_004435
IDENT_004739,ACT_0056,handle,VoidNode,SRC_004558,2024-09-07T10:20:14Z,2025-03-17T10:20:14Z,0.52,duplicate_observation,
IDENT_004740,ACT_0036,handle,TalonSpire,SRC_003772,2026-04-16T18:10:40Z,2026-09-01T00:00:00Z,0.27,duplicate_observation,OBS_008858
IDENT_004741,ACT_0005,handle,CipherHollow,SRC_005262,2026-09-13T00:00:00Z,2026-09-01T00:00:00Z,0.55,duplicate_observation,
IDENT_004742,ACT_0054,handle,DarkRunner,SRC_005137,2026-06-27T15:36:14Z,2026-09-01T00:00:00Z,0.34,duplicate_observation,
IDENT_004743,ACT_0058,handle,PhantomDrift95,SRC_000609,2025-08-27T17:09:54Z,2025-11-24T17:09:54Z,0.53,duplicate_observation,OBS_012488
IDENT_004744,ACT_0004,handle,OnyxNode,SRC_002447,2026-04-27T04:44:17Z,2026-09-01T00:00:00Z,0.31,duplicate_observation,
IDENT_004745,ACT_0026,handle,RuneCrow,SRC_003249,2025-09-11T18:43:51Z,2026-03-01T18:43:51Z,0.21,duplicate_observation,
IDENT_004746,ACT_0002,handle,ShadowDrift,SRC_004507,2025-02-02T10:13:48Z,2025-03-07T10:13:48Z,0.18,duplicate_observation,OBS_000200
IDENT_004747,ACT_0016,handle,PhantomHollow,SRC_005694,2025-03-22T15:47:40Z,2025-08-19T15:47:40Z,0.56,duplicate_observation,
IDENT_004748,ACT_0059,handle,VectorHex,SRC_001822,2026-10-03T00:00:00Z,2026-09-01T00:00:00Z,0.4,duplicate_observation,
IDENT_004749,ACT_0020,handle,EmberNode,SRC_000316,2026-09-23T00:00:00Z,2026-09-01T00:00:00Z,0.36,duplicate_observation,
IDENT_004750,ACT_0020,handle,NightCipher,SRC_005082,2026-11-07T00:00:00Z,2026-09-01T00:00:00Z,0.41,duplicate_observation,
IDENT_004751,ACT_0004,handle,OnyxNode,SRC_001824,2026-05-09T04:44:17Z,2026-09-01T00:00:00Z,0.52,duplicate_observation,
IDENT_004752,ACT_0036,handle,TalonSpire,SRC_001321,2026-04-10T18:10:40Z,2026-09-01T00:00:00Z,0.3,duplicate_observation,
IDENT_004753,ACT_0009,handle,BlackHarbor,SRC_004066,2026-07-24T04:53:06Z,2026-09-01T00:00:00Z,0.7,duplicate_observation,
IDENT_004754,ACT_0058,handle,PhantomDrift95,SRC_001071,2025-09-06T17:09:54Z,2025-11-09T17:09:54Z,0.43,duplicate_observation,OBS_011452
IDENT_004755,ACT_0042,handle,CipherFalcon,SRC_004858,2025-11-12T00:56:31Z,2026-07-19T00:56:31Z,0.53,duplicate_observation,
IDENT_004756,ACT_0052,handle,StormHollow,SRC_002368,2026-04-01T08:12:20Z,2026-09-01T00:00:00Z,0.51,duplicate_observation,
IDENT_004757,ACT_0030,handle,OnyxRoot,SRC_004116,2025-10-18T21:36:22Z,2026-08-25T21:36:22Z,0.48,duplicate_observation,
IDENT_004758,ACT_0026,handle,BlackDrift,SRC_003387,2026-03-11T18:43:51Z,2026-09-01T00:00:00Z,0.16,duplicate_observation,OBS_000343
IDENT_004759,ACT_0036,handle,OnyxHex,SRC_002026,2026-09-18T00:00:00Z,2026-09-01T00:00:00Z,0.45,duplicate_observation,OBS_013797
IDENT_004760,ACT_0015,handle,SilverLedger,SRC_001378,2026-10-10T00:00:00Z,2026-09-01T00:00:00Z,0.36,duplicate_observation,
IDENT_004761,ACT_0032,handle,VoidHollow,SRC_000928,2026-07-28T17:55:46Z,2026-09-01T00:00:00Z,0.22,duplicate_observation,OBS_011560
IDENT_004762,ACT_0008,handle,SilentPulse,SRC_003769,2025-10-06T10:13:36Z,2026-08-24T10:13:36Z,0.57,duplicate_observation,OBS_009672
IDENT_004763,ACT_0043,handle,CrimsonCrow,SRC_002755,2026-06-21T22:06:12Z,2026-09-01T00:00:00Z,0.36,duplicate_observation,
IDENT_004764,ACT_0027,handle,CrimsonWolf,SRC_003649,2024-08-10T01:12:14Z,2025-10-22T01:12:14Z,0.37,duplicate_observation,OBS_010013
IDENT_004765,ACT_0032,handle,RuneEcho,SRC_004025,2025-08-02T17:55:46Z,2026-08-01T17:55:46Z,0.39,duplicate_observation,
IDENT_004766,ACT_0027,handle,CrimsonWolf,SRC_001837,2024-07-27T01:12:14Z,2025-10-19T01:12:14Z,0.44,duplicate_observation,
IDENT_004767,ACT_0013,handle,VectorNode,SRC_002815,2026-10-29T00:00:00Z,2026-09-01T00:00:00Z,0.52,duplicate_observation,
IDENT_004768,ACT_0030,handle,SilentOrbit,SRC_003827,2025-01-22T21:36:22Z,2025-09-01T21:36:22Z,0.14,duplicate_observation,OBS_004715
IDENT_004769,ACT_0021,handle,StormLedger,SRC_001603,2026-10-01T00:00:00Z,2026-09-01T00:00:00Z,0.36,duplicate_observation,
IDENT_004770,ACT_0011,handle,StormMarrow12,SRC_004248,2026-04-26T12:53:27Z,2026-09-01T00:00:00Z,0.3,duplicate_observation,
IDENT_004771,ACT_0015,handle,NullCipher,SRC_004482,2025-10-25T12:12:24Z,2026-09-01T00:00:00Z,0.31,duplicate_observation,OBS_010775
IDENT_004772,ACT_0054,handle,ShadowGrid,SRC_001494,2026-10-06T00:00:00Z,2026-09-01T00:00:00Z,0.19,duplicate_observation,OBS_001309
IDENT_004773,ACT_0059,handle,NullWolf,SRC_003481,2026-07-15T16:19:50Z,2026-09-01T00:00:00Z,0.45,duplicate_observation,
IDENT_004774,ACT_0051,handle,SilverGrid,SRC_003525,2026-11-01T00:00:00Z,2026-09-01T00:00:00Z,0.1,duplicate_observation,OBS_011832
IDENT_004775,ACT_0011,handle,IronSpecter,SRC_002690,2026-10-28T00:00:00Z,2026-09-01T00:00:00Z,0.42,duplicate_observation,
IDENT_004776,ACT_0008,handle,IronCrow,SRC_001027,2025-04-15T10:13:36Z,2025-08-30T10:13:36Z,0.52,duplicate_observation,
IDENT_004777,ACT_0040,handle,ChromeShade,SRC_003253,2026-09-30T00:00:00Z,2026-09-01T00:00:00Z,0.7,duplicate_observation,OBS_007315
IDENT_004778,ACT_0054,handle,UmbraHollow,SRC_003579,2026-02-09T15:36:14Z,2026-05-12T15:36:14Z,0.19,duplicate_observation,OBS_003180
IDENT_004779,ACT_0046,handle,ObsidianFalcon,SRC_000159,2025-09-21T14:13:34Z,2026-01-15T14:13:34Z,0.15,duplicate_observation,OBS_007055
IDENT_004780,ACT_0054,handle,ShadowGrid,SRC_004096,2026-10-04T00:00:00Z,2026-09-01T00:00:00Z,0.1,duplicate_observation,OBS_013095
IDENT_004781,ACT_0010,handle,SilentFox,SRC_003008,2026-06-04T20:43:57Z,2026-09-01T00:00:00Z,0.15,duplicate_observation,OBS_002763
IDENT_004782,ACT_0020,handle,NightCipher,SRC_001706,2026-11-08T00:00:00Z,2026-09-01T00:00:00Z,0.15,duplicate_observation,OBS_004158
IDENT_004783,ACT_0054,handle,DarkRunner,SRC_005434,2026-07-02T15:36:14Z,2026-09-01T00:00:00Z,0.37,duplicate_observation,OBS_004547
IDENT_004784,ACT_0006,handle,RogueRoot,SRC_003660,2025-09-13T08:56:39Z,2025-12-08T08:56:39Z,0.42,duplicate_observation,
IDENT_004785,ACT_0042,handle,ObsidianWarden,SRC_002017,2025-05-20T00:56:31Z,2025-06-27T00:56:31Z,0.32,duplicate_observation,OBS_005496
IDENT_004786,ACT_0036,handle,TalonSpire,SRC_001964,2026-04-22T18:10:40Z,2026-09-01T00:00:00Z,0.45,duplicate_observation,OBS_011193
IDENT_004787,ACT_0040,handle,FrostWolf,SRC_003843,2025-06-03T18:08:11Z,2025-11-22T18:08:11Z,0.1,duplicate_observation,
IDENT_004788,ACT_0031,handle,StormMarrow37,SRC_000745,2025-03-23T19:36:25Z,2025-08-01T19:36:25Z,0.21,duplicate_observation,
IDENT_004789,ACT_0020,handle,ZeroOrbit,SRC_003008,2026-03-30T15:43:16Z,2026-09-01T00:00:00Z,0.39,duplicate_observation,
IDENT_004790,ACT_0017,handle,UmbraSpire59,SRC_001344,2025-08-13T11:28:43Z,2026-08-06T11:28:43Z,0.39,duplicate_observation,
IDENT_004791,ACT_0032,handle,VoidHollow,SRC_000333,2026-08-16T17:55:46Z,2026-09-01T00:00:00Z,0.37,duplicate_observation,
IDENT_004792,ACT_0027,handle,CrimsonWolf,SRC_005251,2024-08-08T01:12:14Z,2025-10-17T01:12:14Z,0.21,duplicate_observation,
IDENT_004793,ACT_0059,handle,FrostRunner37,SRC_004359,2026-10-27T00:00:00Z,2026-09-01T00:00:00Z,0.35,duplicate_observation,
IDENT_004794,ACT_0045,handle,UmbraMarrow,SRC_002420,2025-04-29T07:17:31Z,2025-11-15T07:17:31Z,0.5,duplicate_observation,
IDENT_004795,ACT_0020,handle,BlackRoot71,SRC_003947,2025-11-16T15:43:16Z,2026-03-01T15:43:16Z,0.52,duplicate_observation,
IDENT_004796,ACT_0014,handle,HavocHollow,SRC_000734,2025-01-07T02:17:28Z,2025-10-20T02:17:28Z,0.2,duplicate_observation,OBS_013343
IDENT_004797,ACT_0017,handle,UmbraSpire59,SRC_003631,2025-08-12T11:28:43Z,2026-08-04T11:28:43Z,0.11,duplicate_observation,OBS_008185
IDENT_004798,ACT_0025,handle,DarkMarrow,SRC_001151,2026-05-24T13:33:59Z,2026-09-01T00:00:00Z,0.57,duplicate_observation,
IDENT_004799,ACT_0031,handle,StormMarrow37,SRC_004794,2025-03-13T19:36:25Z,2025-08-07T19:36:25Z,0.26,duplicate_observation,OBS_011105
IDENT_004800,ACT_0056,handle,AshShade20,SRC_002123,2026-05-02T10:20:14Z,2026-09-01T00:00:00Z,0.29,duplicate_observation,OBS_005864
IDENT_004801,ACT_0054,handle,ShadowGrid,SRC_002539,2026-10-04T00:00:00Z,2026-09-01T00:00:00Z,0.11,duplicate_observation,OBS_014463
IDENT_004802,ACT_0058,handle,PhantomDrift95,SRC_005643,2025-08-23T17:09:54Z,2025-11-23T17:09:54Z,0.11,duplicate_observation,OBS_006462
IDENT_004803,ACT_0027,handle,RuneWarden,SRC_001668,2024-04-23T01:12:14Z,2024-06-24T01:12:14Z,0.45,duplicate_observation,OBS_003058
IDENT_004804,ACT_0046,handle,WraithHarbor,SRC_003249,2026-10-27T00:00:00Z,2026-09-01T00:00:00Z,0.46,duplicate_observation,OBS_011675
IDENT_004805,ACT_0017,handle,BlackCipher,SRC_002610,2026-09-09T11:28:43Z,2026-09-01T00:00:00Z,0.21,duplicate_observation,OBS_014410
IDENT_004806,ACT_0042,handle,ObsidianWarden,SRC_000867,2025-05-15T00:56:31Z,2025-06-25T00:56:31Z,0.21,duplicate_observation,OBS_003391
IDENT_004807,ACT_0030,handle,OnyxRoot,SRC_000783,2025-10-18T21:36:22Z,2026-09-01T00:00:00Z,0.47,duplicate_observation,
IDENT_004808,ACT_0035,handle,RogueLedger,SRC_003670,2025-06-25T22:04:42Z,2026-09-01T00:00:00Z,0.55,duplicate_observation,
IDENT_004809,ACT_0002,handle,ShadowDrift,SRC_001034,2025-01-16T10:13:48Z,2025-03-01T10:13:48Z,0.11,duplicate_observation,
IDENT_004810,ACT_0038,handle,VectorVector,SRC_004208,2025-08-21T11:07:27Z,2025-10-24T11:07:27Z,0.21,duplicate_observation,OBS_008612
IDENT_004811,ACT_0002,handle,ShadowDrift,SRC_005640,2025-01-24T10:13:48Z,2025-03-08T10:13:48Z,0.25,duplicate_observation,
IDENT_004812,ACT_0049,handle,EmberSignal,SRC_002278,2026-06-02T01:19:15Z,2026-09-01T00:00:00Z,0.39,duplicate_observation,
IDENT_004813,ACT_0050,handle,FrostReaper,SRC_003833,2026-07-15T02:56:43Z,2026-09-01T00:00:00Z,0.1,duplicate_observation,OBS_001819
IDENT_004814,ACT_0054,handle,ShadowGrid,SRC_000461,2026-09-21T00:00:00Z,2026-09-01T00:00:00Z,0.44,duplicate_observation,
IDENT_004815,ACT_0040,handle,ChromeShade,SRC_000636,2026-10-05T00:00:00Z,2026-09-01T00:00:00Z,0.18,duplicate_observation,
IDENT_004816,ACT_0015,handle,NullCipher,SRC_000342,2025-10-21T12:12:24Z,2026-09-01T00:00:00Z,0.7,duplicate_observation,
IDENT_004817,ACT_0032,handle,RuneEcho,SRC_001829,2025-08-02T17:55:46Z,2026-07-22T17:55:46Z,0.1,duplicate_observation,OBS_012249
IDENT_004818,ACT_0016,handle,PhantomHollow,SRC_004407,2025-03-17T15:47:40Z,2025-08-25T15:47:40Z,0.63,duplicate_observation,
IDENT_004819,ACT_0045,handle,UmbraMarrow,SRC_003825,2025-05-02T07:17:31Z,2025-11-24T07:17:31Z,0.31,duplicate_observation,
IDENT_004820,ACT_0051,handle,GreyEcho,SRC_001258,2026-07-04T11:41:03Z,2026-09-01T00:00:00Z,0.46,duplicate_observation,OBS_005157
IDENT_004821,ACT_0017,handle,ChromeSignal,SRC_004285,2024-12-09T11:28:43Z,2025-06-13T11:28:43Z,0.23,duplicate_observation,OBS_005806
IDENT_004822,ACT_0025,handle,GhostSentinel,SRC_003754,2026-11-10T00:00:00Z,2026-09-01T00:00:00Z,0.1,duplicate_observation,
IDENT_004823,ACT_0053,handle,DarkOrbit,SRC_001299,2026-03-21T21:22:52Z,2026-09-01T00:00:00Z,0.3,duplicate_observation,OBS_006843
IDENT_004824,ACT_0036,handle,OnyxHex,SRC_005212,2026-09-29T00:00:00Z,2026-09-01T00:00:00Z,0.1,duplicate_observation,OBS_011269
IDENT_004825,ACT_0049,handle,EmberSignal,SRC_001250,2026-06-05T01:19:15Z,2026-09-01T00:00:00Z,0.67,duplicate_observation,
IDENT_004826,ACT_0011,handle,IronSpecter,SRC_003798,2026-11-09T00:00:00Z,2026-09-01T00:00:00Z,0.11,duplicate_observation,OBS_005529
IDENT_004827,ACT_0050,handle,RogueWarden,SRC_000313,2026-10-29T00:00:00Z,2026-09-01T00:00:00Z,0.21,duplicate_observation,OBS_011627
IDENT_004828,ACT_0023,handle,GreyOrbit,SRC_003680,2026-05-01T00:01:56Z,2026-09-01T00:00:00Z,0.42,duplicate_observation,
IDENT_004829,ACT_0036,handle,TalonSpire,SRC_000962,2026-04-24T18:10:40Z,2026-09-01T00:00:00Z,0.59,duplicate_observation,OBS_008510
IDENT_004830,ACT_0019,handle,VoidDrift,SRC_003836,2025-08-21T04:42:59Z,2026-09-01T00:00:00Z,0.68,duplicate_observation,OBS_011777
IDENT_004831,ACT_0009,handle,CrimsonReaper,SRC_003626,2026-10-05T00:00:00Z,2026-09-01T00:00:00Z,0.21,duplicate_observation,OBS_011091
IDENT_004832,ACT_0034,handle,DarkVector32,SRC_002485,2024-12-01T10:59:17Z,2025-09-05T10:59:17Z,0.13,duplicate_observation,OBS_014480
IDENT_004833,ACT_0010,handle,SilentFox,SRC_005760,2026-06-08T20:43:57Z,2026-09-01T00:00:00Z,0.29,duplicate_observation,OBS_011928
IDENT_004834,ACT_0030,handle,SilentOrbit,SRC_004978,2025-01-13T21:36:22Z,2025-08-27T21:36:22Z,0.11,duplicate_observation,
IDENT_004835,ACT_0005,handle,CipherHollow,SRC_000662,2026-09-28T00:00:00Z,2026-09-01T00:00:00Z,0.37,duplicate_observation,OBS_013990
IDENT_004836,ACT_0035,handle,StormDrift,SRC_004768,2026-10-15T00:00:00Z,2026-09-01T00:00:00Z,0.7,duplicate_observation,OBS_013447
IDENT_004837,ACT_0014,handle,HavocHollow,SRC_000568,2025-01-09T02:17:28Z,2025-10-09T02:17:28Z,0.14,duplicate_observation,OBS_001871
IDENT_004838,ACT_0038,handle,CrimsonLedger,SRC_002152,2025-11-29T11:07:27Z,2026-07-31T11:07:27Z,0.46,duplicate_observation,OBS_007395
IDENT_004839,ACT_0017,handle,BlackCipher,SRC_005025,2026-08-31T11:28:43Z,2026-09-01T00:00:00Z,0.1,duplicate_observation,
IDENT_004840,ACT_0024,handle,VectorHarbor,SRC_002863,2026-10-29T00:00:00Z,2026-09-01T00:00:00Z,0.26,duplicate_observation,OBS_003122
IDENT_004841,ACT_0023,handle,GreySentinel,SRC_002009,2026-09-26T00:00:00Z,2026-09-01T00:00:00Z,0.1,duplicate_observation,
IDENT_004842,ACT_0048,handle,CrimsonTrace,SRC_002993,2024-08-09T21:47:44Z,2025-11-08T21:47:44Z,0.39,duplicate_observation,OBS_011239
IDENT_004843,ACT_0042,handle,AshFox60,SRC_004850,2025-06-25T00:56:31Z,2025-11-06T00:56:31Z,0.15,duplicate_observation,OBS_006025
IDENT_004844,ACT_0019,handle,VoidDrift,SRC_005773,2025-08-31T04:42:59Z,2026-09-01T00:00:00Z,0.35,duplicate_observation,OBS_002100
IDENT_004845,ACT_0030,handle,CrimsonForge,SRC_001400,2024-06-19T21:36:22Z,2024-12-10T21:36:22Z,0.14,duplicate_observation,
IDENT_004846,ACT_0032,handle,RuneEcho,SRC_000674,2025-07-21T17:55:46Z,2026-08-11T17:55:46Z,0.4,duplicate_observation,OBS_013194
IDENT_004847,ACT_0044,handle,SilentNode,SRC_000850,2026-09-20T18:00:37Z,2026-09-01T00:00:00Z,0.1,duplicate_observation,OBS_010574
IDENT_004848,ACT_0049,handle,EmberSignal,SRC_001961,2026-05-28T01:19:15Z,2026-09-01T00:00:00Z,0.33,duplicate_observation,
IDENT_004849,ACT_0017,handle,ChromeSignal,SRC_005613,2024-12-12T11:28:43Z,2025-06-23T11:28:43Z,0.4,duplicate_observation,OBS_009092
IDENT_004850,ACT_0019,handle,VoidDrift,SRC_000494,2025-08-19T04:42:59Z,2026-09-01T00:00:00Z,0.59,duplicate_observation,OBS_011376
IDENT_004851,ACT_0017,handle,ChromeSignal,SRC_004787,2024-12-17T11:28:43Z,2025-06-22T11:28:43Z,0.21,duplicate_observation,
IDENT_004852,ACT_0023,handle,GreySentinel,SRC_004381,2026-09-28T00:00:00Z,2026-09-01T00:00:00Z,0.1,duplicate_observation,
IDENT_004853,ACT_0040,handle,ChromeShade,SRC_003934,2026-10-14T00:00:00Z,2026-09-01T00:00:00Z,0.53,duplicate_observation,
IDENT_004854,ACT_0016,handle,PhantomHollow,SRC_003579,2025-03-14T15:47:40Z,2025-08-18T15:47:40Z,0.29,duplicate_observation,OBS_012632
IDENT_004855,ACT_0015,handle,IronFalcon73,SRC_001541,2026-11-04T00:00:00Z,2026-09-01T00:00:00Z,0.1,duplicate_observation,
IDENT_004856,ACT_0049,handle,EmberSignal,SRC_002552,2026-05-22T01:19:15Z,2026-09-01T00:00:00Z,0.27,duplicate_observation,
IDENT_004857,ACT_0008,handle,IronCrow,SRC_004838,2025-04-16T10:13:36Z,2025-08-30T10:13:36Z,0.26,duplicate_observation,OBS_009651
IDENT_004858,ACT_0059,handle,VectorHex,SRC_005249,2026-09-30T00:00:00Z,2026-09-01T00:00:00Z,0.19,duplicate_observation,OBS_011210
IDENT_004859,ACT_0037,handle,AshMoth,SRC_000986,2024-09-18T20:05:11Z,2024-11-29T20:05:11Z,0.1,duplicate_observation,OBS_009577
IDENT_004860,ACT_0034,handle,HavocSentinel54,SRC_001946,2025-10-10T10:59:17Z,2026-09-01T00:00:00Z,0.37,duplicate_observation,OBS_012520
IDENT_004861,ACT_0018,handle,GreyRunner,SRC_002278,2025-11-02T18:40:31Z,2026-09-01T00:00:00Z,0.57,duplicate_observation,
IDENT_004862,ACT_0002,handle,ShadowDrift,SRC_001034,2025-01-28T10:13:48Z,2025-03-14T10:13:48Z,0.42,duplicate_observation,OBS_010566
IDENT_004863,ACT_0030,handle,CrimsonForge,SRC_004206,2024-06-17T21:36:22Z,2024-12-18T21:36:22Z,0.57,duplicate_observation,OBS_010587
IDENT_004864,ACT_0035,handle,BlackReaper60,SRC_000070,2026-10-27T00:00:00Z,2026-09-01T00:00:00Z,0.13,duplicate_observation,
IDENT_004865,ACT_0018,handle,GreyRunner,SRC_003221,2025-10-29T18:40:31Z,2026-09-01T00:00:00Z,0.2,duplicate_observation,
IDENT_004866,ACT_0021,handle,StormWolf89,SRC_001859,2026-10-10T00:00:00Z,2026-09-01T00:00:00Z,0.1,duplicate_observation,OBS_012279
IDENT_004867,ACT_0029,handle,GhostShade,SRC_003579,2024-05-05T22:51:37Z,2025-04-28T22:51:37Z,0.65,duplicate_observation,
IDENT_004868,ACT_0012,handle,CipherSpire,SRC_000557,2025-02-12T10:37:19Z,2025-11-02T10:37:19Z,0.1,duplicate_observation,
IDENT_004869,ACT_0051,handle,SilverGrid,SRC_002329,2026-11-05T00:00:00Z,2026-09-01T00:00:00Z,0.18,duplicate_observation,OBS_006617
IDENT_004870,ACT_0059,handle,NullWolf,SRC_004066,2026-08-03T16:19:50Z,2026-09-01T00:00:00Z,0.43,duplicate_observation,OBS_009429
IDENT_004871,ACT_0054,handle,ShadowGrid,SRC_001342,2026-10-11T00:00:00Z,2026-09-01T00:00:00Z,0.51,duplicate_observation,
IDENT_004872,ACT_0040,handle,StormPulse,SRC_001039,2026-10-08T00:00:00Z,2026-09-01T00:00:00Z,0.2,duplicate_observation,OBS_013365
IDENT_004873,ACT_0006,handle,ShadowForge,SRC_001513,2024-02-22T08:56:39Z,2024-07-04T08:56:39Z,0.5,duplicate_observation,OBS_011354
IDENT_004874,ACT_0021,handle,StormLedger,SRC_004411,2026-09-13T00:00:00Z,2026-09-01T00:00:00Z,0.24,duplicate_observation,OBS_013173
IDENT_004875,ACT_0035,handle,BlackReaper60,SRC_002274,2026-11-01T00:00:00Z,2026-09-01T00:00:00Z,0.42,duplicate_observation,
IDENT_004876,ACT_0038,handle,VectorVector,SRC_000956,2025-08-13T11:07:27Z,2025-10-30T11:07:27Z,0.1,duplicate_observation,OBS_008699
IDENT_004877,ACT_0034,handle,DarkVector32,SRC_005047,2024-12-04T10:59:17Z,2025-08-26T10:59:17Z,0.43,duplicate_observation,OBS_012674
IDENT_004878,ACT_0014,handle,HavocHollow,SRC_001156,2025-01-06T02:17:28Z,2025-10-13T02:17:28Z,0.1,duplicate_observation,OBS_003677
IDENT_004879,ACT_0055,handle,StormRunner,SRC_005293,2024-03-28T04:37:32Z,2024-06-27T04:37:32Z,0.65,duplicate_observation,
IDENT_004880,ACT_0024,handle,OnyxEcho,SRC_002385,2026-10-21T00:47:04Z,2026-09-01T00:00:00Z,0.2,duplicate_observation,
IDENT_004881,ACT_0018,handle,DriftTrace,SRC_001509,2024-06-16T18:40:31Z,2025-10-05T18:40:31Z,0.23,duplicate_observation,
IDENT_004882,ACT_0050,handle,GhostCrow,SRC_003834,2026-10-31T00:00:00Z,2026-09-01T00:00:00Z,0.11,duplicate_observation,OBS_010305
IDENT_004883,ACT_0038,handle,VectorVector,SRC_000698,2025-08-24T11:07:27Z,2025-10-17T11:07:27Z,0.1,duplicate_observation,OBS_014488
IDENT_004884,ACT_0009,handle,BlackHarbor,SRC_002752,2026-08-04T04:53:06Z,2026-09-01T00:00:00Z,0.11,duplicate_observation,OBS_009401
IDENT_004885,ACT_0059,handle,NullWolf,SRC_000738,2026-07-23T16:19:50Z,2026-09-01T00:00:00Z,0.36,duplicate_observation,OBS_009078
IDENT_004886,ACT_0009,handle,WraithHex25,SRC_005452,2026-09-30T00:00:00Z,2026-09-01T00:00:00Z,0.18,duplicate_observation,
IDENT_004887,ACT_0040,handle,ChromeShade,SRC_000342,2026-10-13T00:00:00Z,2026-09-01T00:00:00Z,0.14,duplicate_observation,OBS_001255
IDENT_004888,ACT_0050,handle,FrostReaper,SRC_000632,2026-07-03T02:56:43Z,2026-09-01T00:00:00Z,0.11,duplicate_observation,
IDENT_004889,ACT_0021,handle,NullPulse,SRC_001704,2026-09-22T00:00:00Z,2026-09-01T00:00:00Z,0.13,duplicate_observation,OBS_004724
IDENT_004890,ACT_0051,handle,SilverGrid,SRC_004408,2026-11-17T00:00:00Z,2026-09-01T00:00:00Z,0.46,duplicate_observation,OBS_000296
IDENT_004891,ACT_0058,handle,DarkSignal,SRC_004439,2026-01-08T17:09:54Z,2026-09-01T00:00:00Z,0.28,duplicate_observation,OBS_008153
IDENT_004892,ACT_0057,handle,CrimsonDrift,SRC_005282,2025-10-22T19:15:51Z,2026-09-01T00:00:00Z,0.1,duplicate_observation,OBS_011255
IDENT_004893,ACT_0029,handle,ChromeHex39,SRC_002280,2025-05-28T22:51:37Z,2026-03-05T22:51:37Z,0.1,duplicate_observation,OBS_003551
IDENT_004894,ACT_0003,handle,IronLedger,SRC_000601,2025-11-30T18:21:03Z,2026-09-01T00:00:00Z,0.3,duplicate_observation,OBS_014312
IDENT_004895,ACT_0039,handle,UmbraWarden,SRC_001993,2026-05-21T04:35:29Z,2026-06-28T04:35:29Z,0.1,duplicate_observation,OBS_006167
IDENT_004896,ACT_0027,handle,CrimsonWolf,SRC_002230,2024-07-28T01:12:14Z,2025-10-24T01:12:14Z,0.49,duplicate_observation,OBS_000758
IDENT_004897,ACT_0049,handle,EmberSignal,SRC_005643,2026-05-23T01:19:15Z,2026-09-01T00:00:00Z,0.41,duplicate_observation,OBS_005795
IDENT_004898,ACT_0023,handle,SilverPulse,SRC_001849,2026-10-01T00:00:00Z,2026-09-01T00:00:00Z,0.45,duplicate_observation,OBS_011168
IDENT_004899,ACT_0024,handle,WraithSpire,SRC_005057,2025-08-11T00:47:04Z,2026-08-27T00:47:04Z,0.5,duplicate_observation,OBS_001602
IDENT_004900,ACT_0058,handle,PhantomDrift95,SRC_005804,2025-08-21T17:09:54Z,2025-11-23T17:09:54Z,0.1,duplicate_observation,OBS_001642
IDENT_004901,ACT_0031,handle,StormMarrow37,SRC_005402,2025-03-24T19:36:25Z,2025-07-26T19:36:25Z,0.47,duplicate_observation,OBS_004603
IDENT_004902,ACT_0050,handle,RogueWarden,SRC_005769,2026-10-21T00:00:00Z,2026-09-01T00:00:00Z,0.52,duplicate_observation,
IDENT_004903,ACT_0017,handle,BlackCipher,SRC_001665,2026-09-12T11:28:43Z,2026-09-01T00:00:00Z,0.3,duplicate_observation,
IDENT_004904,ACT_0034,handle,DarkVector32,SRC_004383,2024-12-07T10:59:17Z,2025-08-23T10:59:17Z,0.11,duplicate_observation,OBS_004393
IDENT_004905,ACT_0008,handle,IronCrow,SRC_003040,2025-04-11T10:13:36Z,2025-09-10T10:13:36Z,0.4,duplicate_observation,OBS_005429
IDENT_004906,ACT_0020,handle,BlackRoot71,SRC_004837,2025-11-15T15:43:16Z,2026-02-26T15:43:16Z,0.11,duplicate_observation,OBS_009365
IDENT_004907,ACT_0051,handle,FrostSignal,SRC_000113,2026-10-04T00:00:00Z,2026-09-01T00:00:00Z,0.45,duplicate_observation,OBS_008276
IDENT_004908,ACT_0051,handle,SilverGrid,SRC_005426,2026-11-11T00:00:00Z,2026-09-01T00:00:00Z,0.59,duplicate_observation,
IDENT_004909,ACT_0007,handle,GhostForge71,SRC_003839,2024-06-02T13:12:42Z,2024-11-07T13:12:42Z,0.32,duplicate_observation,OBS_009816
IDENT_004910,ACT_0009,handle,BlackHarbor,SRC_001487,2026-07-25T04:53:06Z,2026-09-01T00:00:00Z,0.47,duplicate_observation,OBS_012841
IDENT_004911,ACT_0024,handle,WraithSpire,SRC_003826,2025-08-15T00:47:04Z,2026-08-20T00:47:04Z,0.25,duplicate_observation,OBS_003278
IDENT_004912,ACT_0025,handle,DarkMarrow,SRC_000547,2026-05-14T13:33:59Z,2026-09-01T00:00:00Z,0.48,duplicate_observation,
IDENT_004913,ACT_0050,handle,FrostReaper,SRC_001963,2026-06-30T02:56:43Z,2026-09-01T00:00:00Z,0.42,duplicate_observation,OBS_000789
IDENT_004914,ACT_0050,handle,GhostCrow,SRC_001728,2026-11-19T00:00:00Z,2026-09-01T00:00:00Z,0.38,duplicate_observation,OBS_011916
IDENT_004915,ACT_0054,handle,ShadowGrid,SRC_005578,2026-10-06T00:00:00Z,2026-09-01T00:00:00Z,0.38,duplicate_observation,
IDENT_004916,ACT_0029,handle,ChromeHex39,SRC_000625,2025-05-19T22:51:37Z,2026-02-25T22:51:37Z,0.36,duplicate_observation,
IDENT_004917,ACT_0021,handle,StormLedger,SRC_000091,2026-09-26T00:00:00Z,2026-09-01T00:00:00Z,0.16,duplicate_observation,
IDENT_004918,ACT_0039,handle,UmbraWarden,SRC_004097,2026-06-02T04:35:29Z,2026-07-14T04:35:29Z,0.65,duplicate_observation,OBS_000081
IDENT_004919,ACT_0016,handle,PhantomHollow,SRC_004848,2025-03-10T15:47:40Z,2025-08-30T15:47:40Z,0.36,duplicate_observation,OBS_014259
IDENT_004920,ACT_0029,handle,GhostShade,SRC_004067,2024-05-18T22:51:37Z,2025-04-26T22:51:37Z,0.29,duplicate_observation,
IDENT_004921,ACT_0039,handle,UmbraWarden,SRC_001415,2026-05-27T04:35:29Z,2026-07-11T04:35:29Z,0.21,duplicate_observation,
IDENT_004922,ACT_0020,handle,BlackRoot71,SRC_000120,2025-11-22T15:43:16Z,2026-02-23T15:43:16Z,0.7,duplicate_observation,
IDENT_004923,ACT_0059,handle,NullWolf,SRC_001761,2026-07-21T16:19:50Z,2026-09-01T00:00:00Z,0.24,duplicate_observation,OBS_003233
IDENT_004924,ACT_0009,handle,BlackHarbor,SRC_003002,2026-08-12T04:53:06Z,2026-09-01T00:00:00Z,0.29,duplicate_observation,
IDENT_004925,ACT_0021,handle,StormWolf89,SRC_004303,2026-10-11T00:00:00Z,2026-09-01T00:00:00Z,0.22,duplicate_observation,OBS_003529
IDENT_004926,ACT_0023,handle,GreyOrbit,SRC_000208,2026-04-13T00:01:56Z,2026-09-01T00:00:00Z,0.11,duplicate_observation,OBS_011809
IDENT_004927,ACT_0034,handle,DarkVector32,SRC_003587,2024-11-28T10:59:17Z,2025-08-26T10:59:17Z,0.24,duplicate_observation,OBS_001550
IDENT_004928,ACT_0040,handle,RuneMoth,SRC_003999,2026-10-20T00:00:00Z,2026-09-01T00:00:00Z,0.43,duplicate_observation,
IDENT_004929,ACT_0017,handle,UmbraSpire59,SRC_000794,2025-08-26T11:28:43Z,2026-08-02T11:28:43Z,0.54,duplicate_observation,OBS_005351
IDENT_004930,ACT_0007,handle,GhostForge71,SRC_003829,2024-06-07T13:12:42Z,2024-10-31T13:12:42Z,0.11,duplicate_observation,OBS_004966
IDENT_004931,ACT_0040,handle,ObsidianHex,SRC_002374,2026-01-12T18:08:11Z,2026-09-01T00:00:00Z,0.54,duplicate_observation,OBS_012996
IDENT_004932,ACT_0056,handle,VoidCipher,SRC_003806,2026-10-20T00:00:00Z,2026-09-01T00:00:00Z,0.21,duplicate_observation,
IDENT_004933,ACT_0056,handle,VoidCipher,SRC_004787,2026-10-18T00:00:00Z,2026-09-01T00:00:00Z,0.2,duplicate_observation,OBS_005948
IDENT_004934,ACT_0007,handle,IronWolf81,SRC_001871,2024-12-14T13:12:42Z,2025-02-03T13:12:42Z,0.22,duplicate_observation,OBS_000338
IDENT_004935,ACT_0003,handle,GreyRoot,SRC_000688,2024-08-04T18:21:03Z,2025-11-04T18:21:03Z,0.25,duplicate_observation,OBS_011081
IDENT_004936,ACT_0020,handle,NightCipher,SRC_002494,2026-11-02T00:00:00Z,2026-09-01T00:00:00Z,0.55,duplicate_observation,OBS_007779
IDENT_004937,ACT_0021,handle,StormLedger,SRC_004561,2026-09-22T00:00:00Z,2026-09-01T00:00:00Z,0.2,duplicate_observation,OBS_004134
IDENT_004938,ACT_0009,handle,BlackHarbor,SRC_000326,2026-08-10T04:53:06Z,2026-09-01T00:00:00Z,0.7,duplicate_observation,
IDENT_004939,ACT_0015,handle,SilverLedger,SRC_003859,2026-10-13T00:00:00Z,2026-09-01T00:00:00Z,0.24,duplicate_observation,OBS_014353
IDENT_004940,ACT_0056,handle,NightCrow,SRC_002716,2025-04-02T10:20:14Z,2025-12-31T10:20:14Z,0.11,duplicate_observation,OBS_008341
IDENT_004941,ACT_0042,handle,AshFox60,SRC_002239,2025-07-05T00:56:31Z,2025-11-10T00:56:31Z,0.21,duplicate_observation,OBS_007262
IDENT_004942,ACT_0034,handle,ObsidianMoth89,SRC_001023,2026-10-19T00:00:00Z,2026-09-01T00:00:00Z,0.49,duplicate_observation,OBS_012922
IDENT_004943,ACT_0009,handle,CrimsonReaper,SRC_002537,2026-10-15T00:00:00Z,2026-09-01T00:00:00Z,0.14,duplicate_observation,OBS_008438
IDENT_004944,ACT_0020,handle,ChromeHarbor,SRC_003084,2025-07-28T15:43:16Z,2025-10-26T15:43:16Z,0.1,duplicate_observation,OBS_005063
IDENT_004945,ACT_0014,handle,HavocHollow,SRC_002862,2025-01-02T02:17:28Z,2025-10-16T02:17:28Z,0.41,duplicate_observation,
IDENT_004946,ACT_0038,handle,CrimsonLedger,SRC_001152,2025-11-26T11:07:27Z,2026-07-31T11:07:27Z,0.25,duplicate_observation,
IDENT_004947,ACT_0027,handle,CrimsonWolf,SRC_005370,2024-08-06T01:12:14Z,2025-10-12T01:12:14Z,0.1,duplicate_observation,OBS_014275
IDENT_004948,ACT_0045,handle,PhantomWolf,SRC_003634,2025-11-17T07:17:31Z,2026-09-01T00:00:00Z,0.54,duplicate_observation,
IDENT_004949,ACT_0014,handle,HavocHollow,SRC_003301,2024-12-24T02:17:28Z,2025-10-25T02:17:28Z,0.25,duplicate_observation,
IDENT_004950,ACT_0052,handle,ZeroTrace,SRC_000806,2026-10-08T00:00:00Z,2026-09-01T00:00:00Z,0.27,duplicate_observation,OBS_009412
IDENT_004951,ACT_0025,handle,DarkMarrow,SRC_004415,2026-05-16T13:33:59Z,2026-09-01T00:00:00Z,0.7,duplicate_observation,OBS_013255
IDENT_004952,ACT_0042,handle,AshFox60,SRC_001882,2025-06-28T00:56:31Z,2025-10-24T00:56:31Z,0.17,duplicate_observation,OBS_003841
IDENT_004953,ACT_0024,handle,WraithSpire,SRC_001912,2025-08-22T00:47:04Z,2026-08-25T00:47:04Z,0.21,duplicate_observation,OBS_003122
IDENT_004954,ACT_0015,handle,IronFalcon73,SRC_004511,2026-11-07T00:00:00Z,2026-09-01T00:00:00Z,0.25,duplicate_observation,
IDENT_004955,ACT_0036,handle,OnyxHex,SRC_002130,2026-09-24T00:00:00Z,2026-09-01T00:00:00Z,0.26,duplicate_observation,
IDENT_004956,ACT_0053,handle,IronHarbor,SRC_003759,2024-08-06T21:22:52Z,2025-02-14T21:22:52Z,0.14,duplicate_observation,OBS_007861
IDENT_004957,ACT_0034,handle,DarkVector32,SRC_002002,2024-11-25T10:59:17Z,2025-08-28T10:59:17Z,0.7,duplicate_observation,OBS_003990
IDENT_004958,ACT_0001,handle,SilentTrace,SRC_004079,2024-02-20T20:28:06Z,2024-12-14T20:28:06Z,0.31,duplicate_observation,OBS_000652
IDENT_004959,ACT_0011,handle,StormMarrow12,SRC_004771,2026-05-08T12:53:27Z,2026-09-01T00:00:00Z,0.26,duplicate_observation,OBS_007209
IDENT_004960,ACT_0032,handle,VoidHollow,SRC_001854,2026-08-06T17:55:46Z,2026-09-01T00:00:00Z,0.1,duplicate_observation,
IDENT_004961,ACT_0034,handle,DarkVector32,SRC_000148,2024-12-07T10:59:17Z,2025-08-26T10:59:17Z,0.16,duplicate_observation,OBS_004476
IDENT_004962,ACT_0020,handle,NightCipher,SRC_000125,2026-11-04T00:00:00Z,2026-09-01T00:00:00Z,0.66,duplicate_observation,OBS_004955
IDENT_004963,ACT_0008,handle,SilentPulse,SRC_001048,2025-10-12T10:13:36Z,2026-08-16T10:13:36Z,0.37,duplicate_observation,OBS_014380
IDENT_004964,ACT_0036,handle,TalonSpire,SRC_000606,2026-04-19T18:10:40Z,2026-09-01T00:00:00Z,0.34,duplicate_observation,OBS_002685
IDENT_004965,ACT_0056,handle,VoidCipher,SRC_005835,2026-10-26T00:00:00Z,2026-09-01T00:00:00Z,0.45,duplicate_observation,
IDENT_004966,ACT_0035,handle,StormDrift,SRC_001396,2026-10-09T00:00:00Z,2026-09-01T00:00:00Z,0.17,duplicate_observation,OBS_013494
IDENT_004967,ACT_0026,handle,BlackDrift,SRC_001889,2026-03-10T18:43:51Z,2026-09-01T00:00:00Z,0.44,duplicate_observation,OBS_004867
IDENT_004968,ACT_0016,handle,PhantomHollow,SRC_004419,2025-03-24T15:47:40Z,2025-08-26T15:47:40Z,0.41,duplicate_observation,OBS_009197
IDENT_004969,ACT_0033,handle,TalonSentinel,SRC_005200,2025-08-08T01:20:48Z,2026-02-07T01:20:48Z,0.1,duplicate_observation,OBS_013858
IDENT_004970,ACT_0023,handle,NullEcho,SRC_001905,2026-11-16T00:00:00Z,2026-09-01T00:00:00Z,0.14,duplicate_observation,OBS_005951
IDENT_004971,ACT_0040,handle,StormPulse,SRC_003606,2026-10-13T00:00:00Z,2026-09-01T00:00:00Z,0.66,duplicate_observation,OBS_009501
IDENT_004972,ACT_0049,handle,EmberSignal,SRC_000244,2026-05-25T01:19:15Z,2026-09-01T00:00:00Z,0.35,duplicate_observation,OBS_010096
IDENT_004973,ACT_0028,handle,OnyxPulse,SRC_002093,2024-12-30T00:39:48Z,2025-05-10T00:39:48Z,0.37,duplicate_observation,OBS_013847
IDENT_004974,ACT_0046,handle,VectorSentinel,SRC_000271,2026-07-17T14:13:34Z,2026-09-01T00:00:00Z,0.22,duplicate_observation,
IDENT_004975,ACT_0040,handle,RuneMoth,SRC_000188,2026-10-25T00:00:00Z,2026-09-01T00:00:00Z,0.46,duplicate_observation,
IDENT_004976,ACT_0038,handle,CrimsonLedger,SRC_004992,2025-11-12T11:07:27Z,2026-07-16T11:07:27Z,0.52,duplicate_observation,OBS_011310
IDENT_004977,ACT_0031,handle,StormMarrow37,SRC_003552,2025-03-12T19:36:25Z,2025-08-08T19:36:25Z,0.47,duplicate_observation,
IDENT_004978,ACT_0037,handle,VoidMoth,SRC_004045,2025-01-11T20:05:11Z,2025-07-28T20:05:11Z,0.32,duplicate_observation,OBS_013932
IDENT_004979,ACT_0021,handle,StormWolf89,SRC_004780,2026-10-19T00:00:00Z,2026-09-01T00:00:00Z,0.32,duplicate_observation,
IDENT_004980,ACT_0015,handle,SilverLedger,SRC_003586,2026-10-12T00:00:00Z,2026-09-01T00:00:00Z,0.4,duplicate_observation,
IDENT_004981,ACT_0020,handle,NightCipher,SRC_000610,2026-11-05T00:00:00Z,2026-09-01T00:00:00Z,0.24,duplicate_observation,OBS_007779
IDENT_004982,ACT_0003,handle,GreyRoot,SRC_001956,2024-08-10T18:21:03Z,2025-10-25T18:21:03Z,0.12,duplicate_observation,OBS_005503
IDENT_004983,ACT_0031,handle,RogueReaper,SRC_003110,2026-04-12T19:36:25Z,2026-09-01T00:00:00Z,0.22,duplicate_observation,OBS_005056
IDENT_004984,ACT_0053,handle,IronHarbor,SRC_001454,2024-08-15T21:22:52Z,2025-02-09T21:22:52Z,0.17,duplicate_observation,OBS_007926
IDENT_004985,ACT_0008,handle,IronCrow,SRC_005261,2025-04-15T10:13:36Z,2025-08-29T10:13:36Z,0.43,duplicate_observation,OBS_013181
IDENT_004986,ACT_0009,handle,BlackHarbor,SRC_005267,2026-08-13T04:53:06Z,2026-09-01T00:00:00Z,0.49,duplicate_observation,OBS_008438
IDENT_004987,ACT_0059,handle,FrostRunner37,SRC_000323,2026-10-13T00:00:00Z,2026-09-01T00:00:00Z,0.34,duplicate_observation,
IDENT_004988,ACT_0004,handle,OnyxNode,SRC_000318,2026-05-04T04:44:17Z,2026-09-01T00:00:00Z,0.1,duplicate_observation,
IDENT_004989,ACT_0006,handle,ShadowForge,SRC_000628,2024-02-19T08:56:39Z,2024-07-06T08:56:39Z,0.27,duplicate_observation,
IDENT_004990,ACT_0045,handle,UmbraMarrow,SRC_005808,2025-05-19T07:17:31Z,2025-11-17T07:17:31Z,0.4,duplicate_observation,
IDENT_004991,ACT_0007,handle,GhostForge71,SRC_001124,2024-06-07T13:12:42Z,2024-11-03T13:12:42Z,0.39,duplicate_observation,
IDENT_004992,ACT_0058,handle,DarkSignal,SRC_003653,2026-01-07T17:09:54Z,2026-09-01T00:00:00Z,0.11,duplicate_observation,OBS_014008
IDENT_004993,ACT_0031,handle,StormMarrow37,SRC_002285,2025-03-12T19:36:25Z,2025-07-23T19:36:25Z,0.25,duplicate_observation,
IDENT_004994,ACT_0056,handle,TalonCipher,SRC_004120,2026-01-17T10:20:14Z,2026-03-30T10:20:14Z,0.53,duplicate_observation,
IDENT_004995,ACT_0025,handle,TalonEcho,SRC_000618,2026-09-29T00:00:00Z,2026-09-01T00:00:00Z,0.47,duplicate_observation,
IDENT_004996,ACT_0026,handle,ChromeMarrow,SRC_000384,2025-07-31T18:43:51Z,2025-09-07T18:43:51Z,0.13,duplicate_observation,
IDENT_004997,ACT_0058,handle,DarkSignal,SRC_003087,2026-01-05T17:09:54Z,2026-09-01T00:00:00Z,0.47,duplicate_observation,OBS_014018
IDENT_004998,ACT_0006,handle,ForgeVector,SRC_004491,2024-09-02T08:56:39Z,2025-09-01T08:56:39Z,0.21,duplicate_observation,
IDENT_004999,ACT_0016,handle,PhantomHollow,SRC_000933,2025-03-11T15:47:40Z,2025-08-17T15:47:40Z,0.12,duplicate_observation,
IDENT_005000,ACT_0002,handle,ShadowDrift,SRC_001531,2025-01-18T10:13:48Z,2025-03-11T10:13:48Z,0.26,duplicate_observation,OBS_013880
IDENT_005001,ACT_0049,handle,EmberSignal,SRC_002609,2026-05-25T01:19:15Z,2026-09-01T00:00:00Z,0.13,duplicate_observation,OBS_011228
IDENT_005002,ACT_0016,handle,ChromeGrid,SRC_002867,2025-09-15T15:47:40Z,2026-02-13T15:47:40Z,0.32,duplicate_observation,
IDENT_005003,ACT_0035,handle,RogueDrift,SRC_005193,2026-11-18T00:00:00Z,2026-09-01T00:00:00Z,0.66,duplicate_observation,OBS_008478
IDENT_005004,ACT_0025,handle,DarkMarrow,SRC_001203,2026-05-08T13:33:59Z,2026-09-01T00:00:00Z,0.1,duplicate_observation,OBS_012982
IDENT_005005,ACT_0046,handle,WraithHarbor,SRC_002825,2026-10-20T00:00:00Z,2026-09-01T00:00:00Z,0.18,duplicate_observation,
IDENT_005006,ACT_0032,handle,RuneEcho,SRC_002792,2025-08-07T17:55:46Z,2026-07-23T17:55:46Z,0.35,duplicate_observation,OBS_009784
IDENT_005007,ACT_0040,handle,ChromeShade,SRC_001218,2026-10-15T00:00:00Z,2026-09-01T00:00:00Z,0.22,duplicate_observation,OBS_013325
IDENT_005008,ACT_0032,handle,RuneEcho,SRC_001656,2025-07-25T17:55:46Z,2026-08-10T17:55:46Z,0.34,duplicate_observation,OBS_001054
IDENT_005009,ACT_0040,handle,ObsidianHex,SRC_001915,2026-01-04T18:08:11Z,2026-09-01T00:00:00Z,0.2,duplicate_observation,
IDENT_005010,ACT_0049,handle,EmberSignal,SRC_003540,2026-06-06T01:19:15Z,2026-09-01T00:00:00Z,0.7,duplicate_observation,OBS_002249
IDENT_005011,ACT_0010,handle,HavocSpire71,SRC_000329,2026-10-03T00:00:00Z,2026-09-01T00:00:00Z,0.24,duplicate_observation,OBS_001613
IDENT_005012,ACT_0026,handle,RuneCrow,SRC_003152,2025-09-20T18:43:51Z,2026-02-28T18:43:51Z,0.3,duplicate_observation,
IDENT_005013,ACT_0053,handle,IronHarbor,SRC_002609,2024-08-06T21:22:52Z,2025-02-09T21:22:52Z,0.38,duplicate_observation,
IDENT_005014,ACT_0009,handle,CrimsonReaper,SRC_004500,2026-10-18T00:00:00Z,2026-09-01T00:00:00Z,0.6,duplicate_observation,
IDENT_005015,ACT_0031,handle,WraithWarden,SRC_003074,2025-09-02T19:36:25Z,2026-03-20T19:36:25Z,0.38,duplicate_observation,
IDENT_005016,ACT_0002,handle,ShadowDrift,SRC_002066,2025-01-31T10:13:48Z,2025-03-04T10:13:48Z,0.16,duplicate_observation,
IDENT_005017,ACT_0020,handle,BlackRoot71,SRC_001311,2025-11-03T15:43:16Z,2026-03-02T15:43:16Z,0.31,duplicate_observation,
IDENT_005018,ACT_0017,handle,ChromeSignal,SRC_002851,2024-12-10T11:28:43Z,2025-06-25T11:28:43Z,0.1,duplicate_observation,
IDENT_005019,ACT_0018,handle,DriftTrace,SRC_002021,2024-06-14T18:40:31Z,2025-10-05T18:40:31Z,0.22,duplicate_observation,
IDENT_005020,ACT_0044,handle,GreyMoth,SRC_004614,2024-12-01T18:00:37Z,2026-02-10T18:00:37Z,0.31,duplicate_observation,OBS_012913
IDENT_005021,ACT_0021,handle,NullPulse,SRC_002367,2026-09-25T00:00:00Z,2026-09-01T00:00:00Z,0.66,duplicate_observation,
IDENT_005022,ACT_0035,handle,RogueDrift,SRC_002415,2026-11-06T00:00:00Z,2026-09-01T00:00:00Z,0.1,duplicate_observation,
IDENT_005023,ACT_0030,handle,SilentOrbit,SRC_002259,2025-01-24T21:36:22Z,2025-08-30T21:36:22Z,0.38,duplicate_observation,
IDENT_005024,ACT_0020,handle,ZeroOrbit,SRC_001004,2026-03-23T15:43:16Z,2026-09-01T00:00:00Z,0.33,duplicate_observation,OBS_006468
IDENT_005025,ACT_0044,handle,SilentNode,SRC_002854,2026-09-29T18:00:37Z,2026-09-01T00:00:00Z,0.42,duplicate_observation,OBS_000749
IDENT_005026,ACT_0018,handle,DriftTrace,SRC_001823,2024-06-20T18:40:31Z,2025-10-12T18:40:31Z,0.51,duplicate_observation,OBS_010149
IDENT_005027,ACT_0002,handle,ShadowDrift,SRC_001287,2025-01-19T10:13:48Z,2025-03-11T10:13:48Z,0.11,duplicate_observation,
IDENT_005028,ACT_0035,handle,RogueLedger,SRC_001848,2025-06-23T22:04:42Z,2026-09-01T00:00:00Z,0.1,duplicate_observation,OBS_012011
IDENT_005029,ACT_0044,handle,GreyMoth,SRC_000881,2024-11-29T18:00:37Z,2026-02-06T18:00:37Z,0.15,duplicate_observation,OBS_013561
IDENT_005030,ACT_0041,handle,RogueSpire80,SRC_004636,2025-01-10T19:31:51Z,2025-10-28T19:31:51Z,0.1,duplicate_observation,OBS_006782
IDENT_005031,ACT_0012,handle,CipherSpire,SRC_004439,2025-02-14T10:37:19Z,2025-11-08T10:37:19Z,0.22,duplicate_observation,
IDENT_005032,ACT_0045,handle,UmbraMarrow,SRC_005266,2025-05-19T07:17:31Z,2025-11-21T07:17:31Z,0.1,duplicate_observation,OBS_007066
IDENT_005033,ACT_0002,handle,ShadowDrift,SRC_000002,2025-01-20T10:13:48Z,2025-03-15T10:13:48Z,0.16,duplicate_observation,OBS_002576
IDENT_005034,ACT_0029,handle,GhostShade,SRC_004014,2024-05-03T22:51:37Z,2025-05-01T22:51:37Z,0.31,duplicate_observation,OBS_013551
IDENT_005035,ACT_0033,handle,TalonSentinel,SRC_001192,2025-08-07T01:20:48Z,2026-02-14T01:20:48Z,0.17,duplicate_observation,OBS_009152
IDENT_005036,ACT_0018,handle,DriftTrace,SRC_004611,2024-06-25T18:40:31Z,2025-10-02T18:40:31Z,0.26,duplicate_observation,
IDENT_005037,ACT_0030,handle,CrimsonForge,SRC_004173,2024-06-13T21:36:22Z,2024-12-06T21:36:22Z,0.1,duplicate_observation,
IDENT_005038,ACT_0034,handle,PhantomOrbit,SRC_003612,2026-10-17T00:00:00Z,2026-09-01T00:00:00Z,0.14,duplicate_observation,OBS_012922
IDENT_005039,ACT_0059,handle,NullWolf,SRC_004107,2026-07-29T16:19:50Z,2026-09-01T00:00:00Z,0.11,duplicate_observation,OBS_006582
IDENT_005040,ACT_0020,handle,BlackRoot71,SRC_004933,2025-11-18T15:43:16Z,2026-03-03T15:43:16Z,0.44,duplicate_observation,OBS_013393
IDENT_005041,ACT_0011,handle,IronSpecter,SRC_001251,2026-11-11T00:00:00Z,2026-09-01T00:00:00Z,0.36,duplicate_observation,OBS_012874
IDENT_005042,ACT_0035,handle,RogueLedger,SRC_005566,2025-06-25T22:04:42Z,2026-09-01T00:00:00Z,0.26,duplicate_observation,
IDENT_005043,ACT_0013,handle,VectorNode,SRC_000999,2026-10-15T00:00:00Z,2026-09-01T00:00:00Z,0.35,duplicate_observation,OBS_002665
IDENT_005044,ACT_0009,handle,BlackHarbor,SRC_005339,2026-08-02T04:53:06Z,2026-09-01T00:00:00Z,0.1,duplicate_observation,
IDENT_005045,ACT_0055,handle,HavocSentinel,SRC_002346,2024-08-15T04:37:32Z,2025-11-23T04:37:32Z,0.33,duplicate_observation,OBS_004526
IDENT_005046,ACT_0020,handle,EmberNode,SRC_005601,2026-09-23T00:00:00Z,2026-09-01T00:00:00Z,0.58,duplicate_observation,
IDENT_005047,ACT_0049,handle,EmberSignal,SRC_003394,2026-06-02T01:19:15Z,2026-09-01T00:00:00Z,0.35,duplicate_observation,OBS_007207
IDENT_005048,ACT_0025,handle,TalonEcho,SRC_003546,2026-10-10T00:00:00Z,2026-09-01T00:00:00Z,0.53,duplicate_observation,OBS_003911
IDENT_005049,ACT_0058,handle,PhantomDrift95,SRC_003481,2025-08-24T17:09:54Z,2025-11-11T17:09:54Z,0.55,duplicate_observation,OBS_010803
IDENT_005050,ACT_0040,handle,RuneMoth,SRC_003128,2026-10-22T00:00:00Z,2026-09-01T00:00:00Z,0.18,duplicate_observation,OBS_010275
IDENT_005051,ACT_0056,handle,VoidNode,SRC_005033,2024-08-29T10:20:14Z,2025-04-05T10:20:14Z,0.33,duplicate_observation,OBS_013413
IDENT_005052,ACT_0009,handle,BlackHarbor,SRC_001777,2026-07-30T04:53:06Z,2026-09-01T00:00:00Z,0.42,duplicate_observation,OBS_009811
IDENT_005053,ACT_0014,handle,NightLedger,SRC_000069,2024-01-28T02:17:28Z,2024-10-28T02:17:28Z,0.17,duplicate_observation,
IDENT_005054,ACT_0009,handle,BlackHarbor,SRC_002055,2026-07-25T04:53:06Z,2026-09-01T00:00:00Z,0.11,duplicate_observation,
IDENT_005055,ACT_0024,handle,VectorHarbor,SRC_000144,2026-10-30T00:00:00Z,2026-09-01T00:00:00Z,0.7,duplicate_observation,
IDENT_005056,ACT_0045,handle,UmbraMarrow,SRC_004196,2025-05-10T07:17:31Z,2025-11-08T07:17:31Z,0.38,duplicate_observation,OBS_008421
IDENT_005057,ACT_0025,handle,ChromeOrbit,SRC_000381,2026-09-16T00:00:00Z,2026-09-01T00:00:00Z,0.12,duplicate_observation,
IDENT_005058,ACT_0026,handle,BlackDrift,SRC_003922,2026-02-20T18:43:51Z,2026-09-01T00:00:00Z,0.22,duplicate_observation,
IDENT_005059,ACT_0046,handle,ObsidianFalcon,SRC_004945,2025-09-16T14:13:34Z,2026-01-26T14:13:34Z,0.33,duplicate_observation,OBS_003914
IDENT_005060,ACT_0006,handle,RogueRoot,SRC_000486,2025-09-12T08:56:39Z,2025-12-16T08:56:39Z,0.16,duplicate_observation,OBS_010892
IDENT_005061,ACT_0004,handle,OnyxNode,SRC_005162,2026-05-02T04:44:17Z,2026-09-01T00:00:00Z,0.22,duplicate_observation,OBS_003372
IDENT_005062,ACT_0003,handle,GreyRoot,SRC_004904,2024-08-19T18:21:03Z,2025-10-25T18:21:03Z,0.29,duplicate_observation,
IDENT_005063,ACT_0020,handle,ZeroOrbit,SRC_003457,2026-03-11T15:43:16Z,2026-09-01T00:00:00Z,0.37,duplicate_observation,OBS_001814
IDENT_005064,ACT_0005,handle,CipherHollow,SRC_005602,2026-09-17T00:00:00Z,2026-09-01T00:00:00Z,0.64,duplicate_observation,OBS_004031
IDENT_005065,ACT_0024,handle,WraithSpire,SRC_005399,2025-08-12T00:47:04Z,2026-08-18T00:47:04Z,0.35,duplicate_observation,
IDENT_005066,ACT_0056,handle,VoidCipher,SRC_004409,2026-10-24T00:00:00Z,2026-09-01T00:00:00Z,0.44,duplicate_observation,
IDENT_005067,ACT_0003,handle,IronLedger,SRC_002525,2025-11-17T18:21:03Z,2026-09-01T00:00:00Z,0.23,duplicate_observation,OBS_010089
IDENT_005068,ACT_0052,handle,ZeroTrace,SRC_003574,2026-10-18T00:00:00Z,2026-09-01T00:00:00Z,0.68,duplicate_observation,OBS_002913
IDENT_005069,ACT_0020,handle,BlackRoot71,SRC_005818,2025-11-13T15:43:16Z,2026-03-03T15:43:16Z,0.32,duplicate_observation,
IDENT_005070,ACT_0059,handle,NullWolf,SRC_004459,2026-07-26T16:19:50Z,2026-09-01T00:00:00Z,0.19,duplicate_observation,OBS_008463
IDENT_005071,ACT_0037,handle,AshMoth,SRC_005533,2024-09-24T20:05:11Z,2024-11-25T20:05:11Z,0.27,duplicate_observation,OBS_011717
IDENT_005072,ACT_0042,handle,CipherFalcon,SRC_000446,2025-11-05T00:56:31Z,2026-08-01T00:56:31Z,0.26,duplicate_observation,
IDENT_005073,ACT_0052,handle,IronRunner,SRC_002045,2025-07-30T08:12:20Z,2026-02-24T08:12:20Z,0.32,duplicate_observation,OBS_006426
IDENT_005074,ACT_0048,handle,CrimsonTrace,SRC_003463,2024-08-18T21:47:44Z,2025-11-11T21:47:44Z,0.24,duplicate_observation,OBS_012747
IDENT_005075,ACT_0034,handle,ObsidianMoth89,SRC_001801,2026-10-12T00:00:00Z,2026-09-01T00:00:00Z,0.35,duplicate_observation,OBS_006883
IDENT_005076,ACT_0056,handle,VoidNode,SRC_005631,2024-09-08T10:20:14Z,2025-04-02T10:20:14Z,0.31,duplicate_observation,OBS_004823
IDENT_005077,ACT_0011,handle,StormMarrow12,SRC_003195,2026-04-27T12:53:27Z,2026-09-01T00:00:00Z,0.7,duplicate_observation,
IDENT_005078,ACT_0020,handle,ZeroOrbit,SRC_002890,2026-03-14T15:43:16Z,2026-09-01T00:00:00Z,0.63,duplicate_observation,
IDENT_005079,ACT_0037,handle,AshMoth,SRC_002549,2024-09-13T20:05:11Z,2024-11-21T20:05:11Z,0.36,duplicate_observation,
IDENT_005080,ACT_0054,handle,UmbraHollow,SRC_001975,2026-02-13T15:36:14Z,2026-05-13T15:36:14Z,0.19,duplicate_observation,
IDENT_005081,ACT_0017,handle,ChromeSignal,SRC_003761,2024-12-16T11:28:43Z,2025-06-21T11:28:43Z,0.7,duplicate_observation,OBS_013947
IDENT_005082,ACT_0015,handle,SilverLedger,SRC_004714,2026-10-18T00:00:00Z,2026-09-01T00:00:00Z,0.1,duplicate_observation,OBS_000292
IDENT_005083,ACT_0029,handle,GhostShade,SRC_001585,2024-05-22T22:51:37Z,2025-05-03T22:51:37Z,0.21,duplicate_observation,
IDENT_005084,ACT_0015,handle,IronFalcon73,SRC_005171,2026-10-27T00:00:00Z,2026-09-01T00:00:00Z,0.31,duplicate_observation,
IDENT_005085,ACT_0035,handle,StormDrift,SRC_003621,2026-10-15T00:00:00Z,2026-09-01T00:00:00Z,0.1,duplicate_observation,OBS_008329
IDENT_005086,ACT_0014,handle,NightLedger,SRC_003701,2024-01-21T02:17:28Z,2024-10-29T02:17:28Z,0.18,duplicate_observation,OBS_001632
IDENT_005087,ACT_0052,handle,StormHollow,SRC_003749,2026-03-31T08:12:20Z,2026-09-01T00:00:00Z,0.3,duplicate_observation,OBS_005307
IDENT_005088,ACT_0006,handle,RogueRoot,SRC_001691,2025-09-09T08:56:39Z,2025-12-20T08:56:39Z,0.7,duplicate_observation,
IDENT_005089,ACT_0046,handle,WraithHarbor,SRC_003517,2026-10-28T00:00:00Z,2026-09-01T00:00:00Z,0.3,duplicate_observation,
IDENT_005090,ACT_0057,handle,CrimsonDrift,SRC_001293,2025-10-29T19:15:51Z,2026-09-01T00:00:00Z,0.42,duplicate_observation,OBS_010955
IDENT_005091,ACT_0012,handle,ObsidianRoot49,SRC_000523,2024-12-24T10:37:19Z,2025-01-09T10:37:19Z,0.39,duplicate_observation,OBS_010606
IDENT_005092,ACT_0008,handle,IronCrow,SRC_001736,2025-04-25T10:13:36Z,2025-09-06T10:13:36Z,0.1,duplicate_observation,OBS_009142
IDENT_005093,ACT_0038,handle,CrimsonLedger,SRC_004001,2025-11-15T11:07:27Z,2026-07-24T11:07:27Z,0.43,duplicate_observation,OBS_005504
IDENT_005094,ACT_0011,handle,StormMarrow12,SRC_002623,2026-04-26T12:53:27Z,2026-09-01T00:00:00Z,0.24,duplicate_observation,
IDENT_005095,ACT_0035,handle,BlackReaper60,SRC_002367,2026-11-04T00:00:00Z,2026-09-01T00:00:00Z,0.4,duplicate_observation,OBS_010876
IDENT_005096,ACT_0020,handle,ZeroOrbit,SRC_003588,2026-03-15T15:43:16Z,2026-09-01T00:00:00Z,0.22,duplicate_observation,
IDENT_005097,ACT_0050,handle,GhostCrow,SRC_005769,2026-10-31T00:00:00Z,2026-09-01T00:00:00Z,0.48,duplicate_observation,
IDENT_005098,ACT_0020,handle,BlackRoot71,SRC_001087,2025-11-07T15:43:16Z,2026-03-03T15:43:16Z,0.63,duplicate_observation,OBS_009365
IDENT_005099,ACT_0056,handle,VoidNode,SRC_005521,2024-09-03T10:20:14Z,2025-04-01T10:20:14Z,0.46,duplicate_observation,
IDENT_005100,ACT_0036,handle,TalonSpire,SRC_004576,2026-04-24T18:10:40Z,2026-09-01T00:00:00Z,0.31,duplicate_observation,
IDENT_005101,ACT_0034,handle,HavocSentinel54,SRC_002380,2025-10-04T10:59:17Z,2026-09-01T00:00:00Z,0.28,duplicate_observation,OBS_003084
IDENT_005102,ACT_0025,handle,DarkMarrow,SRC_000179,2026-05-10T13:33:59Z,2026-09-01T00:00:00Z,0.48,duplicate_observation,
IDENT_005103,ACT_0010,handle,SilentFox,SRC_004422,2026-05-30T20:43:57Z,2026-09-01T00:00:00Z,0.1,duplicate_observation,
IDENT_005104,ACT_0053,handle,DarkOrbit,SRC_005823,2026-03-19T21:22:52Z,2026-09-01T00:00:00Z,0.25,duplicate_observation,OBS_003658
IDENT_005105,ACT_0046,handle,ObsidianFalcon,SRC_004726,2025-09-13T14:13:34Z,2026-02-01T14:13:34Z,0.57,duplicate_observation,
IDENT_005106,ACT_0035,handle,RogueLedger,SRC_004014,2025-06-22T22:04:42Z,2026-09-01T00:00:00Z,0.1,duplicate_observation,
IDENT_005107,ACT_0051,handle,SilverGrid,SRC_000966,2026-11-10T00:00:00Z,2026-09-01T00:00:00Z,0.27,duplicate_observation,
IDENT_005108,ACT_0003,handle,GreyRoot,SRC_005851,2024-08-12T18:21:03Z,2025-10-28T18:21:03Z,0.16,duplicate_observation,
IDENT_005109,ACT_0050,handle,RogueWarden,SRC_001043,2026-11-02T00:00:00Z,2026-09-01T00:00:00Z,0.54,duplicate_observation,
IDENT_005110,ACT_0008,handle,SilentPulse,SRC_001860,2025-10-03T10:13:36Z,2026-08-17T10:13:36Z,0.44,duplicate_observation,
IDENT_005111,ACT_0058,handle,DarkSignal,SRC_004507,2025-12-29T17:09:54Z,2026-09-01T00:00:00Z,0.36,duplicate_observation,OBS_001557
IDENT_005112,ACT_0011,handle,StormMarrow12,SRC_002090,2026-05-11T12:53:27Z,2026-09-01T00:00:00Z,0.29,duplicate_observation,
IDENT_005113,ACT_0032,handle,VoidHollow,SRC_000154,2026-08-14T17:55:46Z,2026-09-01T00:00:00Z,0.43,duplicate_observation,
IDENT_005114,ACT_0044,handle,GreyMoth,SRC_005785,2024-12-03T18:00:37Z,2026-01-29T18:00:37Z,0.45,duplicate_observation,OBS_010634
IDENT_005115,ACT_0026,handle,RuneCrow,SRC_005586,2025-09-14T18:43:51Z,2026-03-05T18:43:51Z,0.1,duplicate_observation,
IDENT_005116,ACT_0001,handle,SilentTrace,SRC_005334,2024-02-10T20:28:06Z,2024-12-24T20:28:06Z,0.4,duplicate_observation,OBS_011815
IDENT_005117,ACT_0031,handle,WraithWarden,SRC_003924,2025-09-06T19:36:25Z,2026-03-01T19:36:25Z,0.21,duplicate_observation,
IDENT_005118,ACT_0030,handle,OnyxRoot,SRC_005843,2025-10-14T21:36:22Z,2026-08-26T21:36:22Z,0.45,duplicate_observation,
IDENT_005119,ACT_0007,handle,GhostForge71,SRC_003050,2024-06-02T13:12:42Z,2024-11-06T13:12:42Z,0.1,duplicate_observation,OBS_006340
IDENT_005120,ACT_0032,handle,RuneEcho,SRC_003440,2025-08-05T17:55:46Z,2026-08-03T17:55:46Z,0.59,duplicate_observation,OBS_009788
IDENT_005121,ACT_0040,handle,StormPulse,SRC_000924,2026-10-17T00:00:00Z,2026-09-01T00:00:00Z,0.18,duplicate_observation,
IDENT_005122,ACT_0050,handle,CipherForge,SRC_005090,2026-10-25T00:00:00Z,2026-09-01T00:00:00Z,0.38,duplicate_observation,
IDENT_005123,ACT_0029,handle,ChromeHex39,SRC_004008,2025-05-26T22:51:37Z,2026-03-08T22:51:37Z,0.31,duplicate_observation,
IDENT_005124,ACT_0053,handle,IronHarbor,SRC_001910,2024-08-17T21:22:52Z,2025-02-26T21:22:52Z,0.14,duplicate_observation,
IDENT_005125,ACT_0034,handle,PhantomOrbit,SRC_002717,2026-11-01T00:00:00Z,2026-09-01T00:00:00Z,0.1,duplicate_observation,
IDENT_005126,ACT_0053,handle,OnyxFang,SRC_005073,2025-02-27T21:22:52Z,2026-03-26T21:22:52Z,0.29,duplicate_observation,OBS_003658
IDENT_005127,ACT_0008,handle,RuneLedger,SRC_005720,2025-01-01T10:13:36Z,2025-03-07T10:13:36Z,0.3,duplicate_observation,
IDENT_005128,ACT_0020,handle,ZeroOrbit,SRC_000069,2026-03-11T15:43:16Z,2026-09-01T00:00:00Z,0.23,duplicate_observation,
IDENT_005129,ACT_0055,handle,HavocSentinel,SRC_002461,2024-08-05T04:37:32Z,2025-11-17T04:37:32Z,0.68,duplicate_observation,OBS_012643
IDENT_005130,ACT_0006,handle,ShadowForge,SRC_005453,2024-02-19T08:56:39Z,2024-07-08T08:56:39Z,0.25,duplicate_observation,OBS_009546
IDENT_005131,ACT_0059,handle,FrostRunner37,SRC_001996,2026-10-29T00:00:00Z,2026-09-01T00:00:00Z,0.49,duplicate_observation,OBS_011412
IDENT_005132,ACT_0006,handle,RogueRoot,SRC_004785,2025-09-17T08:56:39Z,2025-12-07T08:56:39Z,0.16,duplicate_observation,OBS_007809
IDENT_005133,ACT_0013,handle,VectorPulse,SRC_001240,2026-07-18T09:25:01Z,2026-09-01T00:00:00Z,0.48,duplicate_observation,
IDENT_005134,ACT_0038,handle,CrimsonLedger,SRC_005254,2025-11-09T11:07:27Z,2026-07-14T11:07:27Z,0.35,duplicate_observation,
IDENT_005135,ACT_0013,handle,NightWarden,SRC_001557,2026-09-15T00:00:00Z,2026-09-01T00:00:00Z,0.27,duplicate_observation,
IDENT_005136,ACT_0058,handle,DarkSignal,SRC_003420,2025-12-31T17:09:54Z,2026-09-01T00:00:00Z,0.61,duplicate_observation,OBS_010045
IDENT_005137,ACT_0051,handle,SilverGrid,SRC_001068,2026-11-08T00:00:00Z,2026-09-01T00:00:00Z,0.27,duplicate_observation,
IDENT_005138,ACT_0008,handle,SilentPulse,SRC_000868,2025-10-13T10:13:36Z,2026-08-26T10:13:36Z,0.42,duplicate_observation,OBS_014436
IDENT_005139,ACT_0025,handle,GhostSentinel,SRC_005462,2026-11-01T00:00:00Z,2026-09-01T00:00:00Z,0.59,duplicate_observation,
IDENT_005140,ACT_0027,handle,CrimsonWolf,SRC_001489,2024-07-28T01:12:14Z,2025-10-17T01:12:14Z,0.16,duplicate_observation,OBS_013585
IDENT_005141,ACT_0031,handle,StormMarrow37,SRC_000513,2025-03-10T19:36:25Z,2025-07-28T19:36:25Z,0.62,duplicate_observation,
IDENT_005142,ACT_0041,handle,RogueSpire80,SRC_005009,2024-12-29T19:31:51Z,2025-10-22T19:31:51Z,0.7,duplicate_observation,OBS_010031
IDENT_005143,ACT_0050,handle,FrostReaper,SRC_003560,2026-06-27T02:56:43Z,2026-09-01T00:00:00Z,0.24,duplicate_observation,
IDENT_005144,ACT_0013,handle,VectorPulse,SRC_003167,2026-07-23T09:25:01Z,2026-09-01T00:00:00Z,0.48,duplicate_observation,OBS_007787
IDENT_005145,ACT_0037,handle,VoidMoth,SRC_002180,2025-01-21T20:05:11Z,2025-08-02T20:05:11Z,0.36,duplicate_observation,
IDENT_005146,ACT_0052,handle,ZeroTrace,SRC_005690,2026-10-13T00:00:00Z,2026-09-01T00:00:00Z,0.2,duplicate_observation,OBS_009380
IDENT_005147,ACT_0046,handle,VectorSentinel,SRC_000029,2026-07-17T14:13:34Z,2026-09-01T00:00:00Z,0.26,duplicate_observation,OBS_009406
IDENT_005148,ACT_0024,handle,WraithSpire,SRC_002856,2025-08-25T00:47:04Z,2026-09-01T00:00:00Z,0.35,duplicate_observation,OBS_003688
IDENT_005149,ACT_0031,handle,WraithWarden,SRC_000523,2025-08-25T19:36:25Z,2026-03-11T19:36:25Z,0.37,duplicate_observation,
IDENT_005150,ACT_0045,handle,UmbraMarrow,SRC_000326,2025-05-01T07:17:31Z,2025-11-23T07:17:31Z,0.66,duplicate_observation,OBS_009820
IDENT_005151,ACT_0001,handle,SilentTrace,SRC_001147,2024-02-22T20:28:06Z,2024-12-11T20:28:06Z,0.39,duplicate_observation,OBS_001268
IDENT_005152,ACT_0042,handle,AshFox60,SRC_000939,2025-06-29T00:56:31Z,2025-10-28T00:56:31Z,0.31,duplicate_observation,
IDENT_005153,ACT_0056,handle,VoidNode,SRC_002495,2024-08-26T10:20:14Z,2025-03-19T10:20:14Z,0.16,duplicate_observation,OBS_003262
IDENT_005154,ACT_0052,handle,ZeroTrace,SRC_004611,2026-10-26T00:00:00Z,2026-09-01T00:00:00Z,0.5,duplicate_observation,OBS_003483
IDENT_005155,ACT_0010,handle,HavocSpire71,SRC_003270,2026-10-07T00:00:00Z,2026-09-01T00:00:00Z,0.33,duplicate_observation,OBS_001886
IDENT_005156,ACT_0056,handle,VoidCipher,SRC_003548,2026-10-14T00:00:00Z,2026-09-01T00:00:00Z,0.54,duplicate_observation,OBS_003753
IDENT_005157,ACT_0035,handle,BlackReaper60,SRC_001602,2026-11-15T00:00:00Z,2026-09-01T00:00:00Z,0.37,duplicate_observation,OBS_012944
IDENT_005158,ACT_0056,handle,AshShade20,SRC_001346,2026-04-30T10:20:14Z,2026-09-01T00:00:00Z,0.29,duplicate_observation,
IDENT_005159,ACT_0036,handle,TalonSpire,SRC_001139,2026-04-29T18:10:40Z,2026-09-01T00:00:00Z,0.1,duplicate_observation,
IDENT_005160,ACT_0022,handle,CrimsonVector47,SRC_002147,2024-03-16T11:56:59Z,2025-07-16T11:56:59Z,0.51,duplicate_observation,OBS_013636
IDENT_005161,ACT_0030,handle,CrimsonForge,SRC_004124,2024-06-16T21:36:22Z,2024-12-08T21:36:22Z,0.2,duplicate_observation,
IDENT_005162,ACT_0012,handle,ObsidianRoot49,SRC_002972,2024-12-20T10:37:19Z,2025-01-25T10:37:19Z,0.31,duplicate_observation,
IDENT_005163,ACT_0057,handle,DriftReaper,SRC_002655,2026-09-24T00:00:00Z,2026-09-01T00:00:00Z,0.15,duplicate_observation,OBS_006424
IDENT_005164,ACT_0051,handle,SilverGrid,SRC_001607,2026-11-02T00:00:00Z,2026-09-01T00:00:00Z,0.49,duplicate_observation,
IDENT_005165,ACT_0044,handle,SilentNode,SRC_003716,2026-09-30T18:00:37Z,2026-09-01T00:00:00Z,0.67,duplicate_observation,
IDENT_005166,ACT_0050,handle,CipherForge,SRC_004832,2026-10-25T00:00:00Z,2026-09-01T00:00:00Z,0.19,duplicate_observation,
IDENT_005167,ACT_0017,handle,ChromeSignal,SRC_001698,2024-12-16T11:28:43Z,2025-06-29T11:28:43Z,0.22,duplicate_observation,
IDENT_005168,ACT_0013,handle,VectorNode,SRC_001706,2026-10-19T00:00:00Z,2026-09-01T00:00:00Z,0.35,duplicate_observation,
IDENT_005169,ACT_0056,handle,NightCrow,SRC_003483,2025-04-10T10:20:14Z,2026-01-01T10:20:14Z,0.26,duplicate_observation,
IDENT_005170,ACT_0037,handle,AshMoth,SRC_000906,2024-09-12T20:05:11Z,2024-12-08T20:05:11Z,0.36,duplicate_observation,
IDENT_005171,ACT_0044,handle,NightSentinel32,SRC_003742,2026-03-26T18:00:37Z,2026-08-03T18:00:37Z,0.16,duplicate_observation,OBS_012848
IDENT_005172,ACT_0031,handle,RogueReaper,SRC_002199,2026-04-16T19:36:25Z,2026-09-01T00:00:00Z,0.45,duplicate_observation,OBS_013385
IDENT_005173,ACT_0049,handle,EmberSignal,SRC_001750,2026-06-08T01:19:15Z,2026-09-01T00:00:00Z,0.26,duplicate_observation,
IDENT_005174,ACT_0058,handle,DarkSignal,SRC_001307,2026-01-13T17:09:54Z,2026-09-01T00:00:00Z,0.34,duplicate_observation,OBS_009984
IDENT_005175,ACT_0006,handle,RogueRoot,SRC_002854,2025-09-24T08:56:39Z,2025-12-16T08:56:39Z,0.14,duplicate_observation,OBS_002110
IDENT_005176,ACT_0024,handle,WraithSpire,SRC_003223,2025-08-11T00:47:04Z,2026-08-22T00:47:04Z,0.3,duplicate_observation,OBS_005877
IDENT_005177,ACT_0059,handle,VectorHex,SRC_002677,2026-09-29T00:00:00Z,2026-09-01T00:00:00Z,0.5,duplicate_observation,OBS_001531
IDENT_005178,ACT_0040,handle,StormPulse,SRC_001175,2026-10-16T00:00:00Z,2026-09-01T00:00:00Z,0.66,duplicate_observation,
IDENT_005179,ACT_0003,handle,IronLedger,SRC_003391,2025-11-18T18:21:03Z,2026-09-01T00:00:00Z,0.56,duplicate_observation,OBS_001435
IDENT_005180,ACT_0015,handle,NullCipher,SRC_003659,2025-11-06T12:12:24Z,2026-09-01T00:00:00Z,0.16,duplicate_observation,
IDENT_005181,ACT_0060,handle,CipherEcho,SRC_001965,2026-04-14T22:48:45Z,2026-09-01T00:00:00Z,0.23,duplicate_observation,
IDENT_005182,ACT_0054,handle,DarkRunner,SRC_000483,2026-07-07T15:36:14Z,2026-09-01T00:00:00Z,0.15,duplicate_observation,OBS_008286
IDENT_005183,ACT_0025,handle,TalonEcho,SRC_005305,2026-10-04T00:00:00Z,2026-09-01T00:00:00Z,0.32,duplicate_observation,OBS_013500
IDENT_005184,ACT_0020,handle,BlackRoot71,SRC_003353,2025-11-14T15:43:16Z,2026-02-28T15:43:16Z,0.4,duplicate_observation,
IDENT_005185,ACT_0033,handle,TalonSentinel,SRC_004116,2025-08-09T01:20:48Z,2026-02-14T01:20:48Z,0.1,duplicate_observation,
IDENT_005186,ACT_0046,handle,WraithHarbor,SRC_002164,2026-10-27T00:00:00Z,2026-09-01T00:00:00Z,0.21,duplicate_observation,OBS_012886
IDENT_005187,ACT_0052,handle,StormHollow,SRC_000613,2026-03-28T08:12:20Z,2026-09-01T00:00:00Z,0.1,duplicate_observation,
IDENT_005188,ACT_0046,handle,PhantomGrid,SRC_005428,2026-01-23T14:13:34Z,2026-07-10T14:13:34Z,0.15,duplicate_observation,OBS_003914
IDENT_005189,ACT_0016,handle,PhantomHollow,SRC_005718,2025-03-24T15:47:40Z,2025-08-22T15:47:40Z,0.62,duplicate_observation,OBS_012669
IDENT_005190,ACT_0059,handle,FrostRunner37,SRC_005388,2026-10-14T00:00:00Z,2026-09-01T00:00:00Z,0.44,duplicate_observation,OBS_004612
IDENT_005191,ACT_0012,handle,ObsidianRoot49,SRC_001667,2024-12-22T10:37:19Z,2025-01-22T10:37:19Z,0.15,duplicate_observation,OBS_010864
IDENT_005192,ACT_0036,handle,OnyxHex,SRC_000816,2026-09-13T00:00:00Z,2026-09-01T00:00:00Z,0.1,duplicate_observation,OBS_010372
IDENT_005193,ACT_0006,handle,ShadowForge,SRC_003356,2024-02-23T08:56:39Z,2024-07-03T08:56:39Z,0.14,duplicate_observation,
IDENT_005194,ACT_0048,handle,CrimsonTrace,SRC_004049,2024-08-19T21:47:44Z,2025-11-08T21:47:44Z,0.29,duplicate_observation,
IDENT_005195,ACT_0005,handle,CipherHollow,SRC_005248,2026-09-21T00:00:00Z,2026-09-01T00:00:00Z,0.12,duplicate_observation,OBS_005590
IDENT_005196,ACT_0009,handle,CrimsonReaper,SRC_001216,2026-10-19T00:00:00Z,2026-09-01T00:00:00Z,0.55,duplicate_observation,OBS_006658
IDENT_005197,ACT_0020,handle,ZeroOrbit,SRC_005834,2026-03-19T15:43:16Z,2026-09-01T00:00:00Z,0.7,duplicate_observation,OBS_008192
IDENT_005198,ACT_0031,handle,StormMarrow37,SRC_005185,2025-03-07T19:36:25Z,2025-07-28T19:36:25Z,0.18,duplicate_observation,OBS_004578
IDENT_005199,ACT_0049,handle,EmberSignal,SRC_001166,2026-05-26T01:19:15Z,2026-09-01T00:00:00Z,0.25,duplicate_observation,
IDENT_005200,ACT_0033,handle,TalonSentinel,SRC_002712,2025-08-13T01:20:48Z,2026-02-17T01:20:48Z,0.24,duplicate_observation,OBS_002925
IDENT_005201,ACT_0040,wallet,WALLET_SYN_0001,SRC_004200,2024-10-01T00:00:00Z,2024-12-25T00:00:00Z,0.58,weak_attribution,
IDENT_005202,ACT_0055,wallet,WALLET_SYN_0004,SRC_003333,2025-05-10T00:00:00Z,2026-06-23T00:00:00Z,0.27,weak_attribution,
IDENT_005203,ACT_0057,wallet,WALLET_SYN_0009,SRC_001304,2024-02-04T00:00:00Z,2024-07-26T00:00:00Z,0.14,weak_attribution,
IDENT_005204,ACT_0014,wallet,WALLET_SYN_0010,SRC_001501,2026-03-28T00:00:00Z,2026-09-01T00:00:00Z,0.29,weak_attribution,
IDENT_005205,ACT_0030,wallet,WALLET_SYN_0012,SRC_005168,2024-12-20T00:00:00Z,2026-04-14T00:00:00Z,0.21,weak_attribution,
IDENT_005206,ACT_0033,wallet,WALLET_SYN_0013,SRC_004458,2024-01-02T00:00:00Z,2024-03-07T00:00:00Z,0.31,weak_attribution,
IDENT_005207,ACT_0046,wallet,WALLET_SYN_0018,SRC_000091,2025-01-31T00:00:00Z,2026-05-24T00:00:00Z,0.14,weak_attribution,
IDENT_005208,ACT_0031,wallet,WALLET_SYN_0020,SRC_001303,2024-08-30T00:00:00Z,2024-12-09T00:00:00Z,0.6,weak_attribution,
IDENT_005209,ACT_0060,wallet,WALLET_SYN_0021,SRC_001890,2024-06-23T00:00:00Z,2025-11-28T00:00:00Z,0.11,weak_attribution,
IDENT_005210,ACT_0046,wallet,WALLET_SYN_0024,SRC_004003,2025-10-02T00:00:00Z,2026-08-08T00:00:00Z,0.22,weak_attribution,
IDENT_005211,ACT_0034,wallet,WALLET_SYN_0026,SRC_003408,2026-03-07T00:00:00Z,2026-09-01T00:00:00Z,0.46,weak_attribution,
IDENT_005212,ACT_0024,wallet,WALLET_SYN_0030,SRC_005070,2024-05-05T00:00:00Z,2024-07-08T00:00:00Z,0.3,weak_attribution,
IDENT_005213,ACT_0047,wallet,WALLET_SYN_0031,SRC_004718,2025-01-22T00:00:00Z,2025-05-25T00:00:00Z,0.47,weak_attribution,
IDENT_005214,ACT_0030,wallet,WALLET_SYN_0033,SRC_004455,2025-02-08T00:00:00Z,2026-03-19T00:00:00Z,0.1,weak_attribution,
IDENT_005215,ACT_0047,wallet,WALLET_SYN_0035,SRC_003253,2024-05-14T00:00:00Z,2024-11-05T00:00:00Z,0.46,weak_attribution,
IDENT_005216,ACT_0002,wallet,WALLET_SYN_0037,SRC_005764,2025-06-16T00:00:00Z,2026-09-01T00:00:00Z,0.2,weak_attribution,
IDENT_005217,ACT_0055,wallet,WALLET_SYN_0038,SRC_000760,2024-07-02T00:00:00Z,2025-05-14T00:00:00Z,0.54,weak_attribution,
IDENT_005218,ACT_0060,wallet,WALLET_SYN_0039,SRC_005714,2024-11-25T00:00:00Z,2025-07-01T00:00:00Z,0.18,weak_attribution,
IDENT_005219,ACT_0003,wallet,WALLET_SYN_0040,SRC_005379,2025-03-09T00:00:00Z,2026-09-01T00:00:00Z,0.45,weak_attribution,
IDENT_005220,ACT_0059,wallet,WALLET_SYN_0041,SRC_004906,2026-01-02T00:00:00Z,2026-09-01T00:00:00Z,0.27,weak_attribution,
IDENT_005221,ACT_0011,wallet,WALLET_SYN_0049,SRC_000036,2024-01-30T00:00:00Z,2024-09-22T00:00:00Z,0.23,weak_attribution,
IDENT_005222,ACT_0023,wallet,WALLET_SYN_0056,SRC_004339,2024-07-28T00:00:00Z,2026-06-28T00:00:00Z,0.27,weak_attribution,
IDENT_005223,ACT_0048,wallet,WALLET_SYN_0058,SRC_001096,2025-05-08T00:00:00Z,2026-09-01T00:00:00Z,0.51,weak_attribution,
IDENT_005224,ACT_0009,wallet,WALLET_SYN_0060,SRC_001475,2024-06-24T00:00:00Z,2024-11-27T00:00:00Z,0.47,weak_attribution,
IDENT_005225,ACT_0017,wallet,WALLET_SYN_0062,SRC_005167,2024-03-30T00:00:00Z,2024-09-07T00:00:00Z,0.21,weak_attribution,
IDENT_005226,ACT_0057,wallet,WALLET_SYN_0063,SRC_002516,2025-09-05T00:00:00Z,2026-05-16T00:00:00Z,0.1,weak_attribution,
IDENT_005227,ACT_0048,wallet,WALLET_SYN_0068,SRC_004667,2024-07-23T00:00:00Z,2026-03-13T00:00:00Z,0.29,weak_attribution,
IDENT_005228,ACT_0004,wallet,WALLET_SYN_0069,SRC_004489,2025-03-15T00:00:00Z,2025-06-27T00:00:00Z,0.21,weak_attribution,
IDENT_005229,ACT_0011,wallet,WALLET_SYN_0070,SRC_001227,2024-06-22T00:00:00Z,2025-02-25T00:00:00Z,0.1,weak_attribution,
IDENT_005230,ACT_0004,wallet,WALLET_SYN_0071,SRC_004616,2025-05-30T00:00:00Z,2026-02-20T00:00:00Z,0.6,weak_attribution,
IDENT_005231,ACT_0024,wallet,WALLET_SYN_0073,SRC_001258,2025-04-08T00:00:00Z,2026-09-01T00:00:00Z,0.29,weak_attribution,
IDENT_005232,ACT_0015,wallet,WALLET_SYN_0075,SRC_004315,2026-04-11T00:00:00Z,2026-09-01T00:00:00Z,0.42,weak_attribution,
IDENT_005233,ACT_0029,wallet,WALLET_SYN_0077,SRC_004335,2025-12-04T00:00:00Z,2026-09-01T00:00:00Z,0.2,weak_attribution,
IDENT_005234,ACT_0013,wallet,WALLET_SYN_0080,SRC_000624,2025-11-18T00:00:00Z,2026-07-12T00:00:00Z,0.54,weak_attribution,
IDENT_005235,ACT_0015,wallet,WALLET_SYN_0081,SRC_000346,2025-11-17T00:00:00Z,2026-05-15T00:00:00Z,0.48,weak_attribution,
IDENT_005236,ACT_0009,wallet,WALLET_SYN_0082,SRC_000034,2026-01-11T00:00:00Z,2026-09-01T00:00:00Z,0.51,weak_attribution,
IDENT_005237,ACT_0009,wallet,WALLET_SYN_0083,SRC_000575,2025-01-15T00:00:00Z,2025-11-09T00:00:00Z,0.19,weak_attribution,
IDENT_005238,ACT_0023,wallet,WALLET_SYN_0085,SRC_001056,2025-02-19T00:00:00Z,2025-05-04T00:00:00Z,0.2,weak_attribution,
IDENT_005239,ACT_0033,wallet,WALLET_SYN_0086,SRC_000869,2025-06-13T00:00:00Z,2025-12-19T00:00:00Z,0.58,weak_attribution,
IDENT_005240,ACT_0049,wallet,WALLET_SYN_0087,SRC_003078,2026-01-26T00:00:00Z,2026-09-01T00:00:00Z,0.11,weak_attribution,
IDENT_005241,ACT_0042,wallet,WALLET_SYN_0088,SRC_001236,2025-05-27T00:00:00Z,2025-07-01T00:00:00Z,0.1,weak_attribution,
IDENT_005242,ACT_0055,wallet,WALLET_SYN_0089,SRC_000379,2024-11-03T00:00:00Z,2026-03-17T00:00:00Z,0.48,weak_attribution,
IDENT_005243,ACT_0021,wallet,WALLET_SYN_0096,SRC_001254,2024-07-09T00:00:00Z,2026-02-19T00:00:00Z,0.21,weak_attribution,
IDENT_005244,ACT_0033,wallet,WALLET_SYN_0097,SRC_001263,2026-03-23T00:00:00Z,2026-09-01T00:00:00Z,0.26,weak_attribution,
IDENT_005245,ACT_0043,wallet,WALLET_SYN_0098,SRC_002651,2024-04-01T00:00:00Z,2025-01-08T00:00:00Z,0.11,weak_attribution,
IDENT_005246,ACT_0026,wallet,WALLET_SYN_0099,SRC_002995,2025-10-24T00:00:00Z,2026-06-24T00:00:00Z,0.54,weak_attribution,
IDENT_005247,ACT_0004,wallet,WALLET_SYN_0102,SRC_001126,2024-09-15T00:00:00Z,2025-05-01T00:00:00Z,0.25,weak_attribution,
IDENT_005248,ACT_0022,wallet,WALLET_SYN_0105,SRC_000508,2024-03-23T00:00:00Z,2025-01-14T00:00:00Z,0.15,weak_attribution,
IDENT_005249,ACT_0018,wallet,WALLET_SYN_0106,SRC_005603,2026-02-13T00:00:00Z,2026-06-16T00:00:00Z,0.56,weak_attribution,
IDENT_005250,ACT_0010,wallet,WALLET_SYN_0107,SRC_001875,2026-05-17T00:00:00Z,2026-09-01T00:00:00Z,0.43,weak_attribution,
IDENT_005251,ACT_0006,wallet,WALLET_SYN_0113,SRC_002596,2025-07-15T00:00:00Z,2026-07-13T00:00:00Z,0.31,weak_attribution,
IDENT_005252,ACT_0051,wallet,WALLET_SYN_0115,SRC_002417,2025-01-06T00:00:00Z,2026-02-15T00:00:00Z,0.35,weak_attribution,
IDENT_005253,ACT_0044,wallet,WALLET_SYN_0117,SRC_005574,2024-01-10T00:00:00Z,2024-07-30T00:00:00Z,0.2,weak_attribution,
IDENT_005254,ACT_0036,wallet,WALLET_SYN_0118,SRC_000708,2025-02-19T00:00:00Z,2025-12-10T00:00:00Z,0.37,weak_attribution,
IDENT_005255,ACT_0027,wallet,WALLET_SYN_0119,SRC_005759,2025-05-10T00:00:00Z,2026-01-23T00:00:00Z,0.31,weak_attribution,
IDENT_005256,ACT_0025,wallet,WALLET_SYN_0121,SRC_001513,2024-02-19T00:00:00Z,2025-02-17T00:00:00Z,0.34,weak_attribution,
IDENT_005257,ACT_0029,wallet,WALLET_SYN_0122,SRC_002139,2026-01-04T00:00:00Z,2026-09-01T00:00:00Z,0.5,weak_attribution,
IDENT_005258,ACT_0016,wallet,WALLET_SYN_0124,SRC_005605,2025-01-08T00:00:00Z,2026-04-24T00:00:00Z,0.38,weak_attribution,
IDENT_005259,ACT_0043,wallet,WALLET_SYN_0125,SRC_003900,2025-11-25T00:00:00Z,2026-09-01T00:00:00Z,0.15,weak_attribution,
IDENT_005260,ACT_0050,wallet,WALLET_SYN_0126,SRC_004759,2025-10-26T00:00:00Z,2025-11-30T00:00:00Z,0.16,weak_attribution,
IDENT_005261,ACT_0010,wallet,WALLET_SYN_0127,SRC_005685,2026-05-11T00:00:00Z,2026-09-01T00:00:00Z,0.1,weak_attribution,
IDENT_005262,ACT_0049,wallet,WALLET_SYN_0128,SRC_005372,2025-05-07T00:00:00Z,2026-03-07T00:00:00Z,0.24,weak_attribution,
IDENT_005263,ACT_0004,wallet,WALLET_SYN_0129,SRC_000497,2024-04-26T00:00:00Z,2025-10-27T00:00:00Z,0.1,weak_attribution,
IDENT_005264,ACT_0029,wallet,WALLET_SYN_0130,SRC_003968,2025-12-09T00:00:00Z,2026-05-07T00:00:00Z,0.55,weak_attribution,
IDENT_005265,ACT_0042,wallet,WALLET_SYN_0131,SRC_000554,2025-04-07T00:00:00Z,2025-12-07T00:00:00Z,0.19,weak_attribution,
IDENT_005266,ACT_0053,wallet,WALLET_SYN_0135,SRC_004990,2025-12-27T00:00:00Z,2026-09-01T00:00:00Z,0.6,weak_attribution,
IDENT_005267,ACT_0031,wallet,WALLET_SYN_0138,SRC_002158,2024-02-28T00:00:00Z,2025-01-18T00:00:00Z,0.35,weak_attribution,
IDENT_005268,ACT_0015,wallet,WALLET_SYN_0140,SRC_001405,2026-05-11T00:00:00Z,2026-09-01T00:00:00Z,0.1,weak_attribution,
IDENT_005269,ACT_0059,wallet,WALLET_SYN_0141,SRC_002567,2026-04-16T00:00:00Z,2026-06-01T00:00:00Z,0.28,weak_attribution,
IDENT_005270,ACT_0023,wallet,WALLET_SYN_0142,SRC_001713,2025-06-05T00:00:00Z,2026-03-11T00:00:00Z,0.12,weak_attribution,
IDENT_005271,ACT_0038,wallet,WALLET_SYN_0147,SRC_002809,2024-04-29T00:00:00Z,2026-03-24T00:00:00Z,0.39,weak_attribution,
IDENT_005272,ACT_0054,wallet,WALLET_SYN_0148,SRC_001886,2025-04-14T00:00:00Z,2025-08-26T00:00:00Z,0.1,weak_attribution,
IDENT_005273,ACT_0015,wallet,WALLET_SYN_0149,SRC_001143,2025-12-12T00:00:00Z,2026-09-01T00:00:00Z,0.19,weak_attribution,
IDENT_005274,ACT_0058,wallet,WALLET_SYN_0151,SRC_004323,2024-02-26T00:00:00Z,2024-06-13T00:00:00Z,0.42,weak_attribution,
IDENT_005275,ACT_0010,wallet,WALLET_SYN_0154,SRC_001561,2024-05-17T00:00:00Z,2025-11-15T00:00:00Z,0.31,weak_attribution,
IDENT_005276,ACT_0006,wallet,WALLET_SYN_0155,SRC_005846,2024-09-28T00:00:00Z,2026-04-23T00:00:00Z,0.43,weak_attribution,
IDENT_005277,ACT_0003,wallet,WALLET_SYN_0157,SRC_004263,2025-11-29T00:00:00Z,2026-09-01T00:00:00Z,0.36,weak_attribution,
IDENT_005278,ACT_0049,wallet,WALLET_SYN_0158,SRC_000663,2024-10-03T00:00:00Z,2026-01-14T00:00:00Z,0.52,weak_attribution,
IDENT_005279,ACT_0044,wallet,WALLET_SYN_0161,SRC_004607,2025-04-11T00:00:00Z,2025-09-16T00:00:00Z,0.23,weak_attribution,
IDENT_005280,ACT_0007,wallet,WALLET_SYN_0162,SRC_004832,2024-01-26T00:00:00Z,2025-02-16T00:00:00Z,0.59,weak_attribution,
IDENT_005281,ACT_0053,wallet,WALLET_SYN_0166,SRC_001537,2026-02-15T00:00:00Z,2026-09-01T00:00:00Z,0.6,weak_attribution,
IDENT_005282,ACT_0060,wallet,WALLET_SYN_0169,SRC_001994,2024-09-28T00:00:00Z,2025-10-07T00:00:00Z,0.38,weak_attribution,
IDENT_005283,ACT_0004,wallet,WALLET_SYN_0175,SRC_000111,2026-03-16T00:00:00Z,2026-09-01T00:00:00Z,0.6,weak_attribution,
IDENT_005284,ACT_0050,wallet,WALLET_SYN_0179,SRC_005435,2024-06-17T00:00:00Z,2024-11-19T00:00:00Z,0.35,weak_attribution,
IDENT_005285,ACT_0031,wallet,WALLET_SYN_0181,SRC_003462,2026-01-06T00:00:00Z,2026-09-01T00:00:00Z,0.42,weak_attribution,
IDENT_005286,ACT_0059,wallet,WALLET_SYN_0182,SRC_001308,2025-12-23T00:00:00Z,2026-06-28T00:00:00Z,0.44,weak_attribution,
IDENT_005287,ACT_0026,wallet,WALLET_SYN_0184,SRC_001757,2025-03-10T00:00:00Z,2026-03-12T00:00:00Z,0.33,weak_attribution,
IDENT_005288,ACT_0036,wallet,WALLET_SYN_0185,SRC_004379,2024-03-20T00:00:00Z,2025-06-14T00:00:00Z,0.59,weak_attribution,
IDENT_005289,ACT_0021,wallet,WALLET_SYN_0190,SRC_005298,2025-02-19T00:00:00Z,2026-07-13T00:00:00Z,0.1,weak_attribution,
IDENT_005290,ACT_0017,wallet,WALLET_SYN_0192,SRC_005634,2025-03-26T00:00:00Z,2025-07-17T00:00:00Z,0.58,weak_attribution,
IDENT_005291,ACT_0016,wallet,WALLET_SYN_0193,SRC_005651,2025-04-27T00:00:00Z,2026-09-01T00:00:00Z,0.16,weak_attribution,
IDENT_005292,ACT_0004,wallet,WALLET_SYN_0195,SRC_005333,2025-01-31T00:00:00Z,2025-10-13T00:00:00Z,0.48,weak_attribution,
IDENT_005293,ACT_0025,wallet,WALLET_SYN_0196,SRC_003414,2025-03-12T00:00:00Z,2025-08-01T00:00:00Z,0.52,weak_attribution,
IDENT_005294,ACT_0027,wallet,WALLET_SYN_0198,SRC_004652,2024-03-22T00:00:00Z,2025-02-23T00:00:00Z,0.42,weak_attribution,
IDENT_005295,ACT_0010,wallet,WALLET_SYN_0199,SRC_004384,2024-11-09T00:00:00Z,2026-05-09T00:00:00Z,0.26,weak_attribution,
IDENT_005296,ACT_0053,wallet,WALLET_SYN_0200,SRC_002692,2024-04-30T00:00:00Z,2025-12-03T00:00:00Z,0.34,weak_attribution,
IDENT_005297,ACT_0059,wallet,WALLET_SYN_0203,SRC_003474,2025-01-29T00:00:00Z,2026-09-01T00:00:00Z,0.44,weak_attribution,
IDENT_005298,ACT_0012,wallet,WALLET_SYN_0205,SRC_005214,2024-10-08T00:00:00Z,2025-04-16T00:00:00Z,0.29,weak_attribution,
IDENT_005299,ACT_0013,wallet,WALLET_SYN_0207,SRC_002249,2025-07-02T00:00:00Z,2026-09-01T00:00:00Z,0.29,weak_attribution,
IDENT_005300,ACT_0035,wallet,WALLET_SYN_0208,SRC_005842,2026-01-19T00:00:00Z,2026-02-20T00:00:00Z,0.2,weak_attribution,
IDENT_005301,ACT_0022,wallet,WALLET_SYN_0209,SRC_003975,2025-04-03T00:00:00Z,2025-11-02T00:00:00Z,0.42,weak_attribution,
IDENT_005302,ACT_0042,wallet,WALLET_SYN_0211,SRC_002765,2025-03-27T00:00:00Z,2025-10-19T00:00:00Z,0.42,weak_attribution,
IDENT_005303,ACT_0024,wallet,WALLET_SYN_0214,SRC_005438,2024-07-21T00:00:00Z,2025-09-20T00:00:00Z,0.6,weak_attribution,
IDENT_005304,ACT_0043,wallet,WALLET_SYN_0215,SRC_004535,2025-10-02T00:00:00Z,2026-09-01T00:00:00Z,0.54,weak_attribution,
IDENT_005305,ACT_0013,wallet,WALLET_SYN_0216,SRC_003841,2025-06-28T00:00:00Z,2026-05-02T00:00:00Z,0.48,weak_attribution,
IDENT_005306,ACT_0031,wallet,WALLET_SYN_0217,SRC_002720,2024-04-06T00:00:00Z,2024-09-08T00:00:00Z,0.33,weak_attribution,
IDENT_005307,ACT_0015,wallet,WALLET_SYN_0218,SRC_000219,2025-03-06T00:00:00Z,2026-06-16T00:00:00Z,0.54,weak_attribution,
